"","pedigree","female","male","env","blue"
"1","A01021/R01302","A01021","R01302","19CS",144.78
"2","A01021/R02107","A01021","R02107","19CS",152.4
"3","A01021/R05425","A01021","R05425","19CS",181.61
"4","A01021/R07178","A01021","R07178","19CS",147.32
"5","A01021/R11158","A01021","R11158","19CS",158.75
"6","A01021/R12145","A01021","R12145","19CS",133.35
"7","A01021/RTx2917","A01021","RTx2917","19CS",139.7
"8","A01021/RTx2935","A01021","RTx2935","19CS",144.78
"9","A01021/RTx2943","A01021","RTx2943","19CS",153.67
"10","A01046/R04104","A01046","R04104","19CS",128.27
"11","A01046/R05386","A01046","R05386","19CS",119.38
"12","A01046/R05512","A01046","R05512","19CS",130.81
"13","A01046/R11208","A01046","R11208","19CS",124.46
"14","A01046/R12156","A01046","R12156","19CS",125.73
"15","A01046/RTx2914","A01046","RTx2914","19CS",134.62
"16","A01046/RTx2935","A01046","RTx2935","19CS",134.62
"17","A01362/R04060","A01362","R04060","19CS",133.35
"18","A01362/R05330","A01362","R05330","19CS",148.59
"19","A01362/R05512","A01362","R05512","19CS",139.7
"20","A01362/R07178","A01362","R07178","19CS",127
"21","A01362/R08304","A01362","R08304","19CS",139.7
"22","A01362/R12145","A01362","R12145","19CS",135.89
"23","A01362/RTx2912","A01362","RTx2912","19CS",129.54
"24","A01362/RTx2914","A01362","RTx2914","19CS",137.16
"25","A01362/RTx2919","A01362","RTx2919","19CS",128.27
"26","A01362/RTx2937","A01362","RTx2937","19CS",127
"27","A01362/RTx2943","A01362","RTx2943","19CS",149.86
"28","A03017/R04060","A03017","R04060","19CS",138.43
"29","A03017/R04104","A03017","R04104","19CS",130.81
"30","A03017/RTx2918","A03017","RTx2918","19CS",130.81
"31","A03017/RTx2920","A03017","RTx2920","19CS",129.54
"32","A03032/R04060","A03032","R04060","19CS",120.65
"33","A03032/R08297","A03032","R08297","19CS",111.76
"34","A03032/RTx2913","A03032","RTx2913","19CS",138.43
"35","A03032/RTx2918","A03032","RTx2918","19CS",114.3
"36","A03032/RTx2942","A03032","RTx2942","19CS",127
"37","A03032/RTx2943","A03032","RTx2943","19CS",125.73
"38","A03040/R03248","A03040","R03248","19CS",144.78
"39","A03040/R04104","A03040","R04104","19CS",140.97
"40","A03040/R05393","A03040","R05393","19CS",144.78
"41","A03040/R07178","A03040","R07178","19CS",149.86
"42","A03040/R08306","A03040","R08306","19CS",142.24
"43","A03040/R12071","A03040","R12071","19CS",135.89
"44","A03040/R12154","A03040","R12154","19CS",146.05
"45","A03040/RTx2913","A03040","RTx2913","19CS",158.75
"46","A03040/RTx2917","A03040","RTx2917","19CS",146.05
"47","A03040/RTx2940","A03040","RTx2940","19CS",123.19
"48","A03040/RTx2942","A03040","RTx2942","19CS",142.24
"49","A03043/R01302","A03043","R01302","19CS",137.16
"50","A03043/R04104","A03043","R04104","19CS",132.08
"51","A03043/R05330","A03043","R05330","19CS",135.89
"52","A03043/R05386","A03043","R05386","19CS",127
"53","A03043/R05425","A03043","R05425","19CS",130.81
"54","A03043/R08297","A03043","R08297","19CS",137.16
"55","A03043/R08304","A03043","R08304","19CS",123.19
"56","A03043/R12148","A03043","R12148","19CS",130.81
"57","A03043/RTx2913","A03043","RTx2913","19CS",135.89
"58","A03043/RTx2920","A03043","RTx2920","19CS",123.19
"59","A03043/RTx2940","A03043","RTx2940","19CS",125.73
"60","A03054/R01302","A03054","R01302","19CS",121.92
"61","A03054/R05405","A03054","R05405","19CS",135.89
"62","A03054/R07161","A03054","R07161","19CS",138.43
"63","A03054/R12156","A03054","R12156","19CS",118.11
"64","A03054/RTx2918","A03054","RTx2918","19CS",120.65
"65","A03054/RTx2936","A03054","RTx2936","19CS",130.81
"66","A03054/RTx2940","A03054","RTx2940","19CS",118.11
"67","A03054/RTx2941","A03054","RTx2941","19CS",132.08
"68","A03055/R04104","A03055","R04104","19CS",124.46
"69","A03055/R05330","A03055","R05330","19CS",162.56
"70","A03055/R07161","A03055","R07161","19CS",148.59
"71","A03055/R08297","A03055","R08297","19CS",137.16
"72","A03055/R12148","A03055","R12148","19CS",129.54
"73","A03055/RTx2918","A03055","RTx2918","19CS",148.59
"74","A03055/RTx2936","A03055","RTx2936","19CS",143.51
"75","A03055/RTx2942","A03055","RTx2942","19CS",134.62
"76","A03055/RTx2943","A03055","RTx2943","19CS",144.78
"77","A03055/RTx2944","A03055","RTx2944","19CS",143.51
"78","A03089/R04104","A03089","R04104","19CS",128.27
"79","A03089/R05393","A03089","R05393","19CS",148.59
"80","A03089/R08224","A03089","R08224","19CS",179.07
"81","A03089/R12157","A03089","R12157","19CS",138.43
"82","A03089/RTx2914","A03089","RTx2914","19CS",148.59
"83","A03089/RTx2917","A03089","RTx2917","19CS",130.81
"84","A03093/R02107","A03093","R02107","19CS",129.54
"85","A03093/R05386","A03093","R05386","19CS",130.81
"86","A03093/R05405","A03093","R05405","19CS",153.67
"87","A03093/R07178","A03093","R07178","19CS",133.35
"88","A03093/R08297","A03093","R08297","19CS",129.54
"89","A03093/R12148","A03093","R12148","19CS",143.51
"90","A03093/RTx2913","A03093","RTx2913","19CS",148.59
"91","A03093/RTx2917","A03093","RTx2917","19CS",125.73
"92","A03093/RTx2920","A03093","RTx2920","19CS",130.81
"93","A03093/RTx2940","A03093","RTx2940","19CS",123.19
"94","A03093/RTx2944","A03093","RTx2944","19CS",133.35
"95","A03121/R02107","A03121","R02107","19CS",142.24
"96","A03121/R05330","A03121","R05330","19CS",144.78
"97","A03121/R05425","A03121","R05425","19CS",142.24
"98","A03121/R07178","A03121","R07178","19CS",138.43
"99","A03121/R08224","A03121","R08224","19CS",170.18
"100","A03121/R08303","A03121","R08303","19CS",115.57
"101","A03121/R12157","A03121","R12157","19CS",128.27
"102","A03121/RTx2913","A03121","RTx2913","19CS",138.43
"103","A03121/RTx2919","A03121","RTx2919","19CS",130.81
"104","A03121/RTx2935","A03121","RTx2935","19CS",123.19
"105","A03121/RTx2944","A03121","RTx2944","19CS",127
"106","A05071/R02107","A05071","R02107","19CS",138.43
"107","A05071/R04060","A05071","R04060","19CS",144.78
"108","A05071/R05330","A05071","R05330","19CS",124.46
"109","A05071/R05405","A05071","R05405","19CS",162.56
"110","A05071/R05425","A05071","R05425","19CS",167.64
"111","A05071/R08297","A05071","R08297","19CS",134.62
"112","A05071/R11158","A05071","R11158","19CS",151.13
"113","A05071/R12154","A05071","R12154","19CS",147.32
"114","A05071/RTx2916","A05071","RTx2916","19CS",144.78
"115","A05071/RTx2918","A05071","RTx2918","19CS",137.16
"116","A05071/RTx2936","A05071","RTx2936","19CS",154.94
"117","A05071/RTx2942","A05071","RTx2942","19CS",142.24
"118","A05210/R03248","A05210","R03248","19CS",151.13
"119","A05210/R05330","A05210","R05330","19CS",163.83
"120","A05210/R05405","A05210","R05405","19CS",177.8
"121","A05210/R05512","A05210","R05512","19CS",160.02
"122","A05210/R08224","A05210","R08224","19CS",187.96
"123","A05210/R12145","A05210","R12145","19CS",149.86
"124","A05210/R12154","A05210","R12154","19CS",172.72
"125","A05210/R12157","A05210","R12157","19CS",151.13
"126","A05210/RTx2937","A05210","RTx2937","19CS",138.43
"127","A05210/RTx2938","A05210","RTx2938","19CS",148.59
"128","A05210/RTx2943","A05210","RTx2943","19CS",167.64
"129","A05269/R01302","A05269","R01302","19CS",143.51
"130","A05269/R05330","A05269","R05330","19CS",163.83
"131","A05269/R07161","A05269","R07161","19CS",162.56
"132","A05269/R08303","A05269","R08303","19CS",142.24
"133","A05269/R08306","A05269","R08306","19CS",144.78
"134","A05269/R11208","A05269","R11208","19CS",123.19
"135","A05269/R12156","A05269","R12156","19CS",133.35
"136","A05269/RTx2919","A05269","RTx2919","19CS",140.97
"137","A05269/RTx2936","A05269","RTx2936","19CS",152.4
"138","A05269/RTx2943","A05269","RTx2943","19CS",151.13
"139","A05269/RTx2944","A05269","RTx2944","19CS",139.7
"140","A06035/R03248","A06035","R03248","19CS",130.81
"141","A06035/R05330","A06035","R05330","19CS",142.24
"142","A06035/R12154","A06035","R12154","19CS",140.97
"143","A06035/RTx2913","A06035","RTx2913","19CS",135.89
"144","A06035/RTx2917","A06035","RTx2917","19CS",129.54
"145","A06035/RTx2920","A06035","RTx2920","19CS",123.19
"146","A06035/RTx2936","A06035","RTx2936","19CS",146.05
"147","A06035/RTx2943","A06035","RTx2943","19CS",139.7
"148","A06036/R04104","A06036","R04104","19CS",121.92
"149","A06036/R08306","A06036","R08306","19CS",133.35
"150","A06036/R11158","A06036","R11158","19CS",129.54
"151","A06036/R12156","A06036","R12156","19CS",124.46
"152","A06036/RTx2919","A06036","RTx2919","19CS",132.08
"153","A06036/RTx2940","A06036","RTx2940","19CS",133.35
"154","A07118/R07161","A07118","R07161","19CS",128.27
"155","A07118/R08224","A07118","R08224","19CS",144.78
"156","A07118/R08304","A07118","R08304","19CS",146.05
"157","A07118/R12145","A07118","R12145","19CS",120.65
"158","A07118/R12148","A07118","R12148","19CS",144.78
"159","A07118/R12157","A07118","R12157","19CS",123.19
"160","A07118/RTx2919","A07118","RTx2919","19CS",132.08
"161","A07118/RTx2944","A07118","RTx2944","19CS",140.97
"162","A07124/R01302","A07124","R01302","19CS",151.13
"163","A07124/R04060","A07124","R04060","19CS",138.43
"164","A07124/R05330","A07124","R05330","19CS",152.4
"165","A07124/R05425","A07124","R05425","19CS",171.45
"166","A07124/R07178","A07124","R07178","19CS",132.08
"167","A07124/R11158","A07124","R11158","19CS",158.75
"168","A07124/R11208","A07124","R11208","19CS",128.27
"169","A07124/RTx2917","A07124","RTx2917","19CS",130.81
"170","A07124/RTx2919","A07124","RTx2919","19CS",139.7
"171","A07124/RTx2935","A07124","RTx2935","19CS",142.24
"172","A07124/RTx2943","A07124","RTx2943","19CS",154.94
"173","A08068/R03248","A08068","R03248","19CS",134.62
"174","A08068/R07161","A08068","R07161","19CS",153.67
"175","A08068/R11158","A08068","R11158","19CS",146.05
"176","A08068/R12156","A08068","R12156","19CS",125.73
"177","A08068/RTx2919","A08068","RTx2919","19CS",133.35
"178","A08068/RTx2941","A08068","RTx2941","19CS",137.16
"179","A08134/R02107","A08134","R02107","19CS",140.97
"180","A08134/R04060","A08134","R04060","19CS",137.16
"181","A08134/R05405","A08134","R05405","19CS",182.88
"182","A08134/R07178","A08134","R07178","19CS",132.08
"183","A08134/R08297","A08134","R08297","19CS",137.16
"184","A08134/R11158","A08134","R11158","19CS",156.21
"185","A08134/R12148","A08134","R12148","19CS",153.67
"186","A08134/RTx2918","A08134","RTx2918","19CS",147.32
"187","A08134/RTx2936","A08134","RTx2936","19CS",163.83
"188","A08134/RTx2940","A08134","RTx2940","19CS",143.51
"189","A08134/RTx2943","A08134","RTx2943","19CS",167.64
"190","A08140/R04060","A08140","R04060","19CS",148.59
"191","A08140/R04104","A08140","R04104","19CS",130.81
"192","A08140/R05386","A08140","R05386","19CS",138.43
"193","A08140/R07178","A08140","R07178","19CS",139.7
"194","A08140/R08303","A08140","R08303","19CS",129.54
"195","A08140/R12148","A08140","R12148","19CS",151.13
"196","A08140/R12156","A08140","R12156","19CS",134.62
"197","A08140/RTx2942","A08140","RTx2942","19CS",142.24
"198","A08158/R01302","A08158","R01302","19CS",146.05
"199","A08158/R03248","A08158","R03248","19CS",146.05
"200","A08158/R05330","A08158","R05330","19CS",157.48
"201","A08158/R07178","A08158","R07178","19CS",149.86
"202","A08158/R08224","A08158","R08224","19CS",171.45
"203","A08158/R12071","A08158","R12071","19CS",142.24
"204","A08158/R12145","A08158","R12145","19CS",133.35
"205","A08158/R12154","A08158","R12154","19CS",151.13
"206","A08158/RTx2912","A08158","RTx2912","19CS",147.32
"207","A08158/RTx2914","A08158","RTx2914","19CS",146.05
"208","A08158/RTx2917","A08158","RTx2917","19CS",138.43
"209","A08158/RTx2939","A08158","RTx2939","19CS",168.91
"210","A11076/R04060","A11076","R04060","19CS",133.35
"211","A11076/R07178","A11076","R07178","19CS",138.43
"212","A11076/R08297","A11076","R08297","19CS",128.27
"213","A11076/R12148","A11076","R12148","19CS",124.46
"214","A11076/R12154","A11076","R12154","19CS",144.78
"215","A11076/RTx2918","A11076","RTx2918","19CS",135.89
"216","A11076/RTx2938","A11076","RTx2938","19CS",137.16
"217","A11076/RTx2940","A11076","RTx2940","19CS",135.89
"218","A11085/R02107","A11085","R02107","19CS",143.51
"219","A11085/R03248","A11085","R03248","19CS",133.35
"220","A11085/R04104","A11085","R04104","19CS",124.46
"221","A11085/R07178","A11085","R07178","19CS",133.35
"222","A11085/R12148","A11085","R12148","19CS",138.43
"223","A11085/RTx2942","A11085","RTx2942","19CS",138.43
"224","A11085/RTx2944","A11085","RTx2944","19CS",143.51
"225","AHF14/R07161","AHF14","R07161","19CS",147.32
"226","AHF14/RTx2943","AHF14","RTx2943","19CS",138.43
"227","AKS116/R02107","AKS116","R02107","19CS",138.43
"228","AKS116/R08303","AKS116","R08303","19CS",137.16
"229","AKS116/R12154","AKS116","R12154","19CS",129.54
"230","AKS116/RTx2917","AKS116","RTx2917","19CS",128.27
"231","AKS116/RTx2920","AKS116","RTx2920","19CS",111.76
"232","AKS116/RTx2936","AKS116","RTx2936","19CS",152.4
"233","AKS116/RTx2940","AKS116","RTx2940","19CS",129.54
"234","AKS116/RTx2942","AKS116","RTx2942","19CS",123.19
"235","AKS116/RTx2944","AKS116","RTx2944","19CS",134.62
"236","AKS117/R01302","AKS117","R01302","19CS",120.65
"237","AKS117/R12148","AKS117","R12148","19CS",125.73
"238","AKS117/RTx2914","AKS117","RTx2914","19CS",142.24
"239","AKS117/RTx2942","AKS117","RTx2942","19CS",135.89
"240","AKS118/R08303","AKS118","R08303","19CS",134.62
"241","AKS118/R12156","AKS118","R12156","19CS",121.92
"242","AKS118/RTx2912","AKS118","RTx2912","19CS",146.05
"243","AKS118/RTx2916","AKS118","RTx2916","19CS",143.51
"244","AKS118/RTx2918","AKS118","RTx2918","19CS",128.27
"245","AKS118/RTx2935","AKS118","RTx2935","19CS",139.7
"246","AKS118/RTx2943","AKS118","RTx2943","19CS",146.05
"247","AKS119/R01302","AKS119","R01302","19CS",149.86
"248","AKS119/R05386","AKS119","R05386","19CS",130.81
"249","AKS119/R05393","AKS119","R05393","19CS",132.08
"250","AKS119/R05512","AKS119","R05512","19CS",160.02
"251","AKS119/R08304","AKS119","R08304","19CS",167.64
"252","AKS119/RTx2914","AKS119","RTx2914","19CS",154.94
"253","AKS119/RTx2918","AKS119","RTx2918","19CS",142.24
"254","AKS119/RTx2919","AKS119","RTx2919","19CS",143.51
"255","AKS120/R04060","AKS120","R04060","19CS",148.59
"256","AKS120/R05425","AKS120","R05425","19CS",167.64
"257","AKS120/R07161","AKS120","R07161","19CS",171.45
"258","AKS120/R08303","AKS120","R08303","19CS",149.86
"259","AKS120/R08306","AKS120","R08306","19CS",154.94
"260","AKS120/R12071","AKS120","R12071","19CS",149.86
"261","AKS120/RTx2918","AKS120","R12148","19CS",158.75
"262","AKS120/RTx2935","AKS120","RTx2935","19CS",162.56
"263","AKS120/RTx2942","AKS120","RTx2942","19CS",162.56
"264","AN263/R08224","AN263","R08224","19CS",143.51
"265","AN263/R11208","AN263","R11208","19CS",114.3
"266","AN263/R12148","AN263","R12148","19CS",139.7
"267","AN263/RTx2935","AN263","RTx2935","19CS",123.19
"268","AN263/RTx2936","AN263","RTx2936","19CS",129.54
"269","AN263/RTx2938","AN263","RTx2938","19CS",123.19
"270","AN268/R11158","AN268","R11158","19CS",124.46
"271","AN268/R12148","AN268","R12148","19CS",121.92
"272","AN268/R12154","AN268","R12154","19CS",115.57
"273","AN290/R02107","AN290","R02107","19CS",135.89
"274","AN290/R03248","AN290","R03248","19CS",139.7
"275","AN290/R05386","AN290","R05386","19CS",116.84
"276","AN290/R07161","AN290","R07161","19CS",144.78
"277","AN290/R12154","AN290","R12154","19CS",128.27
"278","AN290/RTx2917","AN290","RTx2917","19CS",116.84
"279","AN290/RTx2920","AN290","RTx2920","19CS",124.46
"280","AN290/RTx2942","AN290","RTx2942","19CS",132.08
"281","AN290/RTx2943","AN290","RTx2943","19CS",134.62
"282","ATx2921/R01302","ATx2921","R01302","19CS",148.59
"283","ATx2921/R05330","ATx2921","R05330","19CS",176.53
"284","ATx2921/R05405","ATx2921","R05405","19CS",163.83
"285","ATx2921/R07178","ATx2921","R07178","19CS",143.51
"286","ATx2921/R12145","ATx2921","R12145","19CS",138.43
"287","ATx2921/R12157","ATx2921","R12157","19CS",138.43
"288","ATx2921/RTx2914","ATx2921","RTx2914","19CS",152.4
"289","ATx2921/RTx2918","ATx2921","RTx2918","19CS",144.78
"290","ATx2923/R03248","ATx2923","R03248","19CS",140.97
"291","ATx2923/R04104","ATx2923","R04104","19CS",143.51
"292","ATx2923/R05330","ATx2923","R05330","19CS",148.59
"293","ATx2923/R05405","ATx2923","R05405","19CS",153.67
"294","ATx2923/R05425","ATx2923","R05425","19CS",149.86
"295","ATx2923/R08297","ATx2923","R08297","19CS",134.62
"296","ATx2923/R11158","ATx2923","R11158","19CS",146.05
"297","ATx2923/R11208","ATx2923","R11208","19CS",114.3
"298","ATx2923/R12145","ATx2923","R12145","19CS",132.08
"299","ATx2923/RTx2913","ATx2923","RTx2913","19CS",147.32
"300","ATx2923/RTx2917","ATx2923","RTx2917","19CS",128.27
"301","ATx2923/RTx2936","ATx2923","RTx2936","19CS",149.86
"302","ATx2924/R04060","ATx2924","R04060","19CS",140.97
"303","ATx2924/R05386","ATx2924","R05386","19CS",135.89
"304","ATx2924/R05393","ATx2924","R05393","19CS",142.24
"305","ATx2924/R05512","ATx2924","R05512","19CS",147.32
"306","ATx2924/R08224","ATx2924","R08224","19CS",171.45
"307","ATx2924/R11158","ATx2924","R11158","19CS",161.29
"308","ATx2924/R12145","ATx2924","R12145","19CS",142.24
"309","ATx2924/RTx2918","ATx2924","RTx2918","19CS",146.05
"310","ATx2924/RTx2920","ATx2924","RTx2920","19CS",134.62
"311","ATx2924/RTx2936","ATx2924","RTx2936","19CS",162.56
"312","ATx2924/RTx2940","ATx2924","RTx2940","19CS",133.35
"313","ATx2924/RTx2941","ATx2924","RTx2941","19CS",147.32
"314","ATx2926/R01302","ATx2926","R01302","19CS",147.32
"315","ATx2926/R05393","ATx2926","R05393","19CS",139.7
"316","ATx2926/R05405","ATx2926","R05405","19CS",167.64
"317","ATx2926/R07161","ATx2926","R07161","19CS",160.02
"318","ATx2926/R08297","ATx2926","R08297","19CS",142.24
"319","ATx2926/R08304","ATx2926","R08304","19CS",165.1
"320","ATx2926/R12154","ATx2926","R12154","19CS",130.81
"321","ATx2926/RTx2913","ATx2926","RTx2913","19CS",151.13
"322","ATx2926/RTx2917","ATx2926","RTx2917","19CS",138.43
"323","ATx2926/RTx2919","ATx2926","RTx2919","19CS",142.24
"324","ATx2926/RTx2944","ATx2926","RTx2944","19CS",154.94
"325","ATx2927/R12157","ATx2927","R12157","19CS",144.78
"326","ATx2927/RTx2936","ATx2927","RTx2936","19CS",151.13
"327","ATx2927/RTx2937","ATx2927","RTx2937","19CS",135.89
"328","ATx2930/R01302","ATx2930","R01302","19CS",160.02
"329","ATx2930/R02107","ATx2930","R02107","19CS",156.21
"330","ATx2930/R03248","ATx2930","R03248","19CS",139.7
"331","ATx2930/R05393","ATx2930","R05393","19CS",137.16
"332","ATx2930/R05425","ATx2930","R05425","19CS",167.64
"333","ATx2930/R07178","ATx2930","R07178","19CS",149.86
"334","ATx2930/R08303","ATx2930","R08303","19CS",138.43
"335","ATx2930/R11158","ATx2930","R11158","19CS",161.29
"336","ATx2930/R12148","ATx2930","R12148","19CS",146.05
"337","ATx2930/R12154","ATx2930","R12154","19CS",148.59
"338","ATx2930/RTx2920","ATx2930","RTx2920","19CS",133.35
"339","ATx2930/RTx2940","ATx2930","RTx2940","19CS",139.7
"340","ATx2930/RTx2942","ATx2930","RTx2942","19CS",140.97
"341","ATx2931/R01302","ATx2931","R01302","19CS",160.02
"342","ATx2931/R05405","ATx2931","R05405","19CS",128.27
"343","ATx2931/R07161","ATx2931","R07161","19CS",168.91
"344","ATx2931/R08297","ATx2931","R08297","19CS",160.02
"345","ATx2931/R08304","ATx2931","R08304","19CS",172.72
"346","ATx2931/R08306","ATx2931","R08306","19CS",156.21
"347","ATx2931/R11208","ATx2931","R11208","19CS",114.3
"348","ATx2931/RTx2936","ATx2931","RTx2936","19CS",166.37
"349","ATx2931/RTx2940","ATx2931","RTx2940","19CS",156.21
"350","ATx2931/RTx2943","ATx2931","RTx2943","19CS",166.37
"351","ATx2934/R05386","ATx2934","R05386","19CS",132.08
"352","ATx2934/R08297","ATx2934","R08297","19CS",123.19
"353","ATx2934/R11208","ATx2934","R11208","19CS",127
"354","ATx2934/R12157","ATx2934","R12157","19CS",130.81
"355","ATx2934/RTx2935","ATx2934","RTx2935","19CS",128.27
"356","ATx2934/RTx2941","ATx2934","RTx2941","19CS",137.16
"357","ATx3408/R05330","ATx3408","R05330","19CS",154.94
"358","ATx3408/R12145","ATx3408","R12145","19CS",142.24
"359","ATx3408/RTx2935","ATx3408","RTx2935","19CS",142.24
"360","ATx3409/R08224","ATx3409","R08224","19CS",127
"361","ATx644/R05330","ATx644","R05330","19CS",134.62
"362","ATx644/R08224","ATx644","R08224","19CS",172.72
"363","ATx644/RTx2935","ATx644","RTx2935","19CS",129.54
"364","ATx644/RTx2936","ATx644","RTx2936","19CS",139.7
"365","A01021/R02107","A01021","R02107","19TA",154.94
"366","A01021/R07178","A01021","R07178","19TA",152.4
"367","A01021/R12145","A01021","R12145","19TA",140.97
"368","A01021/RTx2935","A01021","RTx2935","19TA",151.13
"369","A01046/R05386","A01046","R05386","19TA",123.19
"370","A01046/R11208","A01046","R11208","19TA",125.73
"371","A01046/RTx2914","A01046","RTx2914","19TA",130.81
"372","A01362/R04060","A01362","R04060","19TA",139.7
"373","A01362/R05512","A01362","R05512","19TA",134.62
"374","A01362/R08304","A01362","R08304","19TA",137.16
"375","A01362/RTx2912","A01362","RTx2912","19TA",134.62
"376","A01362/RTx2919","A01362","RTx2919","19TA",135.89
"377","A01362/RTx2943","A01362","RTx2943","19TA",146.05
"378","A03017/R04104","A03017","R04104","19TA",130.81
"379","A03017/RTx2918","A03017","RTx2918","19TA",139.7
"380","A03032/R04060","A03032","R04060","19TA",127
"381","A03032/RTx2913","A03032","RTx2913","19TA",143.51
"382","A03032/RTx2942","A03032","RTx2942","19TA",130.81
"383","A03040/R04104","A03040","R04104","19TA",148.59
"384","A03040/R05393","A03040","R05393","19TA",147.32
"385","A03040/R08306","A03040","R08306","19TA",151.13
"386","A03040/R12071","A03040","R12071","19TA",152.4
"387","A03040/R12154","A03040","R12154","19TA",151.13
"388","A03040/RTx2917","A03040","RTx2917","19TA",146.05
"389","A03040/RTx2942","A03040","RTx2942","19TA",157.48
"390","A03043/R04104","A03043","R04104","19TA",133.35
"391","A03043/R05386","A03043","R05386","19TA",130.81
"392","A03043/R08297","A03043","R08297","19TA",137.16
"393","A03043/R12148","A03043","R12148","19TA",137.16
"394","A03043/RTx2920","A03043","RTx2920","19TA",137.16
"395","A03054/R05405","A03054","R05405","19TA",147.32
"396","A03054/R12156","A03054","R12156","19TA",123.19
"397","A03054/RTx2936","A03054","RTx2936","19TA",129.54
"398","A03054/RTx2941","A03054","RTx2941","19TA",129.54
"399","A03055/R05330","A03055","R05330","19TA",146.05
"400","A03055/R08297","A03055","R08297","19TA",130.81
"401","A03055/RTx2918","A03055","RTx2918","19TA",134.62
"402","A03055/RTx2942","A03055","RTx2942","19TA",147.32
"403","A03055/RTx2944","A03055","RTx2944","19TA",135.89
"404","A03089/R05393","A03089","R05393","19TA",149.86
"405","A03089/R12157","A03089","R12157","19TA",134.62
"406","A03089/RTx2917","A03089","RTx2917","19TA",144.78
"407","A03093/R02107","A03093","R02107","19TA",138.43
"408","A03093/R05405","A03093","R05405","19TA",158.75
"409","A03093/R08297","A03093","R08297","19TA",130.81
"410","A03093/RTx2913","A03093","RTx2913","19TA",147.32
"411","A03093/RTx2920","A03093","RTx2920","19TA",123.19
"412","A03093/RTx2944","A03093","RTx2944","19TA",121.92
"413","A03121/R05330","A03121","R05330","19TA",147.32
"414","A03121/R07178","A03121","R07178","19TA",135.89
"415","A03121/R08303","A03121","R08303","19TA",138.43
"416","A03121/RTx2913","A03121","RTx2913","19TA",151.13
"417","A03121/RTx2935","A03121","RTx2935","19TA",137.16
"418","A05071/R02107","A05071","R02107","19TA",139.7
"419","A05071/R05330","A05071","R05330","19TA",129.54
"420","A05071/R05425","A05071","R05425","19TA",134.62
"421","A05071/R11158","A05071","R11158","19TA",148.59
"422","A05071/RTx2936","A05071","RTx2936","19TA",135.89
"423","A05210/R03248","A05210","R03248","19TA",146.05
"424","A05210/R05405","A05210","R05405","19TA",173.99
"425","A05210/R08224","A05210","R08224","19TA",172.72
"426","A05210/R12154","A05210","R12154","19TA",158.75
"427","A05210/RTx2937","A05210","RTx2937","19TA",140.97
"428","A05210/RTx2943","A05210","RTx2943","19TA",161.29
"429","A05269/R05330","A05269","R05330","19TA",161.29
"430","A05269/R08303","A05269","R08303","19TA",138.43
"431","A05269/R11208","A05269","R11208","19TA",142.24
"432","A05269/RTx2919","A05269","RTx2919","19TA",147.32
"433","A05269/RTx2943","A05269","RTx2943","19TA",158.75
"434","A06035/R03248","A06035","R03248","19TA",137.16
"435","A06035/R12154","A06035","R12154","19TA",130.81
"436","A06035/RTx2917","A06035","RTx2917","19TA",133.35
"437","A06035/RTx2936","A06035","RTx2936","19TA",142.24
"438","A06036/R08306","A06036","R08306","19TA",148.59
"439","A06036/RTx2940","A06036","RTx2940","19TA",123.19
"440","A07118/R08224","A07118","R08224","19TA",156.21
"441","A07118/R12145","A07118","R12145","19TA",128.27
"442","A07118/R12157","A07118","R12157","19TA",130.81
"443","A07118/RTx2944","A07118","RTx2944","19TA",129.54
"444","A07124/R04060","A07124","R04060","19TA",137.16
"445","A07124/R05425","A07124","R05425","19TA",163.83
"446","A07124/R11158","A07124","R11158","19TA",138.43
"447","A07124/RTx2917","A07124","RTx2917","19TA",139.7
"448","A07124/RTx2935","A07124","RTx2935","19TA",140.97
"449","A08068/R03248","A08068","R03248","19TA",137.16
"450","A08068/R11158","A08068","R11158","19TA",148.59
"451","A08068/RTx2919","A08068","RTx2919","19TA",140.97
"452","A08134/R04060","A08134","R04060","19TA",146.05
"453","A08134/R07178","A08134","R07178","19TA",149.86
"454","A08134/R11158","A08134","R11158","19TA",153.67
"455","A08134/RTx2918","A08134","RTx2918","19TA",153.67
"456","A08134/RTx2940","A08134","RTx2940","19TA",135.89
"457","A08140/R04104","A08140","R04104","19TA",121.92
"458","A08140/R05386","A08140","R05386","19TA",137.16
"459","A08140/R08303","A08140","R08303","19TA",129.54
"460","A08140/R12156","A08140","R12156","19TA",129.54
"461","A08158/R01302","A08158","R01302","19TA",144.78
"462","A08158/R05330","A08158","R05330","19TA",153.67
"463","A08158/R08224","A08158","R08224","19TA",165.1
"464","A08158/R12145","A08158","R12145","19TA",143.51
"465","A08158/RTx2912","A08158","RTx2912","19TA",153.67
"466","A08158/RTx2917","A08158","RTx2917","19TA",147.32
"467","A11076/R04060","A11076","R04060","19TA",143.51
"468","A11076/R08297","A11076","R08297","19TA",139.7
"469","A11076/R12154","A11076","R12154","19TA",139.7
"470","A11076/RTx2918","A11076","RTx2918","19TA",139.7
"471","A11076/RTx2940","A11076","RTx2940","19TA",137.16
"472","A11085/R04104","A11085","R04104","19TA",137.16
"473","A11085/R07178","A11085","R07178","19TA",142.24
"474","A11085/RTx2942","A11085","RTx2942","19TA",146.05
"475","AKS116/R02107","AKS116","R02107","19TA",157.48
"476","AKS116/R12154","AKS116","R12154","19TA",138.43
"477","AKS116/RTx2920","AKS116","RTx2920","19TA",133.35
"478","AKS116/RTx2940","AKS116","RTx2940","19TA",149.86
"479","AKS116/RTx2944","AKS116","RTx2944","19TA",142.24
"480","AKS117/R12148","AKS117","R12148","19TA",144.78
"481","AKS118/R12156","AKS118","R12156","19TA",128.27
"482","AKS118/RTx2916","AKS118","RTx2916","19TA",139.7
"483","AKS118/RTx2935","AKS118","RTx2935","19TA",143.51
"484","AKS119/R05386","AKS119","R05386","19TA",133.35
"485","AKS119/R05512","AKS119","R05512","19TA",146.05
"486","AKS119/RTx2914","AKS119","RTx2914","19TA",156.21
"487","AKS119/RTx2919","AKS119","RTx2919","19TA",157.48
"488","AKS120/R04060","AKS120","R04060","19TA",152.4
"489","AKS120/R07161","AKS120","R07161","19TA",166.37
"490","AKS120/R08306","AKS120","R08306","19TA",157.48
"491","AKS120/R12148","AKS120","R12148","19TA",158.75
"492","AKS120/RTx2935","AKS120","RTx2935","19TA",158.75
"493","AKS120/RTx2944","AKS120","RTx2944","19TA",157.48
"494","AN263/R11208","AN263","R11208","19TA",114.3
"495","AN263/RTx2935","AN263","RTx2935","19TA",132.08
"496","AN263/RTx2938","AN263","RTx2938","19TA",116.84
"497","AN268/R12148","AN268","R12148","19TA",130.81
"498","AN290/R02107","AN290","R02107","19TA",135.89
"499","AN290/R05386","AN290","R05386","19TA",123.19
"500","AN290/R12154","AN290","R12154","19TA",133.35
"501","AN290/RTx2920","AN290","RTx2920","19TA",139.7
"502","AN290/RTx2943","AN290","RTx2943","19TA",140.97
"503","ATx2921/R05330","ATx2921","R05330","19TA",165.1
"504","ATx2921/R07178","ATx2921","R07178","19TA",149.86
"505","ATx2921/R12157","ATx2921","R12157","19TA",154.94
"506","ATx2921/RTx2918","ATx2921","RTx2918","19TA",149.86
"507","ATx2923/R03248","ATx2923","R03248","19TA",144.78
"508","ATx2923/R05405","ATx2923","R05405","19TA",163.83
"509","ATx2923/R08297","ATx2923","R08297","19TA",140.97
"510","ATx2923/R11208","ATx2923","R11208","19TA",132.08
"511","ATx2923/RTx2913","ATx2923","RTx2913","19TA",156.21
"512","ATx2923/RTx2936","ATx2923","RTx2936","19TA",152.4
"513","ATx2924/R05386","ATx2924","R05386","19TA",137.16
"514","ATx2924/R05512","ATx2924","R05512","19TA",149.86
"515","ATx2924/R11158","ATx2924","R11158","19TA",158.75
"516","ATx2924/RTx2918","ATx2924","RTx2918","19TA",149.86
"517","ATx2924/RTx2936","ATx2924","RTx2936","19TA",154.94
"518","ATx2924/RTx2941","ATx2924","RTx2941","19TA",152.4
"519","ATx2926/R05393","ATx2926","R05393","19TA",139.7
"520","ATx2926/R07161","ATx2926","R07161","19TA",160.02
"521","ATx2926/R08304","ATx2926","R08304","19TA",160.02
"522","ATx2926/RTx2913","ATx2926","RTx2913","19TA",154.94
"523","ATx2926/RTx2919","ATx2926","RTx2919","19TA",153.67
"524","ATx2927/R12157","ATx2927","R12157","19TA",149.86
"525","ATx2927/RTx2937","ATx2927","RTx2937","19TA",135.89
"526","ATx2930/R02107","ATx2930","R02107","19TA",154.94
"527","ATx2930/R05393","ATx2930","R05393","19TA",143.51
"528","ATx2930/R07178","ATx2930","R07178","19TA",151.13
"529","ATx2930/R11158","ATx2930","R11158","19TA",163.83
"530","ATx2930/R12154","ATx2930","R12154","19TA",146.05
"531","ATx2930/RTx2940","ATx2930","RTx2940","19TA",139.7
"532","ATx2931/R01302","ATx2931","R01302","19TA",162.56
"533","ATx2931/R07161","ATx2931","R07161","19TA",166.37
"534","ATx2931/R08304","ATx2931","R08304","19TA",167.64
"535","ATx2931/R11208","ATx2931","R11208","19TA",111.76
"536","ATx2931/RTx2940","ATx2931","RTx2940","19TA",152.4
"537","ATx2934/R05386","ATx2934","R05386","19TA",137.16
"538","ATx2934/R11208","ATx2934","R11208","19TA",115.57
"539","ATx2934/RTx2935","ATx2934","RTx2935","19TA",125.73
"540","ATx3408/R05330","ATx3408","R05330","19TA",162.56
"541","ATx3408/RTx2935","ATx3408","RTx2935","19TA",154.94
"542","ATx644/R05330","ATx644","R05330","19TA",146.05
"543","ATx644/RTx2935","ATx644","RTx2935","19TA",144.78
"544","A01021/R01302","A01021","R01302","20CS",144.78
"545","A01021/R02107","A01021","R02107","20CS",144.78
"546","A01021/R05425","A01021","R05425","20CS",167.64
"547","A01021/R07178","A01021","R07178","20CS",143.51
"548","A01021/R11158","A01021","R11158","20CS",158.75
"549","A01021/R12145","A01021","R12145","20CS",137.16
"550","A01021/RTx2917","A01021","RTx2917","20CS",144.78
"551","A01021/RTx2935","A01021","RTx2935","20CS",153.67
"552","A01021/RTx2943","A01021","RTx2943","20CS",156.21
"553","A01046/R04104","A01046","R04104","20CS",127
"554","A01046/R05386","A01046","R05386","20CS",124.46
"555","A01046/R05512","A01046","R05512","20CS",137.16
"556","A01046/R11208","A01046","R11208","20CS",119.38
"557","A01046/R12156","A01046","R12156","20CS",119.38
"558","A01046/RTx2914","A01046","RTx2914","20CS",127
"559","A01046/RTx2935","A01046","RTx2935","20CS",133.35
"560","A01362/R04060","A01362","R04060","20CS",125.73
"561","A01362/R05330","A01362","R05330","20CS",137.16
"562","A01362/R05512","A01362","R05512","20CS",120.65
"563","A01362/R07178","A01362","R07178","20CS",128.27
"564","A01362/R08304","A01362","R08304","20CS",138.43
"565","A01362/R12145","A01362","R12145","20CS",130.81
"566","A01362/RTx2912","A01362","RTx2912","20CS",119.38
"567","A01362/RTx2914","A01362","RTx2914","20CS",133.35
"568","A01362/RTx2919","A01362","RTx2919","20CS",133.35
"569","A01362/RTx2937","A01362","RTx2937","20CS",124.46
"570","A01362/RTx2943","A01362","RTx2943","20CS",133.35
"571","A03017/R04060","A03017","R04060","20CS",137.16
"572","A03017/R04104","A03017","R04104","20CS",132.08
"573","A03017/RTx2918","A03017","RTx2918","20CS",128.27
"574","A03017/RTx2920","A03017","RTx2920","20CS",129.54
"575","A03032/R04060","A03032","R04060","20CS",115.57
"576","A03032/R08297","A03032","R08297","20CS",113.03
"577","A03032/RTx2913","A03032","RTx2913","20CS",127
"578","A03032/RTx2918","A03032","RTx2918","20CS",113.03
"579","A03032/RTx2942","A03032","RTx2942","20CS",115.57
"580","A03032/RTx2943","A03032","RTx2943","20CS",138.43
"581","A03040/R03248","A03040","R03248","20CS",144.78
"582","A03040/R04104","A03040","R04104","20CS",139.7
"583","A03040/R05393","A03040","R05393","20CS",133.35
"584","A03040/R07178","A03040","R07178","20CS",142.24
"585","A03040/R08306","A03040","R08306","20CS",146.05
"586","A03040/R12071","A03040","R12071","20CS",133.35
"587","A03040/R12154","A03040","R12154","20CS",154.94
"588","A03040/RTx2913","A03040","RTx2913","20CS",156.21
"589","A03040/RTx2917","A03040","RTx2917","20CS",142.24
"590","A03040/RTx2940","A03040","RTx2940","20CS",138.43
"591","A03040/RTx2942","A03040","RTx2942","20CS",147.32
"592","A03043/R01302","A03043","R01302","20CS",140.97
"593","A03043/R04104","A03043","R04104","20CS",130.81
"594","A03043/R05330","A03043","R05330","20CS",146.05
"595","A03043/R05386","A03043","R05386","20CS",119.38
"596","A03043/R05425","A03043","R05425","20CS",137.16
"597","A03043/R08297","A03043","R08297","20CS",123.19
"598","A03043/R08304","A03043","R08304","20CS",134.62
"599","A03043/R12148","A03043","R12148","20CS",127
"600","A03043/RTx2913","A03043","RTx2913","20CS",138.43
"601","A03043/RTx2920","A03043","RTx2920","20CS",133.35
"602","A03043/RTx2940","A03043","RTx2940","20CS",138.43
"603","A03054/R01302","A03054","R01302","20CS",132.08
"604","A03054/R05405","A03054","R05405","20CS",134.62
"605","A03054/R07161","A03054","R07161","20CS",137.16
"606","A03054/R12156","A03054","R12156","20CS",123.19
"607","A03054/RTx2918","A03054","RTx2918","20CS",123.19
"608","A03054/RTx2936","A03054","RTx2936","20CS",125.73
"609","A03054/RTx2940","A03054","RTx2940","20CS",113.03
"610","A03054/RTx2941","A03054","RTx2941","20CS",118.11
"611","A03055/R04104","A03055","R04104","20CS",130.81
"612","A03055/R05330","A03055","R05330","20CS",147.32
"613","A03055/R07161","A03055","R07161","20CS",143.51
"614","A03055/R08297","A03055","R08297","20CS",129.54
"615","A03055/R12148","A03055","R12148","20CS",133.35
"616","A03055/RTx2918","A03055","RTx2918","20CS",135.89
"617","A03055/RTx2936","A03055","RTx2936","20CS",138.43
"618","A03055/RTx2942","A03055","RTx2942","20CS",130.81
"619","A03055/RTx2943","A03055","RTx2943","20CS",151.13
"620","A03055/RTx2944","A03055","RTx2944","20CS",135.89
"621","A03089/R04104","A03089","R04104","20CS",140.97
"622","A03089/R05393","A03089","R05393","20CS",118.11
"623","A03089/R08224","A03089","R08224","20CS",182.88
"624","A03089/R12157","A03089","R12157","20CS",124.46
"625","A03089/RTx2914","A03089","RTx2914","20CS",147.32
"626","A03089/RTx2917","A03089","RTx2917","20CS",127
"627","A03093/R02107","A03093","R02107","20CS",134.62
"628","A03093/R05386","A03093","R05386","20CS",124.46
"629","A03093/R05405","A03093","R05405","20CS",140.97
"630","A03093/R07178","A03093","R07178","20CS",135.89
"631","A03093/R08297","A03093","R08297","20CS",124.46
"632","A03093/R12148","A03093","R12148","20CS",134.62
"633","A03093/RTx2913","A03093","RTx2913","20CS",140.97
"634","A03093/RTx2917","A03093","RTx2917","20CS",134.62
"635","A03093/RTx2920","A03093","RTx2920","20CS",120.65
"636","A03093/RTx2940","A03093","RTx2940","20CS",130.81
"637","A03093/RTx2944","A03093","RTx2944","20CS",130.81
"638","A03121/R02107","A03121","R02107","20CS",133.35
"639","A03121/R05330","A03121","R05330","20CS",138.43
"640","A03121/R05425","A03121","R05425","20CS",147.32
"641","A03121/R07178","A03121","R07178","20CS",129.54
"642","A03121/R08224","A03121","R08224","20CS",167.64
"643","A03121/R08303","A03121","R08303","20CS",125.95917
"644","A03121/R12157","A03121","R12157","20CS",134.62
"645","A03121/RTx2913","A03121","RTx2913","20CS",138.43
"646","A03121/RTx2919","A03121","RTx2919","20CS",128.27
"647","A03121/RTx2935","A03121","RTx2935","20CS",124.46
"648","A03121/RTx2944","A03121","RTx2944","20CS",135.89
"649","A05071/R02107","A05071","R02107","20CS",134.62
"650","A05071/R04060","A05071","R04060","20CS",140.97
"651","A05071/R05330","A05071","R05330","20CS",119.38
"652","A05071/R05405","A05071","R05405","20CS",172.72
"653","A05071/R05425","A05071","R05425","20CS",153.67
"654","A05071/R08297","A05071","R08297","20CS",139.7
"655","A05071/R11158","A05071","R11158","20CS",148.59
"656","A05071/R12154","A05071","R12154","20CS",142.24
"657","A05071/RTx2916","A05071","RTx2916","20CS",147.32
"658","A05071/RTx2918","A05071","RTx2918","20CS",143.51
"659","A05071/RTx2936","A05071","RTx2936","20CS",134.62
"660","A05071/RTx2942","A05071","RTx2942","20CS",142.24
"661","A05210/R03248","A05210","R03248","20CS",134.62
"662","A05210/R05330","A05210","R05330","20CS",157.48
"663","A05210/R05405","A05210","R05405","20CS",172.72
"664","A05210/R05512","A05210","R05512","20CS",152.4
"665","A05210/R08224","A05210","R08224","20CS",167.64
"666","A05210/R12145","A05210","R12145","20CS",137.16
"667","A05210/R12154","A05210","R12154","20CS",160.02
"668","A05210/R12157","A05210","R12157","20CS",146.05
"669","A05210/RTx2937","A05210","RTx2937","20CS",134.62
"670","A05210/RTx2938","A05210","RTx2938","20CS",139.7
"671","A05210/RTx2943","A05210","RTx2943","20CS",146.05
"672","A05269/R01302","A05269","R01302","20CS",144.78
"673","A05269/R05330","A05269","R05330","20CS",151.13
"674","A05269/R07161","A05269","R07161","20CS",160.02
"675","A05269/R08303","A05269","R08303","20CS",133.35
"676","A05269/R08306","A05269","R08306","20CS",151.13
"677","A05269/R11208","A05269","R11208","20CS",130.81
"678","A05269/R12156","A05269","R12156","20CS",132.08
"679","A05269/RTx2919","A05269","RTx2919","20CS",133.35
"680","A05269/RTx2936","A05269","RTx2936","20CS",147.32
"681","A05269/RTx2943","A05269","RTx2943","20CS",144.78
"682","A05269/RTx2944","A05269","RTx2944","20CS",148.59
"683","A06035/R03248","A06035","R03248","20CS",121.92
"684","A06035/R05330","A06035","R05330","20CS",138.43
"685","A06035/R12154","A06035","R12154","20CS",124.46
"686","A06035/RTx2913","A06035","RTx2913","20CS",129.54
"687","A06035/RTx2917","A06035","RTx2917","20CS",119.38
"688","A06035/RTx2920","A06035","RTx2920","20CS",123.19
"689","A06035/RTx2936","A06035","RTx2936","20CS",125.73
"690","A06035/RTx2943","A06035","RTx2943","20CS",138.43
"691","A06036/R04104","A06036","R04104","20CS",118.11
"692","A06036/R08306","A06036","R08306","20CS",124.46
"693","A06036/R11158","A06036","R11158","20CS",147.32
"694","A06036/R12156","A06036","R12156","20CS",116.84
"695","A06036/RTx2919","A06036","RTx2919","20CS",129.54
"696","A06036/RTx2940","A06036","RTx2940","20CS",127
"697","A07118/R07161","A07118","R07161","20CS",130.81
"698","A07118/R08224","A07118","R08224","20CS",148.59
"699","A07118/R08304","A07118","R08304","20CS",148.59
"700","A07118/R12145","A07118","R12145","20CS",121.92
"701","A07118/R12148","A07118","R12148","20CS",130.81
"702","A07118/R12157","A07118","R12157","20CS",118.11
"703","A07118/RTx2919","A07118","RTx2919","20CS",127
"704","A07118/RTx2944","A07118","RTx2944","20CS",130.81
"705","A07124/R01302","A07124","R01302","20CS",146.05
"706","A07124/R04060","A07124","R04060","20CS",124.46
"707","A07124/R05330","A07124","R05330","20CS",142.24
"708","A07124/R05425","A07124","R05425","20CS",162.56
"709","A07124/R07178","A07124","R07178","20CS",135.89
"710","A07124/R11158","A07124","R11158","20CS",142.24
"711","A07124/R11208","A07124","R11208","20CS",127
"712","A07124/RTx2917","A07124","RTx2917","20CS",123.19
"713","A07124/RTx2919","A07124","RTx2919","20CS",143.51
"714","A07124/RTx2935","A07124","RTx2935","20CS",129.54
"715","A07124/RTx2943","A07124","RTx2943","20CS",147.32
"716","A08068/R03248","A08068","R03248","20CS",132.08
"717","A08068/R07161","A08068","R07161","20CS",152.4
"718","A08068/R11158","A08068","R11158","20CS",137.16
"719","A08068/R12156","A08068","R12156","20CS",124.46
"720","A08068/RTx2919","A08068","RTx2919","20CS",130.81
"721","A08068/RTx2941","A08068","RTx2941","20CS",137.16
"722","A08134/R02107","A08134","R02107","20CS",153.67
"723","A08134/R04060","A08134","R04060","20CS",139.7
"724","A08134/R05405","A08134","R05405","20CS",184.15
"725","A08134/R07178","A08134","R07178","20CS",142.24
"726","A08134/R08297","A08134","R08297","20CS",138.43
"727","A08134/R11158","A08134","R11158","20CS",165.1
"728","A08134/R12148","A08134","R12148","20CS",154.94
"729","A08134/RTx2918","A08134","RTx2918","20CS",139.7
"730","A08134/RTx2936","A08134","RTx2936","20CS",142.24
"731","A08134/RTx2940","A08134","RTx2940","20CS",130.81
"732","A08134/RTx2943","A08134","RTx2943","20CS",161.29
"733","A08140/R04060","A08140","R04060","20CS",149.86
"734","A08140/R04104","A08140","R04104","20CS",143.51
"735","A08140/R05386","A08140","R05386","20CS",134.62
"736","A08140/R07178","A08140","R07178","20CS",139.7
"737","A08140/R08303","A08140","R08303","20CS",120.65
"738","A08140/R12148","A08140","R12148","20CS",139.7
"739","A08140/R12156","A08140","R12156","20CS",121.92
"740","A08140/RTx2942","A08140","RTx2942","20CS",140.97
"741","A08158/R01302","A08158","R01302","20CS",127
"742","A08158/R03248","A08158","R03248","20CS",154.94
"743","A08158/R05330","A08158","R05330","20CS",142.24
"744","A08158/R07178","A08158","R07178","20CS",158.75
"745","A08158/R08224","A08158","R08224","20CS",162.56
"746","A08158/R12071","A08158","R12071","20CS",158.75
"747","A08158/R12145","A08158","R12145","20CS",124.46
"748","A08158/R12154","A08158","R12154","20CS",158.75
"749","A08158/RTx2912","A08158","RTx2912","20CS",143.51
"750","A08158/RTx2914","A08158","RTx2914","20CS",154.94
"751","A08158/RTx2917","A08158","RTx2917","20CS",137.16
"752","A08158/RTx2939","A08158","RTx2939","20CS",172.72
"753","A11076/R04060","A11076","R04060","20CS",129.54
"754","A11076/R07178","A11076","R07178","20CS",140.97
"755","A11076/R08297","A11076","R08297","20CS",123.19
"756","A11076/R12148","A11076","R12148","20CS",119.38
"757","A11076/R12154","A11076","R12154","20CS",140.97
"758","A11076/RTx2918","A11076","RTx2918","20CS",129.54
"759","A11076/RTx2938","A11076","RTx2938","20CS",138.43
"760","A11076/RTx2940","A11076","RTx2940","20CS",127
"761","A11085/R02107","A11085","R02107","20CS",144.78
"762","A11085/R03248","A11085","R03248","20CS",135.89
"763","A11085/R04104","A11085","R04104","20CS",127
"764","A11085/R07178","A11085","R07178","20CS",130.81
"765","A11085/R12148","A11085","R12148","20CS",133.35
"766","A11085/RTx2942","A11085","RTx2942","20CS",130.81
"767","A11085/RTx2944","A11085","RTx2944","20CS",146.05
"768","AHF14/R07161","AHF14","R07161","20CS",144.78
"769","AHF14/RTx2943","AHF14","RTx2943","20CS",133.35
"770","AKS116/R02107","AKS116","R02107","20CS",146.05
"771","AKS116/R08303","AKS116","R08303","20CS",140.97
"772","AKS116/RTx2917","AKS116","RTx2917","20CS",135.89
"773","AKS116/RTx2920","AKS116","RTx2920","20CS",121.92
"774","AKS116/RTx2936","AKS116","RTx2936","20CS",147.32
"775","AKS116/RTx2940","AKS116","RTx2940","20CS",133.35
"776","AKS116/RTx2942","AKS116","RTx2942","20CS",143.51
"777","AKS116/RTx2944","AKS116","RTx2944","20CS",135.89
"778","AKS117/R01302","AKS117","R01302","20CS",134.62
"779","AKS117/R12148","AKS117","R12148","20CS",125.73
"780","AKS117/RTx2914","AKS117","RTx2914","20CS",138.43
"781","AKS117/RTx2942","AKS117","RTx2942","20CS",133.35
"782","AKS118/R08303","AKS118","R08303","20CS",138.43
"783","AKS118/R12156","AKS118","R12156","20CS",128.27
"784","AKS118/RTx2912","AKS118","RTx2912","20CS",139.7
"785","AKS118/RTx2916","AKS118","RTx2916","20CS",146.05
"786","AKS118/RTx2918","AKS118","RTx2918","20CS",132.08
"787","AKS118/RTx2935","AKS118","RTx2935","20CS",134.62
"788","AKS118/RTx2943","AKS118","RTx2943","20CS",151.13
"789","AKS119/R01302","AKS119","R01302","20CS",135.89
"790","AKS119/R05386","AKS119","R05386","20CS",133.35
"791","AKS119/R05393","AKS119","R05393","20CS",144.78
"792","AKS119/R05512","AKS119","R05512","20CS",134.62
"793","AKS119/R08304","AKS119","R08304","20CS",167.64
"794","AKS119/RTx2914","AKS119","RTx2914","20CS",143.51
"795","AKS119/RTx2918","AKS119","RTx2918","20CS",154.94
"796","AKS119/RTx2919","AKS119","RTx2919","20CS",151.13
"797","AKS120/R04060","AKS120","R04060","20CS",156.21
"798","AKS120/R05425","AKS120","R05425","20CS",166.37
"799","AKS120/R07161","AKS120","R07161","20CS",176.53
"800","AKS120/R08303","AKS120","R08303","20CS",153.67
"801","AKS120/R08306","AKS120","R08306","20CS",157.48
"802","AKS120/R12071","AKS120","R12071","20CS",143.51
"803","AKS120/R12148","AKS120","R12148","20CS",158.75
"804","AKS120/RTx2918","AKS120","RTx2918","20CS",149.86
"805","AKS120/RTx2935","AKS120","RTx2935","20CS",146.05
"806","AKS120/RTx2942","AKS120","RTx2942","20CS",149.86
"807","AKS120/RTx2944","AKS120","RTx2944","20CS",151.13
"808","AN263/R08224","AN263","R08224","20CS",157.48
"809","AN263/R11208","AN263","R11208","20CS",110.49
"810","AN263/R12148","AN263","R12148","20CS",132.08
"811","AN263/RTx2935","AN263","RTx2935","20CS",119.38
"812","AN263/RTx2936","AN263","RTx2936","20CS",129.54
"813","AN263/RTx2938","AN263","RTx2938","20CS",110.49
"814","AN268/R11158","AN268","R11158","20CS",133.35
"815","AN268/R12148","AN268","R12148","20CS",124.46
"816","AN268/R12154","AN268","R12154","20CS",125.73
"817","AN290/R02107","AN290","R02107","20CS",129.54
"818","AN290/R03248","AN290","R03248","20CS",143.51
"819","AN290/R05386","AN290","R05386","20CS",116.84
"820","AN290/R07161","AN290","R07161","20CS",154.94
"821","AN290/R12154","AN290","R12154","20CS",127
"822","AN290/RTx2917","AN290","RTx2917","20CS",121.92
"823","AN290/RTx2920","AN290","RTx2920","20CS",129.54
"824","AN290/RTx2942","AN290","RTx2942","20CS",140.97
"825","AN290/RTx2943","AN290","RTx2943","20CS",128.27
"826","ATx2921/R01302","ATx2921","R01302","20CS",158.75
"827","ATx2921/R05330","ATx2921","R05330","20CS",158.75
"828","ATx2921/R05405","ATx2921","R05405","20CS",170.18
"829","ATx2921/R07178","ATx2921","R07178","20CS",140.97
"830","ATx2921/R12145","ATx2921","R12145","20CS",138.43
"831","ATx2921/R12157","ATx2921","R12157","20CS",142.24
"832","ATx2921/RTx2914","ATx2921","RTx2914","20CS",162.56
"833","ATx2921/RTx2918","ATx2921","RTx2918","20CS",140.97
"834","ATx2923/R03248","ATx2923","R03248","20CS",128.27
"835","ATx2923/R04104","ATx2923","R04104","20CS",149.86
"836","ATx2923/R05330","ATx2923","R05330","20CS",153.67
"837","ATx2923/R05405","ATx2923","R05405","20CS",167.64
"838","ATx2923/R05425","ATx2923","R05425","20CS",162.56
"839","ATx2923/R08297","ATx2923","R08297","20CS",135.89
"840","ATx2923/R11158","ATx2923","R11158","20CS",165.1
"841","ATx2923/R11208","ATx2923","R11208","20CS",120.65
"842","ATx2923/R12145","ATx2923","R12145","20CS",129.54
"843","ATx2923/RTx2913","ATx2923","RTx2913","20CS",142.24
"844","ATx2923/RTx2917","ATx2923","RTx2917","20CS",135.89
"845","ATx2923/RTx2936","ATx2923","RTx2936","20CS",144.78
"846","ATx2924/R04060","ATx2924","R04060","20CS",140.97
"847","ATx2924/R05386","ATx2924","R05386","20CS",130.81
"848","ATx2924/R05393","ATx2924","R05393","20CS",130.81
"849","ATx2924/R05512","ATx2924","R05512","20CS",133.35
"850","ATx2924/R08224","ATx2924","R08224","20CS",176.53
"851","ATx2924/R11158","ATx2924","R11158","20CS",163.83
"852","ATx2924/R12145","ATx2924","R12145","20CS",139.7
"853","ATx2924/RTx2918","ATx2924","RTx2918","20CS",147.32
"854","ATx2924/RTx2920","ATx2924","RTx2920","20CS",147.32
"855","ATx2924/RTx2936","ATx2924","RTx2936","20CS",156.21
"856","ATx2924/RTx2940","ATx2924","RTx2940","20CS",143.51
"857","ATx2924/RTx2941","ATx2924","RTx2941","20CS",142.24
"858","ATx2926/R01302","ATx2926","R01302","20CS",149.86
"859","ATx2926/R05393","ATx2926","R05393","20CS",128.27
"860","ATx2926/R05405","ATx2926","R05405","20CS",163.83
"861","ATx2926/R07161","ATx2926","R07161","20CS",160.02
"862","ATx2926/R08297","ATx2926","R08297","20CS",152.4
"863","ATx2926/R08304","ATx2926","R08304","20CS",147.32
"864","ATx2926/R12154","ATx2926","R12154","20CS",128.27
"865","ATx2926/RTx2913","ATx2926","RTx2913","20CS",147.32
"866","ATx2926/RTx2917","ATx2926","RTx2917","20CS",140.97
"867","ATx2926/RTx2919","ATx2926","RTx2919","20CS",138.43
"868","ATx2926/RTx2944","ATx2926","RTx2944","20CS",153.67
"869","ATx2927/R12157","ATx2927","R12157","20CS",138.43
"870","ATx2927/RTx2936","ATx2927","RTx2936","20CS",148.59
"871","ATx2927/RTx2937","ATx2927","RTx2937","20CS",123.19
"872","ATx2930/R01302","ATx2930","R01302","20CS",144.78
"873","ATx2930/R02107","ATx2930","R02107","20CS",135.89
"874","ATx2930/R03248","ATx2930","R03248","20CS",146.05
"875","ATx2930/R05393","ATx2930","R05393","20CS",132.08
"876","ATx2930/R05425","ATx2930","R05425","20CS",170.18
"877","ATx2930/R07178","ATx2930","R07178","20CS",142.24
"878","ATx2930/R08303","ATx2930","R08303","20CS",137.16
"879","ATx2930/R11158","ATx2930","R11158","20CS",161.29
"880","ATx2930/R12154","ATx2930","R12154","20CS",147.32
"881","ATx2930/RTx2920","ATx2930","RTx2920","20CS",132.08
"882","ATx2930/RTx2940","ATx2930","RTx2940","20CS",134.62
"883","ATx2930/RTx2942","ATx2930","RTx2942","20CS",143.51
"884","ATx2931/R01302","ATx2931","R01302","20CS",160.02
"885","ATx2931/R05405","ATx2931","R05405","20CS",127
"886","ATx2931/R07161","ATx2931","R07161","20CS",171.45
"887","ATx2931/R08297","ATx2931","R08297","20CS",163.83
"888","ATx2931/R08304","ATx2931","R08304","20CS",167.64
"889","ATx2931/R08306","ATx2931","R08306","20CS",166.37
"890","ATx2931/R11208","ATx2931","R11208","20CS",114.3
"891","ATx2931/RTx2936","ATx2931","RTx2936","20CS",163.83
"892","ATx2931/RTx2940","ATx2931","RTx2940","20CS",138.43
"893","ATx2931/RTx2943","ATx2931","RTx2943","20CS",171.45
"894","ATx2934/R05386","ATx2934","R05386","20CS",121.92
"895","ATx2934/R08297","ATx2934","R08297","20CS",120.65
"896","ATx2934/R11208","ATx2934","R11208","20CS",115.57
"897","ATx2934/R12157","ATx2934","R12157","20CS",143.51
"898","ATx2934/RTx2935","ATx2934","RTx2935","20CS",118.11
"899","ATx2934/RTx2941","ATx2934","RTx2941","20CS",139.7
"900","ATx3408/R05330","ATx3408","R05330","20CS",153.67
"901","ATx3408/R12145","ATx3408","R12145","20CS",151.13
"902","ATx3408/RTx2935","ATx3408","RTx2935","20CS",140.97
"903","ATx3409/R08224","ATx3409","R08224","20CS",134.62
"904","ATx644/R05330","ATx644","R05330","20CS",133.35
"905","ATx644/R08224","ATx644","R08224","20CS",172.72
"906","ATx644/RTx2935","ATx644","RTx2935","20CS",130.81
"907","ATx644/RTx2936","ATx644","RTx2936","20CS",134.62
"908","A01021/R01302","A01021","R01302","20LY",120.65
"909","A01021/R05425","A01021","R05425","20LY",139.7
"910","A01021/R11158","A01021","R11158","20LY",127
"911","A01021/RTx2917","A01021","RTx2917","20LY",120.65
"912","A01021/RTx2943","A01021","RTx2943","20LY",120.65
"913","A01046/R04104","A01046","R04104","20LY",99.06
"914","A01046/R05512","A01046","R05512","20LY",111.76
"915","A01046/R12156","A01046","R12156","20LY",105.41
"916","A01046/RTx2935","A01046","RTx2935","20LY",107.95
"917","A01362/R05330","A01362","R05330","20LY",111.76
"918","A01362/R07178","A01362","R07178","20LY",102.87
"919","A01362/R12145","A01362","R12145","20LY",107.95
"920","A01362/RTx2914","A01362","RTx2914","20LY",111.76
"921","A01362/RTx2937","A01362","RTx2937","20LY",99.06
"922","A03017/R04060","A03017","R04060","20LY",124.46
"923","A03017/RTx2920","A03017","RTx2920","20LY",107.95
"924","A03032/R08297","A03032","R08297","20LY",102.87
"925","A03032/RTx2918","A03032","RTx2918","20LY",99.06
"926","A03032/RTx2943","A03032","RTx2943","20LY",99.06
"927","A03040/R03248","A03040","R03248","20LY",115.57
"928","A03040/R07178","A03040","R07178","20LY",121.92
"929","A03040/RTx2913","A03040","RTx2913","20LY",137.16
"930","A03040/RTx2940","A03040","RTx2940","20LY",115.57
"931","A03043/R01302","A03043","R01302","20LY",121.92
"932","A03043/R05330","A03043","R05330","20LY",101.6
"933","A03043/R05425","A03043","R05425","20LY",109.22
"934","A03043/R08304","A03043","R08304","20LY",107.95
"935","A03043/RTx2913","A03043","RTx2913","20LY",105.41
"936","A03043/RTx2940","A03043","RTx2940","20LY",105.41
"937","A03054/R01302","A03054","R01302","20LY",95.25
"938","A03054/R07161","A03054","R07161","20LY",109.22
"939","A03054/RTx2918","A03054","RTx2918","20LY",99.06
"940","A03054/RTx2940","A03054","RTx2940","20LY",99.06
"941","A03055/R04104","A03055","R04104","20LY",92.71
"942","A03055/R07161","A03055","R07161","20LY",109.22
"943","A03055/R12148","A03055","R12148","20LY",107.95
"944","A03055/RTx2936","A03055","RTx2936","20LY",111.76
"945","A03055/RTx2943","A03055","RTx2943","20LY",114.3
"946","A03089/R04104","A03089","R04104","20LY",109.22
"947","A03089/R08224","A03089","R08224","20LY",124.46
"948","A03089/RTx2914","A03089","RTx2914","20LY",111.76
"949","A03093/R05386","A03093","R05386","20LY",102.87
"950","A03093/R07178","A03093","R07178","20LY",111.76
"951","A03093/R12148","A03093","R12148","20LY",115.57
"952","A03093/RTx2917","A03093","RTx2917","20LY",109.22
"953","A03093/RTx2940","A03093","RTx2940","20LY",107.95
"954","A03121/R02107","A03121","R02107","20LY",118.11
"955","A03121/R05425","A03121","R05425","20LY",121.92
"956","A03121/R08224","A03121","R08224","20LY",140.97
"957","A03121/R12157","A03121","R12157","20LY",107.95
"958","A03121/RTx2919","A03121","RTx2919","20LY",102.87
"959","A03121/RTx2944","A03121","RTx2944","20LY",115.57
"960","A05071/R04060","A05071","R04060","20LY",111.76
"961","A05071/R05405","A05071","R05405","20LY",124.46
"962","A05071/R08297","A05071","R08297","20LY",105.41
"963","A05071/R12154","A05071","R12154","20LY",118.11
"964","A05071/RTx2916","A05071","RTx2916","20LY",115.57
"965","A05071/RTx2918","A05071","RTx2918","20LY",105.41
"966","A05071/RTx2942","A05071","RTx2942","20LY",118.11
"967","A05210/R05330","A05210","R05330","20LY",121.92
"968","A05210/R05512","A05210","R05512","20LY",114.3
"969","A05210/R12145","A05210","R12145","20LY",128.27
"970","A05210/R12157","A05210","R12157","20LY",127
"971","A05210/RTx2938","A05210","RTx2938","20LY",107.95
"972","A05269/R01302","A05269","R01302","20LY",121.92
"973","A05269/R07161","A05269","R07161","20LY",137.16
"974","A05269/R08306","A05269","R08306","20LY",118.11
"975","A05269/R12156","A05269","R12156","20LY",109.22
"976","A05269/RTx2936","A05269","RTx2936","20LY",124.46
"977","A05269/RTx2944","A05269","RTx2944","20LY",118.11
"978","A06035/R05330","A06035","R05330","20LY",101.6
"979","A06035/RTx2913","A06035","RTx2913","20LY",115.57
"980","A06035/RTx2920","A06035","RTx2920","20LY",102.87
"981","A06035/RTx2943","A06035","RTx2943","20LY",107.95
"982","A06036/R04104","A06036","R04104","20LY",99.06
"983","A06036/R11158","A06036","R11158","20LY",105.41
"984","A06036/RTx2919","A06036","RTx2919","20LY",111.76
"985","A07118/R07161","A07118","R07161","20LY",109.22
"986","A07118/R08304","A07118","R08304","20LY",124.46
"987","A07118/R12148","A07118","R12148","20LY",118.11
"988","A07118/RTx2919","A07118","RTx2919","20LY",114.3
"989","A07124/R01302","A07124","R01302","20LY",115.57
"990","A07124/R05330","A07124","R05330","20LY",105.41
"991","A07124/R07178","A07124","R07178","20LY",111.76
"992","A07124/R11208","A07124","R11208","20LY",107.95
"993","A07124/RTx2919","A07124","RTx2919","20LY",115.57
"994","A07124/RTx2943","A07124","RTx2943","20LY",121.92
"995","A08068/R07161","A08068","R07161","20LY",124.46
"996","A08068/R12156","A08068","R12156","20LY",115.57
"997","A08068/RTx2941","A08068","RTx2941","20LY",115.57
"998","A08134/R02107","A08134","R02107","20LY",120.65
"999","A08134/R05405","A08134","R05405","20LY",137.16
"1000","A08134/R08297","A08134","R08297","20LY",109.22
"1001","A08134/R12148","A08134","R12148","20LY",128.27
"1002","A08134/RTx2936","A08134","RTx2936","20LY",124.46
"1003","A08134/RTx2943","A08134","RTx2943","20LY",120.65
"1004","A08140/R04060","A08140","R04060","20LY",118.11
"1005","A08140/R07178","A08140","R07178","20LY",92.71
"1006","A08140/R12148","A08140","R12148","20LY",114.3
"1007","A08140/RTx2942","A08140","RTx2942","20LY",111.76
"1008","A08158/R03248","A08158","R03248","20LY",124.46
"1009","A08158/R07178","A08158","R07178","20LY",118.11
"1010","A08158/R12071","A08158","R12071","20LY",133.35
"1011","A08158/R12154","A08158","R12154","20LY",124.46
"1012","A08158/RTx2914","A08158","RTx2914","20LY",121.92
"1013","A08158/RTx2939","A08158","RTx2939","20LY",139.7
"1014","A11076/R07178","A11076","R07178","20LY",118.11
"1015","A11076/R12148","A11076","R12148","20LY",109.22
"1016","A11076/RTx2918","A11076","RTx2918","20LY",118.11
"1017","A11076/RTx2938","A11076","RTx2938","20LY",107.95
"1018","A11085/R02107","A11085","R02107","20LY",105.41
"1019","A11085/R03248","A11085","R03248","20LY",111.76
"1020","A11085/R12148","A11085","R12148","20LY",120.65
"1021","A11085/RTx2944","A11085","RTx2944","20LY",118.11
"1022","AHF14/R07161","AHF14","R07161","20LY",127
"1023","AHF14/RTx2943","AHF14","RTx2943","20LY",111.76
"1024","AKS116/R08303","AKS116","R08303","20LY",114.3
"1025","AKS116/RTx2917","AKS116","RTx2917","20LY",124.46
"1026","AKS116/RTx2936","AKS116","RTx2936","20LY",118.11
"1027","AKS116/RTx2942","AKS116","RTx2942","20LY",118.11
"1028","AKS117/R01302","AKS117","R01302","20LY",111.76
"1029","AKS117/RTx2914","AKS117","RTx2914","20LY",111.76
"1030","AKS117/RTx2942","AKS117","RTx2942","20LY",118.11
"1031","AKS118/R08303","AKS118","R08303","20LY",118.11
"1032","AKS118/RTx2912","AKS118","RTx2912","20LY",121.92
"1033","AKS118/RTx2918","AKS118","RTx2918","20LY",124.46
"1034","AKS118/RTx2943","AKS118","RTx2943","20LY",128.27
"1035","AKS119/R01302","AKS119","R01302","20LY",124.46
"1036","AKS119/R05393","AKS119","R05393","20LY",109.22
"1037","AKS119/R08304","AKS119","R08304","20LY",128.27
"1038","AKS119/RTx2918","AKS119","RTx2918","20LY",118.11
"1039","AKS120/R05425","AKS120","R05425","20LY",133.35
"1040","AKS120/R08303","AKS120","R08303","20LY",118.11
"1041","AKS120/R12071","AKS120","R12071","20LY",118.11
"1042","AKS120/RTx2918","AKS120","RTx2918","20LY",111.76
"1043","AKS120/RTx2942","AKS120","RTx2942","20LY",124.46
"1044","AN263/R08224","AN263","R08224","20LY",115.57
"1045","AN263/R12148","AN263","R12148","20LY",101.6
"1046","AN263/RTx2936","AN263","RTx2936","20LY",99.06
"1047","AN268/R11158","AN268","R11158","20LY",102.87
"1048","AN268/R12154","AN268","R12154","20LY",105.41
"1049","AN290/R03248","AN290","R03248","20LY",102.87
"1050","AN290/R07161","AN290","R07161","20LY",111.76
"1051","AN290/RTx2917","AN290","RTx2917","20LY",111.76
"1052","AN290/RTx2942","AN290","RTx2942","20LY",115.57
"1053","ATx2921/R01302","ATx2921","R01302","20LY",127
"1054","ATx2921/R05405","ATx2921","R05405","20LY",137.16
"1055","ATx2921/R12145","ATx2921","R12145","20LY",118.11
"1056","ATx2921/RTx2914","ATx2921","RTx2914","20LY",109.22
"1057","ATx2923/R04104","ATx2923","R04104","20LY",111.76
"1058","ATx2923/R05330","ATx2923","R05330","20LY",130.81
"1059","ATx2923/R05425","ATx2923","R05425","20LY",124.46
"1060","ATx2923/R11158","ATx2923","R11158","20LY",120.65
"1061","ATx2923/R12145","ATx2923","R12145","20LY",118.11
"1062","ATx2923/RTx2917","ATx2923","RTx2917","20LY",118.11
"1063","ATx2924/R04060","ATx2924","R04060","20LY",114.3
"1064","ATx2924/R05393","ATx2924","R05393","20LY",105.41
"1065","ATx2924/R08224","ATx2924","R08224","20LY",124.46
"1066","ATx2924/R12145","ATx2924","R12145","20LY",118.11
"1067","ATx2924/RTx2920","ATx2924","RTx2920","20LY",115.57
"1068","ATx2924/RTx2940","ATx2924","RTx2940","20LY",115.57
"1069","ATx2926/R01302","ATx2926","R01302","20LY",120.65
"1070","ATx2926/R05405","ATx2926","R05405","20LY",139.7
"1071","ATx2926/R08297","ATx2926","R08297","20LY",109.22
"1072","ATx2926/R12154","ATx2926","R12154","20LY",105.41
"1073","ATx2926/RTx2917","ATx2926","RTx2917","20LY",118.11
"1074","ATx2926/RTx2944","ATx2926","RTx2944","20LY",127
"1075","ATx2927/RTx2936","ATx2927","RTx2936","20LY",124.46
"1076","ATx2930/R01302","ATx2930","R01302","20LY",128.27
"1077","ATx2930/R03248","ATx2930","R03248","20LY",121.92
"1078","ATx2930/R05425","ATx2930","R05425","20LY",137.16
"1079","ATx2930/R08303","ATx2930","R08303","20LY",120.65
"1080","ATx2930/R12148","ATx2930","R12148","20LY",115.57
"1081","ATx2930/RTx2920","ATx2930","RTx2920","20LY",107.95
"1082","ATx2930/RTx2942","ATx2930","RTx2942","20LY",124.46
"1083","ATx2931/R05405","ATx2931","R05405","20LY",96.52
"1084","ATx2931/R08297","ATx2931","R08297","20LY",124.46
"1085","ATx2931/R08306","ATx2931","R08306","20LY",128.27
"1086","ATx2931/RTx2936","ATx2931","RTx2936","20LY",133.35
"1087","ATx2931/RTx2943","ATx2931","RTx2943","20LY",137.16
"1088","ATx2934/R08297","ATx2934","R08297","20LY",107.95
"1089","ATx2934/R12157","ATx2934","R12157","20LY",118.11
"1090","ATx2934/RTx2941","ATx2934","RTx2941","20LY",118.11
"1091","ATx3408/R12145","ATx3408","R12145","20LY",128.27
"1092","ATx3409/R08224","ATx3409","R08224","20LY",105.41
"1093","ATx644/R08224","ATx644","R08224","20LY",137.16
"1094","ATx644/RTx2936","ATx644","RTx2936","20LY",118.11
