CV,model,traits,env,cor
CV1,M1,da,19CS,0.692104227
CV1,M1,da,19TA,0.720143274
CV1,M1,da,20CS,0.650972787
CV1,M1,da,20LY,0.75683036
CV1,M1,da,19CS,0.692104227
CV1,M1,da,19TA,0.720143274
CV1,M1,da,20CS,0.650972787
CV1,M1,da,20LY,0.75683036
CV1,M1,da,19CS,0.692104227
CV1,M1,da,19TA,0.720143274
CV1,M1,da,20CS,0.650972787
CV1,M1,da,20LY,0.75683036
CV1,M1,da,19CS,0.692104227
CV1,M1,da,19TA,0.720143274
CV1,M1,da,20CS,0.650972787
CV1,M1,da,20LY,0.75683036
CV1,M1,da,19CS,0.692104227
CV1,M1,da,19TA,0.720143274
CV1,M1,da,20CS,0.650972787
CV1,M1,da,20LY,0.75683036
CV1,M10,da,19CS,0.641061364
CV1,M10,da,19TA,0.585119168
CV1,M10,da,20CS,0.750944063
CV1,M10,da,20LY,0.528277809
CV1,M10,da,19CS,0.641061364
CV1,M10,da,19TA,0.585119168
CV1,M10,da,20CS,0.750944063
CV1,M10,da,20LY,0.528277809
CV1,M10,da,19CS,0.641061364
CV1,M10,da,19TA,0.585119168
CV1,M10,da,20CS,0.750944063
CV1,M10,da,20LY,0.528277809
CV1,M10,da,19CS,0.641061364
CV1,M10,da,19TA,0.585119168
CV1,M10,da,20CS,0.750944063
CV1,M10,da,20LY,0.528277809
CV1,M10,da,19CS,0.641061364
CV1,M10,da,19TA,0.585119168
CV1,M10,da,20CS,0.750944063
CV1,M10,da,20LY,0.528277809
CV1,M11,da,19CS,0.690448292
CV1,M11,da,19TA,0.677866188
CV1,M11,da,20CS,0.665065575
CV1,M11,da,20LY,0.73687031
CV1,M11,da,19CS,0.690448292
CV1,M11,da,19TA,0.677866188
CV1,M11,da,20CS,0.665065575
CV1,M11,da,20LY,0.73687031
CV1,M11,da,19CS,0.690448292
CV1,M11,da,19TA,0.677866188
CV1,M11,da,20CS,0.665065575
CV1,M11,da,20LY,0.73687031
CV1,M11,da,19CS,0.690448292
CV1,M11,da,19TA,0.677866188
CV1,M11,da,20CS,0.665065575
CV1,M11,da,20LY,0.73687031
CV1,M11,da,19CS,0.690448292
CV1,M11,da,19TA,0.677866188
CV1,M11,da,20CS,0.665065575
CV1,M11,da,20LY,0.73687031
CV1,M12,da,19CS,0.734284428
CV1,M12,da,19TA,0.759431473
CV1,M12,da,20CS,0.654576841
CV1,M12,da,20LY,0.747569891
CV1,M12,da,19CS,0.734284428
CV1,M12,da,19TA,0.759431473
CV1,M12,da,20CS,0.654576841
CV1,M12,da,20LY,0.747569891
CV1,M12,da,19CS,0.734284428
CV1,M12,da,19TA,0.759431473
CV1,M12,da,20CS,0.654576841
CV1,M12,da,20LY,0.747569891
CV1,M12,da,19CS,0.734284428
CV1,M12,da,19TA,0.759431473
CV1,M12,da,20CS,0.654576841
CV1,M12,da,20LY,0.747569891
CV1,M12,da,19CS,0.734284428
CV1,M12,da,19TA,0.759431473
CV1,M12,da,20CS,0.654576841
CV1,M12,da,20LY,0.747569891
CV1,M2,da,19CS,0.459201014
CV1,M2,da,19TA,0.563285831
CV1,M2,da,20CS,0.491419423
CV1,M2,da,20LY,0.166655408
CV1,M2,da,19CS,0.459201014
CV1,M2,da,19TA,0.563285831
CV1,M2,da,20CS,0.491419423
CV1,M2,da,20LY,0.166655408
CV1,M2,da,19CS,0.459201014
CV1,M2,da,19TA,0.563285831
CV1,M2,da,20CS,0.491419423
CV1,M2,da,20LY,0.166655408
CV1,M2,da,19CS,0.459201014
CV1,M2,da,19TA,0.563285831
CV1,M2,da,20CS,0.491419423
CV1,M2,da,20LY,0.166655408
CV1,M2,da,19CS,0.459201014
CV1,M2,da,19TA,0.563285831
CV1,M2,da,20CS,0.491419423
CV1,M2,da,20LY,0.166655408
CV1,M3,da,19CS,0.5486644
CV1,M3,da,19TA,0.492852247
CV1,M3,da,20CS,0.722241635
CV1,M3,da,20LY,0.646157673
CV1,M3,da,19CS,0.5486644
CV1,M3,da,19TA,0.492852247
CV1,M3,da,20CS,0.722241635
CV1,M3,da,20LY,0.646157673
CV1,M3,da,19CS,0.5486644
CV1,M3,da,19TA,0.492852247
CV1,M3,da,20CS,0.722241635
CV1,M3,da,20LY,0.646157673
CV1,M3,da,19CS,0.5486644
CV1,M3,da,19TA,0.492852247
CV1,M3,da,20CS,0.722241635
CV1,M3,da,20LY,0.646157673
CV1,M3,da,19CS,0.5486644
CV1,M3,da,19TA,0.492852247
CV1,M3,da,20CS,0.722241635
CV1,M3,da,20LY,0.646157673
CV1,M4,da,19CS,0.259730154
CV1,M4,da,19TA,0.413069449
CV1,M4,da,20CS,0.436053339
CV1,M4,da,20LY,0.133423785
CV1,M4,da,19CS,0.259730154
CV1,M4,da,19TA,0.413069449
CV1,M4,da,20CS,0.436053339
CV1,M4,da,20LY,0.133423785
CV1,M4,da,19CS,0.259730154
CV1,M4,da,19TA,0.413069449
CV1,M4,da,20CS,0.436053339
CV1,M4,da,20LY,0.133423785
CV1,M4,da,19CS,0.259730154
CV1,M4,da,19TA,0.413069449
CV1,M4,da,20CS,0.436053339
CV1,M4,da,20LY,0.133423785
CV1,M4,da,19CS,0.259730154
CV1,M4,da,19TA,0.413069449
CV1,M4,da,20CS,0.436053339
CV1,M4,da,20LY,0.133423785
CV1,M5,da,19CS,0.483575687
CV1,M5,da,19TA,0.370547396
CV1,M5,da,20CS,0.661315803
CV1,M5,da,20LY,0.601515352
CV1,M5,da,19CS,0.483575687
CV1,M5,da,19TA,0.370547396
CV1,M5,da,20CS,0.661315803
CV1,M5,da,20LY,0.601515352
CV1,M5,da,19CS,0.483575687
CV1,M5,da,19TA,0.370547396
CV1,M5,da,20CS,0.661315803
CV1,M5,da,20LY,0.601515352
CV1,M5,da,19CS,0.483575687
CV1,M5,da,19TA,0.370547396
CV1,M5,da,20CS,0.661315803
CV1,M5,da,20LY,0.601515352
CV1,M5,da,19CS,0.483575687
CV1,M5,da,19TA,0.370547396
CV1,M5,da,20CS,0.661315803
CV1,M5,da,20LY,0.601515352
CV1,M6,da,19CS,0.651682301
CV1,M6,da,19TA,0.67975767
CV1,M6,da,20CS,0.657929897
CV1,M6,da,20LY,0.737054385
CV1,M6,da,19CS,0.651682301
CV1,M6,da,19TA,0.67975767
CV1,M6,da,20CS,0.657929897
CV1,M6,da,20LY,0.737054385
CV1,M6,da,19CS,0.651682301
CV1,M6,da,19TA,0.67975767
CV1,M6,da,20CS,0.657929897
CV1,M6,da,20LY,0.737054385
CV1,M6,da,19CS,0.651682301
CV1,M6,da,19TA,0.67975767
CV1,M6,da,20CS,0.657929897
CV1,M6,da,20LY,0.737054385
CV1,M6,da,19CS,0.651682301
CV1,M6,da,19TA,0.67975767
CV1,M6,da,20CS,0.657929897
CV1,M6,da,20LY,0.737054385
CV1,M7,da,19CS,0.700864097
CV1,M7,da,19TA,0.769748988
CV1,M7,da,20CS,0.66578773
CV1,M7,da,20LY,0.699282987
CV1,M7,da,19CS,0.700864097
CV1,M7,da,19TA,0.769748988
CV1,M7,da,20CS,0.66578773
CV1,M7,da,20LY,0.699282987
CV1,M7,da,19CS,0.700864097
CV1,M7,da,19TA,0.769748988
CV1,M7,da,20CS,0.66578773
CV1,M7,da,20LY,0.699282987
CV1,M7,da,19CS,0.700864097
CV1,M7,da,19TA,0.769748988
CV1,M7,da,20CS,0.66578773
CV1,M7,da,20LY,0.699282987
CV1,M7,da,19CS,0.700864097
CV1,M7,da,19TA,0.769748988
CV1,M7,da,20CS,0.66578773
CV1,M7,da,20LY,0.699282987
CV1,M8,da,19CS,0.666160707
CV1,M8,da,19TA,0.556266828
CV1,M8,da,20CS,0.792932978
CV1,M8,da,20LY,0.564647559
CV1,M8,da,19CS,0.666160707
CV1,M8,da,19TA,0.556266828
CV1,M8,da,20CS,0.792932978
CV1,M8,da,20LY,0.564647559
CV1,M8,da,19CS,0.666160707
CV1,M8,da,19TA,0.556266828
CV1,M8,da,20CS,0.792932978
CV1,M8,da,20LY,0.564647559
CV1,M8,da,19CS,0.666160707
CV1,M8,da,19TA,0.556266828
CV1,M8,da,20CS,0.792932978
CV1,M8,da,20LY,0.564647559
CV1,M8,da,19CS,0.666160707
CV1,M8,da,19TA,0.556266828
CV1,M8,da,20CS,0.792932978
CV1,M8,da,20LY,0.564647559
CV1,M9,da,19CS,0.316084654
CV1,M9,da,19TA,0.379332088
CV1,M9,da,20CS,0.481642557
CV1,M9,da,20LY,0.131022601
CV1,M9,da,19CS,0.316084654
CV1,M9,da,19TA,0.379332088
CV1,M9,da,20CS,0.481642557
CV1,M9,da,20LY,0.131022601
CV1,M9,da,19CS,0.316084654
CV1,M9,da,19TA,0.379332088
CV1,M9,da,20CS,0.481642557
CV1,M9,da,20LY,0.131022601
CV1,M9,da,19CS,0.316084654
CV1,M9,da,19TA,0.379332088
CV1,M9,da,20CS,0.481642557
CV1,M9,da,20LY,0.131022601
CV1,M9,da,19CS,0.316084654
CV1,M9,da,19TA,0.379332088
CV1,M9,da,20CS,0.481642557
CV1,M9,da,20LY,0.131022601
CV2,M1,da,19CS,0.862763936
CV2,M1,da,19TA,0.910678936
CV2,M1,da,20CS,0.819489411
CV2,M1,da,20LY,0.82475671
CV2,M1,da,19CS,0.862763936
CV2,M1,da,19TA,0.910678936
CV2,M1,da,20CS,0.819489411
CV2,M1,da,20LY,0.82475671
CV2,M1,da,19CS,0.862763936
CV2,M1,da,19TA,0.910678936
CV2,M1,da,20CS,0.819489411
CV2,M1,da,20LY,0.82475671
CV2,M1,da,19CS,0.862763936
CV2,M1,da,19TA,0.910678936
CV2,M1,da,20CS,0.819489411
CV2,M1,da,20LY,0.82475671
CV2,M1,da,19CS,0.862763936
CV2,M1,da,19TA,0.910678936
CV2,M1,da,20CS,0.819489411
CV2,M1,da,20LY,0.82475671
CV2,M10,da,19CS,0.778625057
CV2,M10,da,19TA,0.756548478
CV2,M10,da,20CS,0.837702826
CV2,M10,da,20LY,0.743748029
CV2,M10,da,19CS,0.778625057
CV2,M10,da,19TA,0.756548478
CV2,M10,da,20CS,0.837702826
CV2,M10,da,20LY,0.743748029
CV2,M10,da,19CS,0.778625057
CV2,M10,da,19TA,0.756548478
CV2,M10,da,20CS,0.837702826
CV2,M10,da,20LY,0.743748029
CV2,M10,da,19CS,0.778625057
CV2,M10,da,19TA,0.756548478
CV2,M10,da,20CS,0.837702826
CV2,M10,da,20LY,0.743748029
CV2,M10,da,19CS,0.778625057
CV2,M10,da,19TA,0.756548478
CV2,M10,da,20CS,0.837702826
CV2,M10,da,20LY,0.743748029
CV2,M11,da,19CS,0.884562452
CV2,M11,da,19TA,0.889038822
CV2,M11,da,20CS,0.809193119
CV2,M11,da,20LY,0.886449268
CV2,M11,da,19CS,0.884562452
CV2,M11,da,19TA,0.889038822
CV2,M11,da,20CS,0.809193119
CV2,M11,da,20LY,0.886449268
CV2,M11,da,19CS,0.884562452
CV2,M11,da,19TA,0.889038822
CV2,M11,da,20CS,0.809193119
CV2,M11,da,20LY,0.886449268
CV2,M11,da,19CS,0.884562452
CV2,M11,da,19TA,0.889038822
CV2,M11,da,20CS,0.809193119
CV2,M11,da,20LY,0.886449268
CV2,M11,da,19CS,0.884562452
CV2,M11,da,19TA,0.889038822
CV2,M11,da,20CS,0.809193119
CV2,M11,da,20LY,0.886449268
CV2,M12,da,19CS,0.853820516
CV2,M12,da,19TA,0.8812496
CV2,M12,da,20CS,0.795423166
CV2,M12,da,20LY,0.855129602
CV2,M12,da,19CS,0.853820516
CV2,M12,da,19TA,0.8812496
CV2,M12,da,20CS,0.795423166
CV2,M12,da,20LY,0.855129602
CV2,M12,da,19CS,0.853820516
CV2,M12,da,19TA,0.8812496
CV2,M12,da,20CS,0.795423166
CV2,M12,da,20LY,0.855129602
CV2,M12,da,19CS,0.853820516
CV2,M12,da,19TA,0.8812496
CV2,M12,da,20CS,0.795423166
CV2,M12,da,20LY,0.855129602
CV2,M12,da,19CS,0.853820516
CV2,M12,da,19TA,0.8812496
CV2,M12,da,20CS,0.795423166
CV2,M12,da,20LY,0.855129602
CV2,M2,da,19CS,0.797555665
CV2,M2,da,19TA,0.816915796
CV2,M2,da,20CS,0.735536771
CV2,M2,da,20LY,0.729918468
CV2,M2,da,19CS,0.797555665
CV2,M2,da,19TA,0.816915796
CV2,M2,da,20CS,0.735536771
CV2,M2,da,20LY,0.729918468
CV2,M2,da,19CS,0.797555665
CV2,M2,da,19TA,0.816915796
CV2,M2,da,20CS,0.735536771
CV2,M2,da,20LY,0.729918468
CV2,M2,da,19CS,0.797555665
CV2,M2,da,19TA,0.816915796
CV2,M2,da,20CS,0.735536771
CV2,M2,da,20LY,0.729918468
CV2,M2,da,19CS,0.797555665
CV2,M2,da,19TA,0.816915796
CV2,M2,da,20CS,0.735536771
CV2,M2,da,20LY,0.729918468
CV2,M3,da,19CS,0.685049693
CV2,M3,da,19TA,0.623557528
CV2,M3,da,20CS,0.815148942
CV2,M3,da,20LY,0.77885382
CV2,M3,da,19CS,0.685049693
CV2,M3,da,19TA,0.623557528
CV2,M3,da,20CS,0.815148942
CV2,M3,da,20LY,0.77885382
CV2,M3,da,19CS,0.685049693
CV2,M3,da,19TA,0.623557528
CV2,M3,da,20CS,0.815148942
CV2,M3,da,20LY,0.77885382
CV2,M3,da,19CS,0.685049693
CV2,M3,da,19TA,0.623557528
CV2,M3,da,20CS,0.815148942
CV2,M3,da,20LY,0.77885382
CV2,M3,da,19CS,0.685049693
CV2,M3,da,19TA,0.623557528
CV2,M3,da,20CS,0.815148942
CV2,M3,da,20LY,0.77885382
CV2,M4,da,19CS,0.556912886
CV2,M4,da,19TA,0.624072874
CV2,M4,da,20CS,0.659687285
CV2,M4,da,20LY,0.672774998
CV2,M4,da,19CS,0.556912886
CV2,M4,da,19TA,0.624072874
CV2,M4,da,20CS,0.659687285
CV2,M4,da,20LY,0.672774998
CV2,M4,da,19CS,0.556912886
CV2,M4,da,19TA,0.624072874
CV2,M4,da,20CS,0.659687285
CV2,M4,da,20LY,0.672774998
CV2,M4,da,19CS,0.556912886
CV2,M4,da,19TA,0.624072874
CV2,M4,da,20CS,0.659687285
CV2,M4,da,20LY,0.672774998
CV2,M4,da,19CS,0.556912886
CV2,M4,da,19TA,0.624072874
CV2,M4,da,20CS,0.659687285
CV2,M4,da,20LY,0.672774998
CV2,M5,da,19CS,0.680596128
CV2,M5,da,19TA,0.638680632
CV2,M5,da,20CS,0.816507409
CV2,M5,da,20LY,0.805450432
CV2,M5,da,19CS,0.680596128
CV2,M5,da,19TA,0.638680632
CV2,M5,da,20CS,0.816507409
CV2,M5,da,20LY,0.805450432
CV2,M5,da,19CS,0.680596128
CV2,M5,da,19TA,0.638680632
CV2,M5,da,20CS,0.816507409
CV2,M5,da,20LY,0.805450432
CV2,M5,da,19CS,0.680596128
CV2,M5,da,19TA,0.638680632
CV2,M5,da,20CS,0.816507409
CV2,M5,da,20LY,0.805450432
CV2,M5,da,19CS,0.680596128
CV2,M5,da,19TA,0.638680632
CV2,M5,da,20CS,0.816507409
CV2,M5,da,20LY,0.805450432
CV2,M6,da,19CS,0.875466275
CV2,M6,da,19TA,0.885739291
CV2,M6,da,20CS,0.812659079
CV2,M6,da,20LY,0.868942729
CV2,M6,da,19CS,0.875466275
CV2,M6,da,19TA,0.885739291
CV2,M6,da,20CS,0.812659079
CV2,M6,da,20LY,0.868942729
CV2,M6,da,19CS,0.875466275
CV2,M6,da,19TA,0.885739291
CV2,M6,da,20CS,0.812659079
CV2,M6,da,20LY,0.868942729
CV2,M6,da,19CS,0.875466275
CV2,M6,da,19TA,0.885739291
CV2,M6,da,20CS,0.812659079
CV2,M6,da,20LY,0.868942729
CV2,M6,da,19CS,0.875466275
CV2,M6,da,19TA,0.885739291
CV2,M6,da,20CS,0.812659079
CV2,M6,da,20LY,0.868942729
CV2,M7,da,19CS,0.80065622
CV2,M7,da,19TA,0.836709246
CV2,M7,da,20CS,0.755804729
CV2,M7,da,20LY,0.803135555
CV2,M7,da,19CS,0.80065622
CV2,M7,da,19TA,0.836709246
CV2,M7,da,20CS,0.755804729
CV2,M7,da,20LY,0.803135555
CV2,M7,da,19CS,0.80065622
CV2,M7,da,19TA,0.836709246
CV2,M7,da,20CS,0.755804729
CV2,M7,da,20LY,0.803135555
CV2,M7,da,19CS,0.80065622
CV2,M7,da,19TA,0.836709246
CV2,M7,da,20CS,0.755804729
CV2,M7,da,20LY,0.803135555
CV2,M7,da,19CS,0.80065622
CV2,M7,da,19TA,0.836709246
CV2,M7,da,20CS,0.755804729
CV2,M7,da,20LY,0.803135555
CV2,M8,da,19CS,0.704612005
CV2,M8,da,19TA,0.696587742
CV2,M8,da,20CS,0.841342436
CV2,M8,da,20LY,0.688734483
CV2,M8,da,19CS,0.704612005
CV2,M8,da,19TA,0.696587742
CV2,M8,da,20CS,0.841342436
CV2,M8,da,20LY,0.688734483
CV2,M8,da,19CS,0.704612005
CV2,M8,da,19TA,0.696587742
CV2,M8,da,20CS,0.841342436
CV2,M8,da,20LY,0.688734483
CV2,M8,da,19CS,0.704612005
CV2,M8,da,19TA,0.696587742
CV2,M8,da,20CS,0.841342436
CV2,M8,da,20LY,0.688734483
CV2,M8,da,19CS,0.704612005
CV2,M8,da,19TA,0.696587742
CV2,M8,da,20CS,0.841342436
CV2,M8,da,20LY,0.688734483
CV2,M9,da,19CS,0.502136338
CV2,M9,da,19TA,0.428500243
CV2,M9,da,20CS,0.669245039
CV2,M9,da,20LY,0.613980288
CV2,M9,da,19CS,0.502136338
CV2,M9,da,19TA,0.428500243
CV2,M9,da,20CS,0.669245039
CV2,M9,da,20LY,0.613980288
CV2,M9,da,19CS,0.502136338
CV2,M9,da,19TA,0.428500243
CV2,M9,da,20CS,0.669245039
CV2,M9,da,20LY,0.613980288
CV2,M9,da,19CS,0.502136338
CV2,M9,da,19TA,0.428500243
CV2,M9,da,20CS,0.669245039
CV2,M9,da,20LY,0.613980288
CV2,M9,da,19CS,0.502136338
CV2,M9,da,19TA,0.428500243
CV2,M9,da,20CS,0.669245039
CV2,M9,da,20LY,0.613980288
CV3,M1,da,19TA,0.812419229
CV3,M1,da,19TA,0.812419229
CV3,M1,da,19TA,0.812419229
CV3,M1,da,19TA,0.812419229
CV3,M1,da,19TA,0.812419229
CV3,M10,da,19TA,0.452107133
CV3,M10,da,19TA,0.452107133
CV3,M10,da,19TA,0.452107133
CV3,M10,da,19TA,0.452107133
CV3,M10,da,19TA,0.452107133
CV3,M11,da,19TA,0.818688677
CV3,M11,da,19TA,0.818688677
CV3,M11,da,19TA,0.818688677
CV3,M11,da,19TA,0.818688677
CV3,M11,da,19TA,0.818688677
CV3,M12,da,19TA,0.800171144
CV3,M12,da,19TA,0.800171144
CV3,M12,da,19TA,0.800171144
CV3,M12,da,19TA,0.800171144
CV3,M12,da,19TA,0.800171144
CV3,M2,da,19TA,0.780605965
CV3,M2,da,19TA,0.780605965
CV3,M2,da,19TA,0.780605965
CV3,M2,da,19TA,0.780605965
CV3,M2,da,19TA,0.780605965
CV3,M3,da,19TA,0.325863004
CV3,M3,da,19TA,0.325863004
CV3,M3,da,19TA,0.325863004
CV3,M3,da,19TA,0.325863004
CV3,M3,da,19TA,0.325863004
CV3,M4,da,19TA,0.354517491
CV3,M4,da,19TA,0.354517491
CV3,M4,da,19TA,0.354517491
CV3,M4,da,19TA,0.354517491
CV3,M4,da,19TA,0.354517491
CV3,M5,da,19TA,0.470329976
CV3,M5,da,19TA,0.470329976
CV3,M5,da,19TA,0.470329976
CV3,M5,da,19TA,0.470329976
CV3,M5,da,19TA,0.470329976
CV3,M6,da,19TA,0.808084477
CV3,M6,da,19TA,0.808084477
CV3,M6,da,19TA,0.808084477
CV3,M6,da,19TA,0.808084477
CV3,M6,da,19TA,0.808084477
CV3,M7,da,19TA,0.802829794
CV3,M7,da,19TA,0.802829794
CV3,M7,da,19TA,0.802829794
CV3,M7,da,19TA,0.802829794
CV3,M7,da,19TA,0.802829794
CV3,M8,da,19TA,0.569778475
CV3,M8,da,19TA,0.569778475
CV3,M8,da,19TA,0.569778475
CV3,M8,da,19TA,0.569778475
CV3,M8,da,19TA,0.569778475
CV3,M9,da,19TA,0.429251761
CV3,M9,da,19TA,0.429251761
CV3,M9,da,19TA,0.429251761
CV3,M9,da,19TA,0.429251761
CV3,M9,da,19TA,0.429251761
CV3,M1,da,20LY,0.668379151
CV3,M1,da,20LY,0.668379151
CV3,M1,da,20LY,0.668379151
CV3,M1,da,20LY,0.668379151
CV3,M1,da,20LY,0.668379151
CV3,M10,da,20LY,0.118702728
CV3,M10,da,20LY,0.118702728
CV3,M10,da,20LY,0.118702728
CV3,M10,da,20LY,0.118702728
CV3,M10,da,20LY,0.118702728
CV3,M11,da,20LY,0.661474386
CV3,M11,da,20LY,0.661474386
CV3,M11,da,20LY,0.661474386
CV3,M11,da,20LY,0.661474386
CV3,M11,da,20LY,0.661474386
CV3,M12,da,20LY,0.656664302
CV3,M12,da,20LY,0.656664302
CV3,M12,da,20LY,0.656664302
CV3,M12,da,20LY,0.656664302
CV3,M12,da,20LY,0.656664302
CV3,M2,da,20LY,0.616122477
CV3,M2,da,20LY,0.616122477
CV3,M2,da,20LY,0.616122477
CV3,M2,da,20LY,0.616122477
CV3,M2,da,20LY,0.616122477
CV3,M3,da,20LY,0.253691051
CV3,M3,da,20LY,0.253691051
CV3,M3,da,20LY,0.253691051
CV3,M3,da,20LY,0.253691051
CV3,M3,da,20LY,0.253691051
CV3,M4,da,20LY,0.279005973
CV3,M4,da,20LY,0.279005973
CV3,M4,da,20LY,0.279005973
CV3,M4,da,20LY,0.279005973
CV3,M4,da,20LY,0.279005973
CV3,M5,da,20LY,0.460928767
CV3,M5,da,20LY,0.460928767
CV3,M5,da,20LY,0.460928767
CV3,M5,da,20LY,0.460928767
CV3,M5,da,20LY,0.460928767
CV3,M6,da,20LY,0.65213151
CV3,M6,da,20LY,0.65213151
CV3,M6,da,20LY,0.65213151
CV3,M6,da,20LY,0.65213151
CV3,M6,da,20LY,0.65213151
CV3,M7,da,20LY,0.675076819
CV3,M7,da,20LY,0.675076819
CV3,M7,da,20LY,0.675076819
CV3,M7,da,20LY,0.675076819
CV3,M7,da,20LY,0.675076819
CV3,M8,da,20LY,0.028584885
CV3,M8,da,20LY,0.028584885
CV3,M8,da,20LY,0.028584885
CV3,M8,da,20LY,0.028584885
CV3,M8,da,20LY,0.028584885
CV3,M9,da,20LY,0.284448524
CV3,M9,da,20LY,0.284448524
CV3,M9,da,20LY,0.284448524
CV3,M9,da,20LY,0.284448524
CV3,M9,da,20LY,0.284448524
CV1,M1,ph,19CS,0.539549517
CV1,M1,ph,19TA,0.604186457
CV1,M1,ph,20CS,0.54754975
CV1,M1,ph,20LY,0.476207694
CV1,M1,ph,19CS,0.539549517
CV1,M1,ph,19TA,0.604186457
CV1,M1,ph,20CS,0.54754975
CV1,M1,ph,20LY,0.476207694
CV1,M1,ph,19CS,0.539549517
CV1,M1,ph,19TA,0.604186457
CV1,M1,ph,20CS,0.54754975
CV1,M1,ph,20LY,0.476207694
CV1,M1,ph,19CS,0.539549517
CV1,M1,ph,19TA,0.604186457
CV1,M1,ph,20CS,0.54754975
CV1,M1,ph,20LY,0.476207694
CV1,M1,ph,19CS,0.539549517
CV1,M1,ph,19TA,0.604186457
CV1,M1,ph,20CS,0.54754975
CV1,M1,ph,20LY,0.476207694
CV1,M10,ph,19CS,0.209781886
CV1,M10,ph,19TA,0.007194953
CV1,M10,ph,20CS,0.255091957
CV1,M10,ph,20LY,0.108556054
CV1,M10,ph,19CS,0.209781886
CV1,M10,ph,19TA,0.007194953
CV1,M10,ph,20CS,0.255091957
CV1,M10,ph,20LY,0.108556054
CV1,M10,ph,19CS,0.209781886
CV1,M10,ph,19TA,0.007194953
CV1,M10,ph,20CS,0.255091957
CV1,M10,ph,20LY,0.108556054
CV1,M10,ph,19CS,0.209781886
CV1,M10,ph,19TA,0.007194953
CV1,M10,ph,20CS,0.255091957
CV1,M10,ph,20LY,0.108556054
CV1,M10,ph,19CS,0.209781886
CV1,M10,ph,19TA,0.007194953
CV1,M10,ph,20CS,0.255091957
CV1,M10,ph,20LY,0.108556054
CV1,M11,ph,19CS,0.55689305
CV1,M11,ph,19TA,0.633953594
CV1,M11,ph,20CS,0.55939621
CV1,M11,ph,20LY,0.495592494
CV1,M11,ph,19CS,0.55689305
CV1,M11,ph,19TA,0.633953594
CV1,M11,ph,20CS,0.55939621
CV1,M11,ph,20LY,0.495592494
CV1,M11,ph,19CS,0.55689305
CV1,M11,ph,19TA,0.633953594
CV1,M11,ph,20CS,0.55939621
CV1,M11,ph,20LY,0.495592494
CV1,M11,ph,19CS,0.55689305
CV1,M11,ph,19TA,0.633953594
CV1,M11,ph,20CS,0.55939621
CV1,M11,ph,20LY,0.495592494
CV1,M11,ph,19CS,0.55689305
CV1,M11,ph,19TA,0.633953594
CV1,M11,ph,20CS,0.55939621
CV1,M11,ph,20LY,0.495592494
CV1,M12,ph,19CS,0.589901635
CV1,M12,ph,19TA,0.672815464
CV1,M12,ph,20CS,0.577061224
CV1,M12,ph,20LY,0.573201672
CV1,M12,ph,19CS,0.589901635
CV1,M12,ph,19TA,0.672815464
CV1,M12,ph,20CS,0.577061224
CV1,M12,ph,20LY,0.573201672
CV1,M12,ph,19CS,0.589901635
CV1,M12,ph,19TA,0.672815464
CV1,M12,ph,20CS,0.577061224
CV1,M12,ph,20LY,0.573201672
CV1,M12,ph,19CS,0.589901635
CV1,M12,ph,19TA,0.672815464
CV1,M12,ph,20CS,0.577061224
CV1,M12,ph,20LY,0.573201672
CV1,M12,ph,19CS,0.589901635
CV1,M12,ph,19TA,0.672815464
CV1,M12,ph,20CS,0.577061224
CV1,M12,ph,20LY,0.573201672
CV1,M2,ph,19CS,0.309051989
CV1,M2,ph,19TA,0.283807895
CV1,M2,ph,20CS,0.352299784
CV1,M2,ph,20LY,0.240611237
CV1,M2,ph,19CS,0.309051989
CV1,M2,ph,19TA,0.283807895
CV1,M2,ph,20CS,0.352299784
CV1,M2,ph,20LY,0.240611237
CV1,M2,ph,19CS,0.309051989
CV1,M2,ph,19TA,0.283807895
CV1,M2,ph,20CS,0.352299784
CV1,M2,ph,20LY,0.240611237
CV1,M2,ph,19CS,0.309051989
CV1,M2,ph,19TA,0.283807895
CV1,M2,ph,20CS,0.352299784
CV1,M2,ph,20LY,0.240611237
CV1,M2,ph,19CS,0.309051989
CV1,M2,ph,19TA,0.283807895
CV1,M2,ph,20CS,0.352299784
CV1,M2,ph,20LY,0.240611237
CV1,M3,ph,19CS,0.368323787
CV1,M3,ph,19TA,0.044520765
CV1,M3,ph,20CS,0.515746652
CV1,M3,ph,20LY,0.352789103
CV1,M3,ph,19CS,0.368323787
CV1,M3,ph,19TA,0.044520765
CV1,M3,ph,20CS,0.515746652
CV1,M3,ph,20LY,0.352789103
CV1,M3,ph,19CS,0.368323787
CV1,M3,ph,19TA,0.044520765
CV1,M3,ph,20CS,0.515746652
CV1,M3,ph,20LY,0.352789103
CV1,M3,ph,19CS,0.368323787
CV1,M3,ph,19TA,0.044520765
CV1,M3,ph,20CS,0.515746652
CV1,M3,ph,20LY,0.352789103
CV1,M3,ph,19CS,0.368323787
CV1,M3,ph,19TA,0.044520765
CV1,M3,ph,20CS,0.515746652
CV1,M3,ph,20LY,0.352789103
CV1,M4,ph,19CS,0.149112956
CV1,M4,ph,19TA,0.01039882
CV1,M4,ph,20CS,0.215057144
CV1,M4,ph,20LY,0.269112621
CV1,M4,ph,19CS,0.149112956
CV1,M4,ph,19TA,0.01039882
CV1,M4,ph,20CS,0.215057144
CV1,M4,ph,20LY,0.269112621
CV1,M4,ph,19CS,0.149112956
CV1,M4,ph,19TA,0.01039882
CV1,M4,ph,20CS,0.215057144
CV1,M4,ph,20LY,0.269112621
CV1,M4,ph,19CS,0.149112956
CV1,M4,ph,19TA,0.01039882
CV1,M4,ph,20CS,0.215057144
CV1,M4,ph,20LY,0.269112621
CV1,M4,ph,19CS,0.149112956
CV1,M4,ph,19TA,0.01039882
CV1,M4,ph,20CS,0.215057144
CV1,M4,ph,20LY,0.269112621
CV1,M5,ph,19CS,0.341797407
CV1,M5,ph,19TA,0.020573795
CV1,M5,ph,20CS,0.447743314
CV1,M5,ph,20LY,0.34186444
CV1,M5,ph,19CS,0.341797407
CV1,M5,ph,19TA,0.020573795
CV1,M5,ph,20CS,0.447743314
CV1,M5,ph,20LY,0.34186444
CV1,M5,ph,19CS,0.341797407
CV1,M5,ph,19TA,0.020573795
CV1,M5,ph,20CS,0.447743314
CV1,M5,ph,20LY,0.34186444
CV1,M5,ph,19CS,0.341797407
CV1,M5,ph,19TA,0.020573795
CV1,M5,ph,20CS,0.447743314
CV1,M5,ph,20LY,0.34186444
CV1,M5,ph,19CS,0.341797407
CV1,M5,ph,19TA,0.020573795
CV1,M5,ph,20CS,0.447743314
CV1,M5,ph,20LY,0.34186444
CV1,M6,ph,19CS,0.602278335
CV1,M6,ph,19TA,0.684150903
CV1,M6,ph,20CS,0.599866434
CV1,M6,ph,20LY,0.520060145
CV1,M6,ph,19CS,0.602278335
CV1,M6,ph,19TA,0.684150903
CV1,M6,ph,20CS,0.599866434
CV1,M6,ph,20LY,0.520060145
CV1,M6,ph,19CS,0.602278335
CV1,M6,ph,19TA,0.684150903
CV1,M6,ph,20CS,0.599866434
CV1,M6,ph,20LY,0.520060145
CV1,M6,ph,19CS,0.602278335
CV1,M6,ph,19TA,0.684150903
CV1,M6,ph,20CS,0.599866434
CV1,M6,ph,20LY,0.520060145
CV1,M6,ph,19CS,0.602278335
CV1,M6,ph,19TA,0.684150903
CV1,M6,ph,20CS,0.599866434
CV1,M6,ph,20LY,0.520060145
CV1,M7,ph,19CS,0.492956203
CV1,M7,ph,19TA,0.607129687
CV1,M7,ph,20CS,0.472337877
CV1,M7,ph,20LY,0.482788983
CV1,M7,ph,19CS,0.492956203
CV1,M7,ph,19TA,0.607129687
CV1,M7,ph,20CS,0.472337877
CV1,M7,ph,20LY,0.482788983
CV1,M7,ph,19CS,0.492956203
CV1,M7,ph,19TA,0.607129687
CV1,M7,ph,20CS,0.472337877
CV1,M7,ph,20LY,0.482788983
CV1,M7,ph,19CS,0.492956203
CV1,M7,ph,19TA,0.607129687
CV1,M7,ph,20CS,0.472337877
CV1,M7,ph,20LY,0.482788983
CV1,M7,ph,19CS,0.492956203
CV1,M7,ph,19TA,0.607129687
CV1,M7,ph,20CS,0.472337877
CV1,M7,ph,20LY,0.482788983
CV1,M8,ph,19CS,0.309981736
CV1,M8,ph,19TA,0.070395612
CV1,M8,ph,20CS,0.365045419
CV1,M8,ph,20LY,0.393361488
CV1,M8,ph,19CS,0.309981736
CV1,M8,ph,19TA,0.070395612
CV1,M8,ph,20CS,0.365045419
CV1,M8,ph,20LY,0.393361488
CV1,M8,ph,19CS,0.309981736
CV1,M8,ph,19TA,0.070395612
CV1,M8,ph,20CS,0.365045419
CV1,M8,ph,20LY,0.393361488
CV1,M8,ph,19CS,0.309981736
CV1,M8,ph,19TA,0.070395612
CV1,M8,ph,20CS,0.365045419
CV1,M8,ph,20LY,0.393361488
CV1,M8,ph,19CS,0.309981736
CV1,M8,ph,19TA,0.070395612
CV1,M8,ph,20CS,0.365045419
CV1,M8,ph,20LY,0.393361488
CV1,M9,ph,19CS,0.100169728
CV1,M9,ph,19TA,0.072475729
CV1,M9,ph,20CS,0.19807911
CV1,M9,ph,20LY,-0.082354902
CV1,M9,ph,19CS,0.100169728
CV1,M9,ph,19TA,0.072475729
CV1,M9,ph,20CS,0.19807911
CV1,M9,ph,20LY,-0.082354902
CV1,M9,ph,19CS,0.100169728
CV1,M9,ph,19TA,0.072475729
CV1,M9,ph,20CS,0.19807911
CV1,M9,ph,20LY,-0.082354902
CV1,M9,ph,19CS,0.100169728
CV1,M9,ph,19TA,0.072475729
CV1,M9,ph,20CS,0.19807911
CV1,M9,ph,20LY,-0.082354902
CV1,M9,ph,19CS,0.100169728
CV1,M9,ph,19TA,0.072475729
CV1,M9,ph,20CS,0.19807911
CV1,M9,ph,20LY,-0.082354902
CV2,M1,ph,19CS,0.919077248
CV2,M1,ph,19TA,0.899814246
CV2,M1,ph,20CS,0.910948274
CV2,M1,ph,20LY,0.853905837
CV2,M1,ph,19CS,0.919077248
CV2,M1,ph,19TA,0.899814246
CV2,M1,ph,20CS,0.910948274
CV2,M1,ph,20LY,0.853905837
CV2,M1,ph,19CS,0.919077248
CV2,M1,ph,19TA,0.899814246
CV2,M1,ph,20CS,0.910948274
CV2,M1,ph,20LY,0.853905837
CV2,M1,ph,19CS,0.919077248
CV2,M1,ph,19TA,0.899814246
CV2,M1,ph,20CS,0.910948274
CV2,M1,ph,20LY,0.853905837
CV2,M1,ph,19CS,0.919077248
CV2,M1,ph,19TA,0.899814246
CV2,M1,ph,20CS,0.910948274
CV2,M1,ph,20LY,0.853905837
CV2,M10,ph,19CS,0.688508829
CV2,M10,ph,19TA,0.599308446
CV2,M10,ph,20CS,0.699805113
CV2,M10,ph,20LY,0.527453037
CV2,M10,ph,19CS,0.688508829
CV2,M10,ph,19TA,0.599308446
CV2,M10,ph,20CS,0.699805113
CV2,M10,ph,20LY,0.527453037
CV2,M10,ph,19CS,0.688508829
CV2,M10,ph,19TA,0.599308446
CV2,M10,ph,20CS,0.699805113
CV2,M10,ph,20LY,0.527453037
CV2,M10,ph,19CS,0.688508829
CV2,M10,ph,19TA,0.599308446
CV2,M10,ph,20CS,0.699805113
CV2,M10,ph,20LY,0.527453037
CV2,M10,ph,19CS,0.688508829
CV2,M10,ph,19TA,0.599308446
CV2,M10,ph,20CS,0.699805113
CV2,M10,ph,20LY,0.527453037
CV2,M11,ph,19CS,0.924164042
CV2,M11,ph,19TA,0.915928515
CV2,M11,ph,20CS,0.916378272
CV2,M11,ph,20LY,0.859094492
CV2,M11,ph,19CS,0.924164042
CV2,M11,ph,19TA,0.915928515
CV2,M11,ph,20CS,0.916378272
CV2,M11,ph,20LY,0.859094492
CV2,M11,ph,19CS,0.924164042
CV2,M11,ph,19TA,0.915928515
CV2,M11,ph,20CS,0.916378272
CV2,M11,ph,20LY,0.859094492
CV2,M11,ph,19CS,0.924164042
CV2,M11,ph,19TA,0.915928515
CV2,M11,ph,20CS,0.916378272
CV2,M11,ph,20LY,0.859094492
CV2,M11,ph,19CS,0.924164042
CV2,M11,ph,19TA,0.915928515
CV2,M11,ph,20CS,0.916378272
CV2,M11,ph,20LY,0.859094492
CV2,M12,ph,19CS,0.842309697
CV2,M12,ph,19TA,0.888435161
CV2,M12,ph,20CS,0.862326349
CV2,M12,ph,20LY,0.770529378
CV2,M12,ph,19CS,0.842309697
CV2,M12,ph,19TA,0.888435161
CV2,M12,ph,20CS,0.862326349
CV2,M12,ph,20LY,0.770529378
CV2,M12,ph,19CS,0.842309697
CV2,M12,ph,19TA,0.888435161
CV2,M12,ph,20CS,0.862326349
CV2,M12,ph,20LY,0.770529378
CV2,M12,ph,19CS,0.842309697
CV2,M12,ph,19TA,0.888435161
CV2,M12,ph,20CS,0.862326349
CV2,M12,ph,20LY,0.770529378
CV2,M12,ph,19CS,0.842309697
CV2,M12,ph,19TA,0.888435161
CV2,M12,ph,20CS,0.862326349
CV2,M12,ph,20LY,0.770529378
CV2,M2,ph,19CS,0.85449899
CV2,M2,ph,19TA,0.835426068
CV2,M2,ph,20CS,0.845254503
CV2,M2,ph,20LY,0.697759756
CV2,M2,ph,19CS,0.85449899
CV2,M2,ph,19TA,0.835426068
CV2,M2,ph,20CS,0.845254503
CV2,M2,ph,20LY,0.697759756
CV2,M2,ph,19CS,0.85449899
CV2,M2,ph,19TA,0.835426068
CV2,M2,ph,20CS,0.845254503
CV2,M2,ph,20LY,0.697759756
CV2,M2,ph,19CS,0.85449899
CV2,M2,ph,19TA,0.835426068
CV2,M2,ph,20CS,0.845254503
CV2,M2,ph,20LY,0.697759756
CV2,M2,ph,19CS,0.85449899
CV2,M2,ph,19TA,0.835426068
CV2,M2,ph,20CS,0.845254503
CV2,M2,ph,20LY,0.697759756
CV2,M3,ph,19CS,0.697968106
CV2,M3,ph,19TA,0.627165287
CV2,M3,ph,20CS,0.762922507
CV2,M3,ph,20LY,0.54443099
CV2,M3,ph,19CS,0.697968106
CV2,M3,ph,19TA,0.627165287
CV2,M3,ph,20CS,0.762922507
CV2,M3,ph,20LY,0.54443099
CV2,M3,ph,19CS,0.697968106
CV2,M3,ph,19TA,0.627165287
CV2,M3,ph,20CS,0.762922507
CV2,M3,ph,20LY,0.54443099
CV2,M3,ph,19CS,0.697968106
CV2,M3,ph,19TA,0.627165287
CV2,M3,ph,20CS,0.762922507
CV2,M3,ph,20LY,0.54443099
CV2,M3,ph,19CS,0.697968106
CV2,M3,ph,19TA,0.627165287
CV2,M3,ph,20CS,0.762922507
CV2,M3,ph,20LY,0.54443099
CV2,M4,ph,19CS,0.61529813
CV2,M4,ph,19TA,0.517981402
CV2,M4,ph,20CS,0.616729009
CV2,M4,ph,20LY,0.594311189
CV2,M4,ph,19CS,0.61529813
CV2,M4,ph,19TA,0.517981402
CV2,M4,ph,20CS,0.616729009
CV2,M4,ph,20LY,0.594311189
CV2,M4,ph,19CS,0.61529813
CV2,M4,ph,19TA,0.517981402
CV2,M4,ph,20CS,0.616729009
CV2,M4,ph,20LY,0.594311189
CV2,M4,ph,19CS,0.61529813
CV2,M4,ph,19TA,0.517981402
CV2,M4,ph,20CS,0.616729009
CV2,M4,ph,20LY,0.594311189
CV2,M4,ph,19CS,0.61529813
CV2,M4,ph,19TA,0.517981402
CV2,M4,ph,20CS,0.616729009
CV2,M4,ph,20LY,0.594311189
CV2,M5,ph,19CS,0.672939138
CV2,M5,ph,19TA,0.643275257
CV2,M5,ph,20CS,0.71857045
CV2,M5,ph,20LY,0.620121212
CV2,M5,ph,19CS,0.672939138
CV2,M5,ph,19TA,0.643275257
CV2,M5,ph,20CS,0.71857045
CV2,M5,ph,20LY,0.620121212
CV2,M5,ph,19CS,0.672939138
CV2,M5,ph,19TA,0.643275257
CV2,M5,ph,20CS,0.71857045
CV2,M5,ph,20LY,0.620121212
CV2,M5,ph,19CS,0.672939138
CV2,M5,ph,19TA,0.643275257
CV2,M5,ph,20CS,0.71857045
CV2,M5,ph,20LY,0.620121212
CV2,M5,ph,19CS,0.672939138
CV2,M5,ph,19TA,0.643275257
CV2,M5,ph,20CS,0.71857045
CV2,M5,ph,20LY,0.620121212
CV2,M6,ph,19CS,0.869163964
CV2,M6,ph,19TA,0.910096819
CV2,M6,ph,20CS,0.869705782
CV2,M6,ph,20LY,0.760059272
CV2,M6,ph,19CS,0.869163964
CV2,M6,ph,19TA,0.910096819
CV2,M6,ph,20CS,0.869705782
CV2,M6,ph,20LY,0.760059272
CV2,M6,ph,19CS,0.869163964
CV2,M6,ph,19TA,0.910096819
CV2,M6,ph,20CS,0.869705782
CV2,M6,ph,20LY,0.760059272
CV2,M6,ph,19CS,0.869163964
CV2,M6,ph,19TA,0.910096819
CV2,M6,ph,20CS,0.869705782
CV2,M6,ph,20LY,0.760059272
CV2,M6,ph,19CS,0.869163964
CV2,M6,ph,19TA,0.910096819
CV2,M6,ph,20CS,0.869705782
CV2,M6,ph,20LY,0.760059272
CV2,M7,ph,19CS,0.82350153
CV2,M7,ph,19TA,0.853635372
CV2,M7,ph,20CS,0.848409767
CV2,M7,ph,20LY,0.707587585
CV2,M7,ph,19CS,0.82350153
CV2,M7,ph,19TA,0.853635372
CV2,M7,ph,20CS,0.848409767
CV2,M7,ph,20LY,0.707587585
CV2,M7,ph,19CS,0.82350153
CV2,M7,ph,19TA,0.853635372
CV2,M7,ph,20CS,0.848409767
CV2,M7,ph,20LY,0.707587585
CV2,M7,ph,19CS,0.82350153
CV2,M7,ph,19TA,0.853635372
CV2,M7,ph,20CS,0.848409767
CV2,M7,ph,20LY,0.707587585
CV2,M7,ph,19CS,0.82350153
CV2,M7,ph,19TA,0.853635372
CV2,M7,ph,20CS,0.848409767
CV2,M7,ph,20LY,0.707587585
CV2,M8,ph,19CS,0.654193462
CV2,M8,ph,19TA,0.527650013
CV2,M8,ph,20CS,0.648766565
CV2,M8,ph,20LY,0.557116087
CV2,M8,ph,19CS,0.654193462
CV2,M8,ph,19TA,0.527650013
CV2,M8,ph,20CS,0.648766565
CV2,M8,ph,20LY,0.557116087
CV2,M8,ph,19CS,0.654193462
CV2,M8,ph,19TA,0.527650013
CV2,M8,ph,20CS,0.648766565
CV2,M8,ph,20LY,0.557116087
CV2,M8,ph,19CS,0.654193462
CV2,M8,ph,19TA,0.527650013
CV2,M8,ph,20CS,0.648766565
CV2,M8,ph,20LY,0.557116087
CV2,M8,ph,19CS,0.654193462
CV2,M8,ph,19TA,0.527650013
CV2,M8,ph,20CS,0.648766565
CV2,M8,ph,20LY,0.557116087
CV2,M9,ph,19CS,0.546292137
CV2,M9,ph,19TA,0.590099408
CV2,M9,ph,20CS,0.578467922
CV2,M9,ph,20LY,0.387305813
CV2,M9,ph,19CS,0.546292137
CV2,M9,ph,19TA,0.590099408
CV2,M9,ph,20CS,0.578467922
CV2,M9,ph,20LY,0.387305813
CV2,M9,ph,19CS,0.546292137
CV2,M9,ph,19TA,0.590099408
CV2,M9,ph,20CS,0.578467922
CV2,M9,ph,20LY,0.387305813
CV2,M9,ph,19CS,0.546292137
CV2,M9,ph,19TA,0.590099408
CV2,M9,ph,20CS,0.578467922
CV2,M9,ph,20LY,0.387305813
CV2,M9,ph,19CS,0.546292137
CV2,M9,ph,19TA,0.590099408
CV2,M9,ph,20CS,0.578467922
CV2,M9,ph,20LY,0.387305813
CV3,M1,ph,19TA,0.87166109
CV3,M1,ph,19TA,0.87166109
CV3,M1,ph,19TA,0.87166109
CV3,M1,ph,19TA,0.87166109
CV3,M1,ph,19TA,0.87166109
CV3,M10,ph,19TA,0.461011848
CV3,M10,ph,19TA,0.461011848
CV3,M10,ph,19TA,0.461011848
CV3,M10,ph,19TA,0.461011848
CV3,M10,ph,19TA,0.461011848
CV3,M11,ph,19TA,0.869283953
CV3,M11,ph,19TA,0.869283953
CV3,M11,ph,19TA,0.869283953
CV3,M11,ph,19TA,0.869283953
CV3,M11,ph,19TA,0.869283953
CV3,M12,ph,19TA,0.843244421
CV3,M12,ph,19TA,0.843244421
CV3,M12,ph,19TA,0.843244421
CV3,M12,ph,19TA,0.843244421
CV3,M12,ph,19TA,0.843244421
CV3,M2,ph,19TA,0.829028086
CV3,M2,ph,19TA,0.829028086
CV3,M2,ph,19TA,0.829028086
CV3,M2,ph,19TA,0.829028086
CV3,M2,ph,19TA,0.829028086
CV3,M3,ph,19TA,0.407581263
CV3,M3,ph,19TA,0.407581263
CV3,M3,ph,19TA,0.407581263
CV3,M3,ph,19TA,0.407581263
CV3,M3,ph,19TA,0.407581263
CV3,M4,ph,19TA,0.463607912
CV3,M4,ph,19TA,0.463607912
CV3,M4,ph,19TA,0.463607912
CV3,M4,ph,19TA,0.463607912
CV3,M4,ph,19TA,0.463607912
CV3,M5,ph,19TA,0.400991787
CV3,M5,ph,19TA,0.400991787
CV3,M5,ph,19TA,0.400991787
CV3,M5,ph,19TA,0.400991787
CV3,M5,ph,19TA,0.400991787
CV3,M6,ph,19TA,0.87172174
CV3,M6,ph,19TA,0.87172174
CV3,M6,ph,19TA,0.87172174
CV3,M6,ph,19TA,0.87172174
CV3,M6,ph,19TA,0.87172174
CV3,M7,ph,19TA,0.809274643
CV3,M7,ph,19TA,0.809274643
CV3,M7,ph,19TA,0.809274643
CV3,M7,ph,19TA,0.809274643
CV3,M7,ph,19TA,0.809274643
CV3,M8,ph,19TA,0.443381157
CV3,M8,ph,19TA,0.443381157
CV3,M8,ph,19TA,0.443381157
CV3,M8,ph,19TA,0.443381157
CV3,M8,ph,19TA,0.443381157
CV3,M9,ph,19TA,0.490697109
CV3,M9,ph,19TA,0.490697109
CV3,M9,ph,19TA,0.490697109
CV3,M9,ph,19TA,0.490697109
CV3,M9,ph,19TA,0.490697109
CV3,M1,ph,20LY,0.764856249
CV3,M1,ph,20LY,0.764856249
CV3,M1,ph,20LY,0.764856249
CV3,M1,ph,20LY,0.764856249
CV3,M1,ph,20LY,0.764856249
CV3,M10,ph,20LY,0.467950032
CV3,M10,ph,20LY,0.467950032
CV3,M10,ph,20LY,0.467950032
CV3,M10,ph,20LY,0.467950032
CV3,M10,ph,20LY,0.467950032
CV3,M11,ph,20LY,0.765380492
CV3,M11,ph,20LY,0.765380492
CV3,M11,ph,20LY,0.765380492
CV3,M11,ph,20LY,0.765380492
CV3,M11,ph,20LY,0.765380492
CV3,M12,ph,20LY,0.686273545
CV3,M12,ph,20LY,0.686273545
CV3,M12,ph,20LY,0.686273545
CV3,M12,ph,20LY,0.686273545
CV3,M12,ph,20LY,0.686273545
CV3,M2,ph,20LY,0.670481158
CV3,M2,ph,20LY,0.670481158
CV3,M2,ph,20LY,0.670481158
CV3,M2,ph,20LY,0.670481158
CV3,M2,ph,20LY,0.670481158
CV3,M3,ph,20LY,0.422763602
CV3,M3,ph,20LY,0.422763602
CV3,M3,ph,20LY,0.422763602
CV3,M3,ph,20LY,0.422763602
CV3,M3,ph,20LY,0.422763602
CV3,M4,ph,20LY,0.464036511
CV3,M4,ph,20LY,0.464036511
CV3,M4,ph,20LY,0.464036511
CV3,M4,ph,20LY,0.464036511
CV3,M4,ph,20LY,0.464036511
CV3,M5,ph,20LY,0.451593401
CV3,M5,ph,20LY,0.451593401
CV3,M5,ph,20LY,0.451593401
CV3,M5,ph,20LY,0.451593401
CV3,M5,ph,20LY,0.451593401
CV3,M6,ph,20LY,0.765684301
CV3,M6,ph,20LY,0.765684301
CV3,M6,ph,20LY,0.765684301
CV3,M6,ph,20LY,0.765684301
CV3,M6,ph,20LY,0.765684301
CV3,M7,ph,20LY,0.697298507
CV3,M7,ph,20LY,0.697298507
CV3,M7,ph,20LY,0.697298507
CV3,M7,ph,20LY,0.697298507
CV3,M7,ph,20LY,0.697298507
CV3,M8,ph,20LY,0.448350292
CV3,M8,ph,20LY,0.448350292
CV3,M8,ph,20LY,0.448350292
CV3,M8,ph,20LY,0.448350292
CV3,M8,ph,20LY,0.448350292
CV3,M9,ph,20LY,0.396841985
CV3,M9,ph,20LY,0.396841985
CV3,M9,ph,20LY,0.396841985
CV3,M9,ph,20LY,0.396841985
CV3,M9,ph,20LY,0.396841985
CV1,M1,protein,19CS,0.519029394
CV1,M1,protein,19TA,0.331056929
CV1,M1,protein,20CS,0.48753082
CV1,M1,protein,20LY,0.244891127
CV1,M1,protein,19CS,0.519029394
CV1,M1,protein,19TA,0.331056929
CV1,M1,protein,20CS,0.48753082
CV1,M1,protein,20LY,0.244891127
CV1,M1,protein,19CS,0.519029394
CV1,M1,protein,19TA,0.331056929
CV1,M1,protein,20CS,0.48753082
CV1,M1,protein,20LY,0.244891127
CV1,M1,protein,19CS,0.519029394
CV1,M1,protein,19TA,0.331056929
CV1,M1,protein,20CS,0.48753082
CV1,M1,protein,20LY,0.244891127
CV1,M1,protein,19CS,0.519029394
CV1,M1,protein,19TA,0.331056929
CV1,M1,protein,20CS,0.48753082
CV1,M1,protein,20LY,0.244891127
CV1,M2,protein,19CS,0.625307467
CV1,M2,protein,19TA,0.566601183
CV1,M2,protein,20CS,0.670891764
CV1,M2,protein,20LY,0.207908512
CV1,M2,protein,19CS,0.625307467
CV1,M2,protein,19TA,0.566601183
CV1,M2,protein,20CS,0.670891764
CV1,M2,protein,20LY,0.207908512
CV1,M2,protein,19CS,0.625307467
CV1,M2,protein,19TA,0.566601183
CV1,M2,protein,20CS,0.670891764
CV1,M2,protein,20LY,0.207908512
CV1,M2,protein,19CS,0.625307467
CV1,M2,protein,19TA,0.566601183
CV1,M2,protein,20CS,0.670891764
CV1,M2,protein,20LY,0.207908512
CV1,M2,protein,19CS,0.625307467
CV1,M2,protein,19TA,0.566601183
CV1,M2,protein,20CS,0.670891764
CV1,M2,protein,20LY,0.207908512
CV1,M3,protein,19CS,0.719685937
CV1,M3,protein,19TA,0.704935392
CV1,M3,protein,20CS,0.7414815
CV1,M3,protein,20LY,0.572403415
CV1,M3,protein,19CS,0.719685937
CV1,M3,protein,19TA,0.704935392
CV1,M3,protein,20CS,0.7414815
CV1,M3,protein,20LY,0.572403415
CV1,M3,protein,19CS,0.719685937
CV1,M3,protein,19TA,0.704935392
CV1,M3,protein,20CS,0.7414815
CV1,M3,protein,20LY,0.572403415
CV1,M3,protein,19CS,0.719685937
CV1,M3,protein,19TA,0.704935392
CV1,M3,protein,20CS,0.7414815
CV1,M3,protein,20LY,0.572403415
CV1,M3,protein,19CS,0.719685937
CV1,M3,protein,19TA,0.704935392
CV1,M3,protein,20CS,0.7414815
CV1,M3,protein,20LY,0.572403415
CV1,M4,protein,19CS,0.454223735
CV1,M4,protein,19TA,0.531966763
CV1,M4,protein,20CS,0.459076212
CV1,M4,protein,20LY,0.302347384
CV1,M4,protein,19CS,0.454223735
CV1,M4,protein,19TA,0.531966763
CV1,M4,protein,20CS,0.459076212
CV1,M4,protein,20LY,0.302347384
CV1,M4,protein,19CS,0.454223735
CV1,M4,protein,19TA,0.531966763
CV1,M4,protein,20CS,0.459076212
CV1,M4,protein,20LY,0.302347384
CV1,M4,protein,19CS,0.454223735
CV1,M4,protein,19TA,0.531966763
CV1,M4,protein,20CS,0.459076212
CV1,M4,protein,20LY,0.302347384
CV1,M4,protein,19CS,0.454223735
CV1,M4,protein,19TA,0.531966763
CV1,M4,protein,20CS,0.459076212
CV1,M4,protein,20LY,0.302347384
CV2,M1,protein,19CS,0.796512367
CV2,M1,protein,19TA,0.753129784
CV2,M1,protein,20CS,0.801077454
CV2,M1,protein,20LY,0.817990608
CV2,M1,protein,19CS,0.796512367
CV2,M1,protein,19TA,0.753129784
CV2,M1,protein,20CS,0.801077454
CV2,M1,protein,20LY,0.817990608
CV2,M1,protein,19CS,0.796512367
CV2,M1,protein,19TA,0.753129784
CV2,M1,protein,20CS,0.801077454
CV2,M1,protein,20LY,0.817990608
CV2,M1,protein,19CS,0.796512367
CV2,M1,protein,19TA,0.753129784
CV2,M1,protein,20CS,0.801077454
CV2,M1,protein,20LY,0.817990608
CV2,M1,protein,19CS,0.796512367
CV2,M1,protein,19TA,0.753129784
CV2,M1,protein,20CS,0.801077454
CV2,M1,protein,20LY,0.817990608
CV2,M2,protein,19CS,0.645920567
CV2,M2,protein,19TA,0.648587323
CV2,M2,protein,20CS,0.658891378
CV2,M2,protein,20LY,0.56651353
CV2,M2,protein,19CS,0.645920567
CV2,M2,protein,19TA,0.648587323
CV2,M2,protein,20CS,0.658891378
CV2,M2,protein,20LY,0.56651353
CV2,M2,protein,19CS,0.645920567
CV2,M2,protein,19TA,0.648587323
CV2,M2,protein,20CS,0.658891378
CV2,M2,protein,20LY,0.56651353
CV2,M2,protein,19CS,0.645920567
CV2,M2,protein,19TA,0.648587323
CV2,M2,protein,20CS,0.658891378
CV2,M2,protein,20LY,0.56651353
CV2,M2,protein,19CS,0.645920567
CV2,M2,protein,19TA,0.648587323
CV2,M2,protein,20CS,0.658891378
CV2,M2,protein,20LY,0.56651353
CV2,M3,protein,19CS,0.858111359
CV2,M3,protein,19TA,0.889552522
CV2,M3,protein,20CS,0.899017152
CV2,M3,protein,20LY,0.899092649
CV2,M3,protein,19CS,0.858111359
CV2,M3,protein,19TA,0.889552522
CV2,M3,protein,20CS,0.899017152
CV2,M3,protein,20LY,0.899092649
CV2,M3,protein,19CS,0.858111359
CV2,M3,protein,19TA,0.889552522
CV2,M3,protein,20CS,0.899017152
CV2,M3,protein,20LY,0.899092649
CV2,M3,protein,19CS,0.858111359
CV2,M3,protein,19TA,0.889552522
CV2,M3,protein,20CS,0.899017152
CV2,M3,protein,20LY,0.899092649
CV2,M3,protein,19CS,0.858111359
CV2,M3,protein,19TA,0.889552522
CV2,M3,protein,20CS,0.899017152
CV2,M3,protein,20LY,0.899092649
CV2,M4,protein,19CS,0.86321928
CV2,M4,protein,19TA,0.870498238
CV2,M4,protein,20CS,0.842688248
CV2,M4,protein,20LY,0.885999003
CV2,M4,protein,19CS,0.86321928
CV2,M4,protein,19TA,0.870498238
CV2,M4,protein,20CS,0.842688248
CV2,M4,protein,20LY,0.885999003
CV2,M4,protein,19CS,0.86321928
CV2,M4,protein,19TA,0.870498238
CV2,M4,protein,20CS,0.842688248
CV2,M4,protein,20LY,0.885999003
CV2,M4,protein,19CS,0.86321928
CV2,M4,protein,19TA,0.870498238
CV2,M4,protein,20CS,0.842688248
CV2,M4,protein,20LY,0.885999003
CV2,M4,protein,19CS,0.86321928
CV2,M4,protein,19TA,0.870498238
CV2,M4,protein,20CS,0.842688248
CV2,M4,protein,20LY,0.885999003
CV3,M1,protein,19TA,0.62287424
CV3,M1,protein,19TA,0.62287424
CV3,M1,protein,19TA,0.62287424
CV3,M1,protein,19TA,0.62287424
CV3,M1,protein,19TA,0.62287424
CV3,M2,protein,19TA,0.592267535
CV3,M2,protein,19TA,0.592267535
CV3,M2,protein,19TA,0.592267535
CV3,M2,protein,19TA,0.592267535
CV3,M2,protein,19TA,0.592267535
CV3,M3,protein,19TA,0.713842544
CV3,M3,protein,19TA,0.713842544
CV3,M3,protein,19TA,0.713842544
CV3,M3,protein,19TA,0.713842544
CV3,M3,protein,19TA,0.713842544
CV3,M4,protein,19TA,0.778737216
CV3,M4,protein,19TA,0.778737216
CV3,M4,protein,19TA,0.778737216
CV3,M4,protein,19TA,0.778737216
CV3,M4,protein,19TA,0.778737216
CV3,M1,protein,20LY,0.570883127
CV3,M1,protein,20LY,0.570883127
CV3,M1,protein,20LY,0.570883127
CV3,M1,protein,20LY,0.570883127
CV3,M1,protein,20LY,0.570883127
CV3,M2,protein,20LY,0.514532186
CV3,M2,protein,20LY,0.514532186
CV3,M2,protein,20LY,0.514532186
CV3,M2,protein,20LY,0.514532186
CV3,M2,protein,20LY,0.514532186
CV3,M3,protein,20LY,0.277645422
CV3,M3,protein,20LY,0.277645422
CV3,M3,protein,20LY,0.277645422
CV3,M3,protein,20LY,0.277645422
CV3,M3,protein,20LY,0.277645422
CV3,M4,protein,20LY,0.572284858
CV3,M4,protein,20LY,0.572284858
CV3,M4,protein,20LY,0.572284858
CV3,M4,protein,20LY,0.572284858
CV3,M4,protein,20LY,0.572284858
CV1,M1,starch,19CS,0.602082813
CV1,M1,starch,19TA,0.596465339
CV1,M1,starch,20CS,0.604009355
CV1,M1,starch,20LY,0.158368673
CV1,M1,starch,19CS,0.602082813
CV1,M1,starch,19TA,0.596465339
CV1,M1,starch,20CS,0.604009355
CV1,M1,starch,20LY,0.158368673
CV1,M1,starch,19CS,0.602082813
CV1,M1,starch,19TA,0.596465339
CV1,M1,starch,20CS,0.604009355
CV1,M1,starch,20LY,0.158368673
CV1,M1,starch,19CS,0.602082813
CV1,M1,starch,19TA,0.596465339
CV1,M1,starch,20CS,0.604009355
CV1,M1,starch,20LY,0.158368673
CV1,M1,starch,19CS,0.602082813
CV1,M1,starch,19TA,0.596465339
CV1,M1,starch,20CS,0.604009355
CV1,M1,starch,20LY,0.158368673
CV1,M10,starch,19CS,0.780708846
CV1,M10,starch,19TA,0.835812496
CV1,M10,starch,20CS,0.822535724
CV1,M10,starch,20LY,0.552674578
CV1,M10,starch,19CS,0.780708846
CV1,M10,starch,19TA,0.835812496
CV1,M10,starch,20CS,0.822535724
CV1,M10,starch,20LY,0.552674578
CV1,M10,starch,19CS,0.780708846
CV1,M10,starch,19TA,0.835812496
CV1,M10,starch,20CS,0.822535724
CV1,M10,starch,20LY,0.552674578
CV1,M10,starch,19CS,0.780708846
CV1,M10,starch,19TA,0.835812496
CV1,M10,starch,20CS,0.822535724
CV1,M10,starch,20LY,0.552674578
CV1,M10,starch,19CS,0.780708846
CV1,M10,starch,19TA,0.835812496
CV1,M10,starch,20CS,0.822535724
CV1,M10,starch,20LY,0.552674578
CV1,M11,starch,19CS,0.63661075
CV1,M11,starch,19TA,0.478706653
CV1,M11,starch,20CS,0.623474181
CV1,M11,starch,20LY,0.269458307
CV1,M11,starch,19CS,0.63661075
CV1,M11,starch,19TA,0.478706653
CV1,M11,starch,20CS,0.623474181
CV1,M11,starch,20LY,0.269458307
CV1,M11,starch,19CS,0.63661075
CV1,M11,starch,19TA,0.478706653
CV1,M11,starch,20CS,0.623474181
CV1,M11,starch,20LY,0.269458307
CV1,M11,starch,19CS,0.63661075
CV1,M11,starch,19TA,0.478706653
CV1,M11,starch,20CS,0.623474181
CV1,M11,starch,20LY,0.269458307
CV1,M11,starch,19CS,0.63661075
CV1,M11,starch,19TA,0.478706653
CV1,M11,starch,20CS,0.623474181
CV1,M11,starch,20LY,0.269458307
CV1,M12,starch,19CS,0.591721815
CV1,M12,starch,19TA,0.572892102
CV1,M12,starch,20CS,0.612336096
CV1,M12,starch,20LY,0.147143283
CV1,M12,starch,19CS,0.591721815
CV1,M12,starch,19TA,0.572892102
CV1,M12,starch,20CS,0.612336096
CV1,M12,starch,20LY,0.147143283
CV1,M12,starch,19CS,0.591721815
CV1,M12,starch,19TA,0.572892102
CV1,M12,starch,20CS,0.612336096
CV1,M12,starch,20LY,0.147143283
CV1,M12,starch,19CS,0.591721815
CV1,M12,starch,19TA,0.572892102
CV1,M12,starch,20CS,0.612336096
CV1,M12,starch,20LY,0.147143283
CV1,M12,starch,19CS,0.591721815
CV1,M12,starch,19TA,0.572892102
CV1,M12,starch,20CS,0.612336096
CV1,M12,starch,20LY,0.147143283
CV1,M2,starch,19CS,0.641300528
CV1,M2,starch,19TA,0.651058554
CV1,M2,starch,20CS,0.672123504
CV1,M2,starch,20LY,-0.029628175
CV1,M2,starch,19CS,0.641300528
CV1,M2,starch,19TA,0.651058554
CV1,M2,starch,20CS,0.672123504
CV1,M2,starch,20LY,-0.029628175
CV1,M2,starch,19CS,0.641300528
CV1,M2,starch,19TA,0.651058554
CV1,M2,starch,20CS,0.672123504
CV1,M2,starch,20LY,-0.029628175
CV1,M2,starch,19CS,0.641300528
CV1,M2,starch,19TA,0.651058554
CV1,M2,starch,20CS,0.672123504
CV1,M2,starch,20LY,-0.029628175
CV1,M2,starch,19CS,0.641300528
CV1,M2,starch,19TA,0.651058554
CV1,M2,starch,20CS,0.672123504
CV1,M2,starch,20LY,-0.029628175
CV1,M3,starch,19CS,0.796978573
CV1,M3,starch,19TA,0.784030015
CV1,M3,starch,20CS,0.787993027
CV1,M3,starch,20LY,0.724018986
CV1,M3,starch,19CS,0.796978573
CV1,M3,starch,19TA,0.784030015
CV1,M3,starch,20CS,0.787993027
CV1,M3,starch,20LY,0.724018986
CV1,M3,starch,19CS,0.796978573
CV1,M3,starch,19TA,0.784030015
CV1,M3,starch,20CS,0.787993027
CV1,M3,starch,20LY,0.724018986
CV1,M3,starch,19CS,0.796978573
CV1,M3,starch,19TA,0.784030015
CV1,M3,starch,20CS,0.787993027
CV1,M3,starch,20LY,0.724018986
CV1,M3,starch,19CS,0.796978573
CV1,M3,starch,19TA,0.784030015
CV1,M3,starch,20CS,0.787993027
CV1,M3,starch,20LY,0.724018986
CV1,M4,starch,19CS,0.561010632
CV1,M4,starch,19TA,0.620138767
CV1,M4,starch,20CS,0.554679433
CV1,M4,starch,20LY,0.498608069
CV1,M4,starch,19CS,0.561010632
CV1,M4,starch,19TA,0.620138767
CV1,M4,starch,20CS,0.554679433
CV1,M4,starch,20LY,0.498608069
CV1,M4,starch,19CS,0.561010632
CV1,M4,starch,19TA,0.620138767
CV1,M4,starch,20CS,0.554679433
CV1,M4,starch,20LY,0.498608069
CV1,M4,starch,19CS,0.561010632
CV1,M4,starch,19TA,0.620138767
CV1,M4,starch,20CS,0.554679433
CV1,M4,starch,20LY,0.498608069
CV1,M4,starch,19CS,0.561010632
CV1,M4,starch,19TA,0.620138767
CV1,M4,starch,20CS,0.554679433
CV1,M4,starch,20LY,0.498608069
CV1,M5,starch,19CS,0.713539309
CV1,M5,starch,19TA,0.763842646
CV1,M5,starch,20CS,0.70965335
CV1,M5,starch,20LY,0.621090653
CV1,M5,starch,19CS,0.713539309
CV1,M5,starch,19TA,0.763842646
CV1,M5,starch,20CS,0.70965335
CV1,M5,starch,20LY,0.621090653
CV1,M5,starch,19CS,0.713539309
CV1,M5,starch,19TA,0.763842646
CV1,M5,starch,20CS,0.70965335
CV1,M5,starch,20LY,0.621090653
CV1,M5,starch,19CS,0.713539309
CV1,M5,starch,19TA,0.763842646
CV1,M5,starch,20CS,0.70965335
CV1,M5,starch,20LY,0.621090653
CV1,M5,starch,19CS,0.713539309
CV1,M5,starch,19TA,0.763842646
CV1,M5,starch,20CS,0.70965335
CV1,M5,starch,20LY,0.621090653
CV1,M6,starch,19CS,0.671226946
CV1,M6,starch,19TA,0.673867273
CV1,M6,starch,20CS,0.693288635
CV1,M6,starch,20LY,0.074066301
CV1,M6,starch,19CS,0.671226946
CV1,M6,starch,19TA,0.673867273
CV1,M6,starch,20CS,0.693288635
CV1,M6,starch,20LY,0.074066301
CV1,M6,starch,19CS,0.671226946
CV1,M6,starch,19TA,0.673867273
CV1,M6,starch,20CS,0.693288635
CV1,M6,starch,20LY,0.074066301
CV1,M6,starch,19CS,0.671226946
CV1,M6,starch,19TA,0.673867273
CV1,M6,starch,20CS,0.693288635
CV1,M6,starch,20LY,0.074066301
CV1,M6,starch,19CS,0.671226946
CV1,M6,starch,19TA,0.673867273
CV1,M6,starch,20CS,0.693288635
CV1,M6,starch,20LY,0.074066301
CV1,M7,starch,19CS,0.661047859
CV1,M7,starch,19TA,0.631133681
CV1,M7,starch,20CS,0.710157988
CV1,M7,starch,20LY,0.371363374
CV1,M7,starch,19CS,0.661047859
CV1,M7,starch,19TA,0.631133681
CV1,M7,starch,20CS,0.710157988
CV1,M7,starch,20LY,0.371363374
CV1,M7,starch,19CS,0.661047859
CV1,M7,starch,19TA,0.631133681
CV1,M7,starch,20CS,0.710157988
CV1,M7,starch,20LY,0.371363374
CV1,M7,starch,19CS,0.661047859
CV1,M7,starch,19TA,0.631133681
CV1,M7,starch,20CS,0.710157988
CV1,M7,starch,20LY,0.371363374
CV1,M7,starch,19CS,0.661047859
CV1,M7,starch,19TA,0.631133681
CV1,M7,starch,20CS,0.710157988
CV1,M7,starch,20LY,0.371363374
CV1,M8,starch,19CS,0.812237635
CV1,M8,starch,19TA,0.84895042
CV1,M8,starch,20CS,0.830511179
CV1,M8,starch,20LY,0.584007525
CV1,M8,starch,19CS,0.812237635
CV1,M8,starch,19TA,0.84895042
CV1,M8,starch,20CS,0.830511179
CV1,M8,starch,20LY,0.584007525
CV1,M8,starch,19CS,0.812237635
CV1,M8,starch,19TA,0.84895042
CV1,M8,starch,20CS,0.830511179
CV1,M8,starch,20LY,0.584007525
CV1,M8,starch,19CS,0.812237635
CV1,M8,starch,19TA,0.84895042
CV1,M8,starch,20CS,0.830511179
CV1,M8,starch,20LY,0.584007525
CV1,M8,starch,19CS,0.812237635
CV1,M8,starch,19TA,0.84895042
CV1,M8,starch,20CS,0.830511179
CV1,M8,starch,20LY,0.584007525
CV1,M9,starch,19CS,0.588632563
CV1,M9,starch,19TA,0.595637922
CV1,M9,starch,20CS,0.646606927
CV1,M9,starch,20LY,0.376266542
CV1,M9,starch,19CS,0.588632563
CV1,M9,starch,19TA,0.595637922
CV1,M9,starch,20CS,0.646606927
CV1,M9,starch,20LY,0.376266542
CV1,M9,starch,19CS,0.588632563
CV1,M9,starch,19TA,0.595637922
CV1,M9,starch,20CS,0.646606927
CV1,M9,starch,20LY,0.376266542
CV1,M9,starch,19CS,0.588632563
CV1,M9,starch,19TA,0.595637922
CV1,M9,starch,20CS,0.646606927
CV1,M9,starch,20LY,0.376266542
CV1,M9,starch,19CS,0.588632563
CV1,M9,starch,19TA,0.595637922
CV1,M9,starch,20CS,0.646606927
CV1,M9,starch,20LY,0.376266542
CV2,M1,starch,19CS,0.849824589
CV2,M1,starch,19TA,0.826275489
CV2,M1,starch,20CS,0.845725311
CV2,M1,starch,20LY,0.774546523
CV2,M1,starch,19CS,0.849824589
CV2,M1,starch,19TA,0.826275489
CV2,M1,starch,20CS,0.845725311
CV2,M1,starch,20LY,0.774546523
CV2,M1,starch,19CS,0.849824589
CV2,M1,starch,19TA,0.826275489
CV2,M1,starch,20CS,0.845725311
CV2,M1,starch,20LY,0.774546523
CV2,M1,starch,19CS,0.849824589
CV2,M1,starch,19TA,0.826275489
CV2,M1,starch,20CS,0.845725311
CV2,M1,starch,20LY,0.774546523
CV2,M1,starch,19CS,0.849824589
CV2,M1,starch,19TA,0.826275489
CV2,M1,starch,20CS,0.845725311
CV2,M1,starch,20LY,0.774546523
CV2,M10,starch,19CS,0.923936104
CV2,M10,starch,19TA,0.92453348
CV2,M10,starch,20CS,0.942887469
CV2,M10,starch,20LY,0.828033635
CV2,M10,starch,19CS,0.923936104
CV2,M10,starch,19TA,0.92453348
CV2,M10,starch,20CS,0.942887469
CV2,M10,starch,20LY,0.828033635
CV2,M10,starch,19CS,0.923936104
CV2,M10,starch,19TA,0.92453348
CV2,M10,starch,20CS,0.942887469
CV2,M10,starch,20LY,0.828033635
CV2,M10,starch,19CS,0.923936104
CV2,M10,starch,19TA,0.92453348
CV2,M10,starch,20CS,0.942887469
CV2,M10,starch,20LY,0.828033635
CV2,M10,starch,19CS,0.923936104
CV2,M10,starch,19TA,0.92453348
CV2,M10,starch,20CS,0.942887469
CV2,M10,starch,20LY,0.828033635
CV2,M11,starch,19CS,0.859262051
CV2,M11,starch,19TA,0.866516886
CV2,M11,starch,20CS,0.865453082
CV2,M11,starch,20LY,0.812553593
CV2,M11,starch,19CS,0.859262051
CV2,M11,starch,19TA,0.866516886
CV2,M11,starch,20CS,0.865453082
CV2,M11,starch,20LY,0.812553593
CV2,M11,starch,19CS,0.859262051
CV2,M11,starch,19TA,0.866516886
CV2,M11,starch,20CS,0.865453082
CV2,M11,starch,20LY,0.812553593
CV2,M11,starch,19CS,0.859262051
CV2,M11,starch,19TA,0.866516886
CV2,M11,starch,20CS,0.865453082
CV2,M11,starch,20LY,0.812553593
CV2,M11,starch,19CS,0.859262051
CV2,M11,starch,19TA,0.866516886
CV2,M11,starch,20CS,0.865453082
CV2,M11,starch,20LY,0.812553593
CV2,M12,starch,19CS,0.790050358
CV2,M12,starch,19TA,0.77960243
CV2,M12,starch,20CS,0.818810224
CV2,M12,starch,20LY,0.7187585
CV2,M12,starch,19CS,0.790050358
CV2,M12,starch,19TA,0.77960243
CV2,M12,starch,20CS,0.818810224
CV2,M12,starch,20LY,0.7187585
CV2,M12,starch,19CS,0.790050358
CV2,M12,starch,19TA,0.77960243
CV2,M12,starch,20CS,0.818810224
CV2,M12,starch,20LY,0.7187585
CV2,M12,starch,19CS,0.790050358
CV2,M12,starch,19TA,0.77960243
CV2,M12,starch,20CS,0.818810224
CV2,M12,starch,20LY,0.7187585
CV2,M12,starch,19CS,0.790050358
CV2,M12,starch,19TA,0.77960243
CV2,M12,starch,20CS,0.818810224
CV2,M12,starch,20LY,0.7187585
CV2,M2,starch,19CS,0.744076742
CV2,M2,starch,19TA,0.73848931
CV2,M2,starch,20CS,0.760231873
CV2,M2,starch,20LY,0.596811658
CV2,M2,starch,19CS,0.744076742
CV2,M2,starch,19TA,0.73848931
CV2,M2,starch,20CS,0.760231873
CV2,M2,starch,20LY,0.596811658
CV2,M2,starch,19CS,0.744076742
CV2,M2,starch,19TA,0.73848931
CV2,M2,starch,20CS,0.760231873
CV2,M2,starch,20LY,0.596811658
CV2,M2,starch,19CS,0.744076742
CV2,M2,starch,19TA,0.73848931
CV2,M2,starch,20CS,0.760231873
CV2,M2,starch,20LY,0.596811658
CV2,M2,starch,19CS,0.744076742
CV2,M2,starch,19TA,0.73848931
CV2,M2,starch,20CS,0.760231873
CV2,M2,starch,20LY,0.596811658
CV2,M3,starch,19CS,0.899089259
CV2,M3,starch,19TA,0.916128389
CV2,M3,starch,20CS,0.926361071
CV2,M3,starch,20LY,0.902689081
CV2,M3,starch,19CS,0.899089259
CV2,M3,starch,19TA,0.916128389
CV2,M3,starch,20CS,0.926361071
CV2,M3,starch,20LY,0.902689081
CV2,M3,starch,19CS,0.899089259
CV2,M3,starch,19TA,0.916128389
CV2,M3,starch,20CS,0.926361071
CV2,M3,starch,20LY,0.902689081
CV2,M3,starch,19CS,0.899089259
CV2,M3,starch,19TA,0.916128389
CV2,M3,starch,20CS,0.926361071
CV2,M3,starch,20LY,0.902689081
CV2,M3,starch,19CS,0.899089259
CV2,M3,starch,19TA,0.916128389
CV2,M3,starch,20CS,0.926361071
CV2,M3,starch,20LY,0.902689081
CV2,M4,starch,19CS,0.861869704
CV2,M4,starch,19TA,0.857139407
CV2,M4,starch,20CS,0.845585567
CV2,M4,starch,20LY,0.857956505
CV2,M4,starch,19CS,0.861869704
CV2,M4,starch,19TA,0.857139407
CV2,M4,starch,20CS,0.845585567
CV2,M4,starch,20LY,0.857956505
CV2,M4,starch,19CS,0.861869704
CV2,M4,starch,19TA,0.857139407
CV2,M4,starch,20CS,0.845585567
CV2,M4,starch,20LY,0.857956505
CV2,M4,starch,19CS,0.861869704
CV2,M4,starch,19TA,0.857139407
CV2,M4,starch,20CS,0.845585567
CV2,M4,starch,20LY,0.857956505
CV2,M4,starch,19CS,0.861869704
CV2,M4,starch,19TA,0.857139407
CV2,M4,starch,20CS,0.845585567
CV2,M4,starch,20LY,0.857956505
CV2,M5,starch,19CS,0.920871259
CV2,M5,starch,19TA,0.952100015
CV2,M5,starch,20CS,0.938804276
CV2,M5,starch,20LY,0.92332924
CV2,M5,starch,19CS,0.920871259
CV2,M5,starch,19TA,0.952100015
CV2,M5,starch,20CS,0.938804276
CV2,M5,starch,20LY,0.92332924
CV2,M5,starch,19CS,0.920871259
CV2,M5,starch,19TA,0.952100015
CV2,M5,starch,20CS,0.938804276
CV2,M5,starch,20LY,0.92332924
CV2,M5,starch,19CS,0.920871259
CV2,M5,starch,19TA,0.952100015
CV2,M5,starch,20CS,0.938804276
CV2,M5,starch,20LY,0.92332924
CV2,M5,starch,19CS,0.920871259
CV2,M5,starch,19TA,0.952100015
CV2,M5,starch,20CS,0.938804276
CV2,M5,starch,20LY,0.92332924
CV2,M6,starch,19CS,0.836519771
CV2,M6,starch,19TA,0.86642551
CV2,M6,starch,20CS,0.866987924
CV2,M6,starch,20LY,0.742306987
CV2,M6,starch,19CS,0.836519771
CV2,M6,starch,19TA,0.86642551
CV2,M6,starch,20CS,0.866987924
CV2,M6,starch,20LY,0.742306987
CV2,M6,starch,19CS,0.836519771
CV2,M6,starch,19TA,0.86642551
CV2,M6,starch,20CS,0.866987924
CV2,M6,starch,20LY,0.742306987
CV2,M6,starch,19CS,0.836519771
CV2,M6,starch,19TA,0.86642551
CV2,M6,starch,20CS,0.866987924
CV2,M6,starch,20LY,0.742306987
CV2,M6,starch,19CS,0.836519771
CV2,M6,starch,19TA,0.86642551
CV2,M6,starch,20CS,0.866987924
CV2,M6,starch,20LY,0.742306987
CV2,M7,starch,19CS,0.714651567
CV2,M7,starch,19TA,0.780835755
CV2,M7,starch,20CS,0.777165531
CV2,M7,starch,20LY,0.7018303
CV2,M7,starch,19CS,0.714651567
CV2,M7,starch,19TA,0.780835755
CV2,M7,starch,20CS,0.777165531
CV2,M7,starch,20LY,0.7018303
CV2,M7,starch,19CS,0.714651567
CV2,M7,starch,19TA,0.780835755
CV2,M7,starch,20CS,0.777165531
CV2,M7,starch,20LY,0.7018303
CV2,M7,starch,19CS,0.714651567
CV2,M7,starch,19TA,0.780835755
CV2,M7,starch,20CS,0.777165531
CV2,M7,starch,20LY,0.7018303
CV2,M7,starch,19CS,0.714651567
CV2,M7,starch,19TA,0.780835755
CV2,M7,starch,20CS,0.777165531
CV2,M7,starch,20LY,0.7018303
CV2,M8,starch,19CS,0.921413471
CV2,M8,starch,19TA,0.938759574
CV2,M8,starch,20CS,0.929587716
CV2,M8,starch,20LY,0.797845743
CV2,M8,starch,19CS,0.921413471
CV2,M8,starch,19TA,0.938759574
CV2,M8,starch,20CS,0.929587716
CV2,M8,starch,20LY,0.797845743
CV2,M8,starch,19CS,0.921413471
CV2,M8,starch,19TA,0.938759574
CV2,M8,starch,20CS,0.929587716
CV2,M8,starch,20LY,0.797845743
CV2,M8,starch,19CS,0.921413471
CV2,M8,starch,19TA,0.938759574
CV2,M8,starch,20CS,0.929587716
CV2,M8,starch,20LY,0.797845743
CV2,M8,starch,19CS,0.921413471
CV2,M8,starch,19TA,0.938759574
CV2,M8,starch,20CS,0.929587716
CV2,M8,starch,20LY,0.797845743
CV2,M9,starch,19CS,0.876785633
CV2,M9,starch,19TA,0.869721086
CV2,M9,starch,20CS,0.908824572
CV2,M9,starch,20LY,0.797662815
CV2,M9,starch,19CS,0.876785633
CV2,M9,starch,19TA,0.869721086
CV2,M9,starch,20CS,0.908824572
CV2,M9,starch,20LY,0.797662815
CV2,M9,starch,19CS,0.876785633
CV2,M9,starch,19TA,0.869721086
CV2,M9,starch,20CS,0.908824572
CV2,M9,starch,20LY,0.797662815
CV2,M9,starch,19CS,0.876785633
CV2,M9,starch,19TA,0.869721086
CV2,M9,starch,20CS,0.908824572
CV2,M9,starch,20LY,0.797662815
CV2,M9,starch,19CS,0.876785633
CV2,M9,starch,19TA,0.869721086
CV2,M9,starch,20CS,0.908824572
CV2,M9,starch,20LY,0.797662815
CV3,M1,starch,19TA,0.685800317
CV3,M1,starch,19TA,0.685800317
CV3,M1,starch,19TA,0.685800317
CV3,M1,starch,19TA,0.685800317
CV3,M1,starch,19TA,0.685800317
CV3,M10,starch,19TA,0.869779293
CV3,M10,starch,19TA,0.869779293
CV3,M10,starch,19TA,0.869779293
CV3,M10,starch,19TA,0.869779293
CV3,M10,starch,19TA,0.869779293
CV3,M11,starch,19TA,0.674017539
CV3,M11,starch,19TA,0.674017539
CV3,M11,starch,19TA,0.674017539
CV3,M11,starch,19TA,0.674017539
CV3,M11,starch,19TA,0.674017539
CV3,M12,starch,19TA,0.667719657
CV3,M12,starch,19TA,0.667719657
CV3,M12,starch,19TA,0.667719657
CV3,M12,starch,19TA,0.667719657
CV3,M12,starch,19TA,0.667719657
CV3,M2,starch,19TA,0.673555094
CV3,M2,starch,19TA,0.673555094
CV3,M2,starch,19TA,0.673555094
CV3,M2,starch,19TA,0.673555094
CV3,M2,starch,19TA,0.673555094
CV3,M3,starch,19TA,0.789335499
CV3,M3,starch,19TA,0.789335499
CV3,M3,starch,19TA,0.789335499
CV3,M3,starch,19TA,0.789335499
CV3,M3,starch,19TA,0.789335499
CV3,M4,starch,19TA,0.760748375
CV3,M4,starch,19TA,0.760748375
CV3,M4,starch,19TA,0.760748375
CV3,M4,starch,19TA,0.760748375
CV3,M4,starch,19TA,0.760748375
CV3,M5,starch,19TA,0.838058224
CV3,M5,starch,19TA,0.838058224
CV3,M5,starch,19TA,0.838058224
CV3,M5,starch,19TA,0.838058224
CV3,M5,starch,19TA,0.838058224
CV3,M6,starch,19TA,0.660012582
CV3,M6,starch,19TA,0.660012582
CV3,M6,starch,19TA,0.660012582
CV3,M6,starch,19TA,0.660012582
CV3,M6,starch,19TA,0.660012582
CV3,M7,starch,19TA,0.677469309
CV3,M7,starch,19TA,0.677469309
CV3,M7,starch,19TA,0.677469309
CV3,M7,starch,19TA,0.677469309
CV3,M7,starch,19TA,0.677469309
CV3,M8,starch,19TA,0.847489985
CV3,M8,starch,19TA,0.847489985
CV3,M8,starch,19TA,0.847489985
CV3,M8,starch,19TA,0.847489985
CV3,M8,starch,19TA,0.847489985
CV3,M9,starch,19TA,0.810980636
CV3,M9,starch,19TA,0.810980636
CV3,M9,starch,19TA,0.810980636
CV3,M9,starch,19TA,0.810980636
CV3,M9,starch,19TA,0.810980636
CV3,M1,starch,20LY,0.44480869
CV3,M1,starch,20LY,0.44480869
CV3,M1,starch,20LY,0.44480869
CV3,M1,starch,20LY,0.44480869
CV3,M1,starch,20LY,0.44480869
CV3,M10,starch,20LY,0.340196418
CV3,M10,starch,20LY,0.340196418
CV3,M10,starch,20LY,0.340196418
CV3,M10,starch,20LY,0.340196418
CV3,M10,starch,20LY,0.340196418
CV3,M11,starch,20LY,0.45119604
CV3,M11,starch,20LY,0.45119604
CV3,M11,starch,20LY,0.45119604
CV3,M11,starch,20LY,0.45119604
CV3,M11,starch,20LY,0.45119604
CV3,M12,starch,20LY,0.407344853
CV3,M12,starch,20LY,0.407344853
CV3,M12,starch,20LY,0.407344853
CV3,M12,starch,20LY,0.407344853
CV3,M12,starch,20LY,0.407344853
CV3,M2,starch,20LY,0.412677548
CV3,M2,starch,20LY,0.412677548
CV3,M2,starch,20LY,0.412677548
CV3,M2,starch,20LY,0.412677548
CV3,M2,starch,20LY,0.412677548
CV3,M3,starch,20LY,0.233014945
CV3,M3,starch,20LY,0.233014945
CV3,M3,starch,20LY,0.233014945
CV3,M3,starch,20LY,0.233014945
CV3,M3,starch,20LY,0.233014945
CV3,M4,starch,20LY,0.461491379
CV3,M4,starch,20LY,0.461491379
CV3,M4,starch,20LY,0.461491379
CV3,M4,starch,20LY,0.461491379
CV3,M4,starch,20LY,0.461491379
CV3,M5,starch,20LY,0.238610402
CV3,M5,starch,20LY,0.238610402
CV3,M5,starch,20LY,0.238610402
CV3,M5,starch,20LY,0.238610402
CV3,M5,starch,20LY,0.238610402
CV3,M6,starch,20LY,0.446543487
CV3,M6,starch,20LY,0.446543487
CV3,M6,starch,20LY,0.446543487
CV3,M6,starch,20LY,0.446543487
CV3,M6,starch,20LY,0.446543487
CV3,M7,starch,20LY,0.39704337
CV3,M7,starch,20LY,0.39704337
CV3,M7,starch,20LY,0.39704337
CV3,M7,starch,20LY,0.39704337
CV3,M7,starch,20LY,0.39704337
CV3,M8,starch,20LY,0.304727335
CV3,M8,starch,20LY,0.304727335
CV3,M8,starch,20LY,0.304727335
CV3,M8,starch,20LY,0.304727335
CV3,M8,starch,20LY,0.304727335
CV3,M9,starch,20LY,0.581476869
CV3,M9,starch,20LY,0.581476869
CV3,M9,starch,20LY,0.581476869
CV3,M9,starch,20LY,0.581476869
CV3,M9,starch,20LY,0.581476869
CV1,M1,yield,19CS,0.272191935
CV1,M1,yield,19TA,0.412569728
CV1,M1,yield,20CS,0.377088644
CV1,M1,yield,20LY,0.14392121
CV1,M1,yield,19CS,0.272191935
CV1,M1,yield,19TA,0.412569728
CV1,M1,yield,20CS,0.377088644
CV1,M1,yield,20LY,0.14392121
CV1,M1,yield,19CS,0.272191935
CV1,M1,yield,19TA,0.412569728
CV1,M1,yield,20CS,0.377088644
CV1,M1,yield,20LY,0.14392121
CV1,M1,yield,19CS,0.272191935
CV1,M1,yield,19TA,0.412569728
CV1,M1,yield,20CS,0.377088644
CV1,M1,yield,20LY,0.14392121
CV1,M1,yield,19CS,0.272191935
CV1,M1,yield,19TA,0.412569728
CV1,M1,yield,20CS,0.377088644
CV1,M1,yield,20LY,0.14392121
CV1,M10,yield,19CS,0.322601728
CV1,M10,yield,19TA,0.44618983
CV1,M10,yield,20CS,0.305905962
CV1,M10,yield,20LY,0.074769997
CV1,M10,yield,19CS,0.322601728
CV1,M10,yield,19TA,0.44618983
CV1,M10,yield,20CS,0.305905962
CV1,M10,yield,20LY,0.074769997
CV1,M10,yield,19CS,0.322601728
CV1,M10,yield,19TA,0.44618983
CV1,M10,yield,20CS,0.305905962
CV1,M10,yield,20LY,0.074769997
CV1,M10,yield,19CS,0.322601728
CV1,M10,yield,19TA,0.44618983
CV1,M10,yield,20CS,0.305905962
CV1,M10,yield,20LY,0.074769997
CV1,M10,yield,19CS,0.322601728
CV1,M10,yield,19TA,0.44618983
CV1,M10,yield,20CS,0.305905962
CV1,M10,yield,20LY,0.074769997
CV1,M11,yield,19CS,0.252749336
CV1,M11,yield,19TA,0.426654578
CV1,M11,yield,20CS,0.404148936
CV1,M11,yield,20LY,0.12817377
CV1,M11,yield,19CS,0.252749336
CV1,M11,yield,19TA,0.426654578
CV1,M11,yield,20CS,0.404148936
CV1,M11,yield,20LY,0.12817377
CV1,M11,yield,19CS,0.252749336
CV1,M11,yield,19TA,0.426654578
CV1,M11,yield,20CS,0.404148936
CV1,M11,yield,20LY,0.12817377
CV1,M11,yield,19CS,0.252749336
CV1,M11,yield,19TA,0.426654578
CV1,M11,yield,20CS,0.404148936
CV1,M11,yield,20LY,0.12817377
CV1,M11,yield,19CS,0.252749336
CV1,M11,yield,19TA,0.426654578
CV1,M11,yield,20CS,0.404148936
CV1,M11,yield,20LY,0.12817377
CV1,M12,yield,19CS,0.297991913
CV1,M12,yield,19TA,0.412154802
CV1,M12,yield,20CS,0.335321072
CV1,M12,yield,20LY,0.154325579
CV1,M12,yield,19CS,0.297991913
CV1,M12,yield,19TA,0.412154802
CV1,M12,yield,20CS,0.335321072
CV1,M12,yield,20LY,0.154325579
CV1,M12,yield,19CS,0.297991913
CV1,M12,yield,19TA,0.412154802
CV1,M12,yield,20CS,0.335321072
CV1,M12,yield,20LY,0.154325579
CV1,M12,yield,19CS,0.297991913
CV1,M12,yield,19TA,0.412154802
CV1,M12,yield,20CS,0.335321072
CV1,M12,yield,20LY,0.154325579
CV1,M12,yield,19CS,0.297991913
CV1,M12,yield,19TA,0.412154802
CV1,M12,yield,20CS,0.335321072
CV1,M12,yield,20LY,0.154325579
CV1,M2,yield,19CS,0.243506867
CV1,M2,yield,19TA,0.389658825
CV1,M2,yield,20CS,0.226357246
CV1,M2,yield,20LY,0.175484314
CV1,M2,yield,19CS,0.243506867
CV1,M2,yield,19TA,0.389658825
CV1,M2,yield,20CS,0.226357246
CV1,M2,yield,20LY,0.175484314
CV1,M2,yield,19CS,0.243506867
CV1,M2,yield,19TA,0.389658825
CV1,M2,yield,20CS,0.226357246
CV1,M2,yield,20LY,0.175484314
CV1,M2,yield,19CS,0.243506867
CV1,M2,yield,19TA,0.389658825
CV1,M2,yield,20CS,0.226357246
CV1,M2,yield,20LY,0.175484314
CV1,M2,yield,19CS,0.243506867
CV1,M2,yield,19TA,0.389658825
CV1,M2,yield,20CS,0.226357246
CV1,M2,yield,20LY,0.175484314
CV1,M3,yield,19CS,0.330569403
CV1,M3,yield,19TA,0.589703367
CV1,M3,yield,20CS,0.401181923
CV1,M3,yield,20LY,0.412010611
CV1,M3,yield,19CS,0.330569403
CV1,M3,yield,19TA,0.589703367
CV1,M3,yield,20CS,0.401181923
CV1,M3,yield,20LY,0.412010611
CV1,M3,yield,19CS,0.330569403
CV1,M3,yield,19TA,0.589703367
CV1,M3,yield,20CS,0.401181923
CV1,M3,yield,20LY,0.412010611
CV1,M3,yield,19CS,0.330569403
CV1,M3,yield,19TA,0.589703367
CV1,M3,yield,20CS,0.401181923
CV1,M3,yield,20LY,0.412010611
CV1,M3,yield,19CS,0.330569403
CV1,M3,yield,19TA,0.589703367
CV1,M3,yield,20CS,0.401181923
CV1,M3,yield,20LY,0.412010611
CV1,M4,yield,19CS,0.234158279
CV1,M4,yield,19TA,0.441965603
CV1,M4,yield,20CS,0.230495403
CV1,M4,yield,20LY,0.282644448
CV1,M4,yield,19CS,0.234158279
CV1,M4,yield,19TA,0.441965603
CV1,M4,yield,20CS,0.230495403
CV1,M4,yield,20LY,0.282644448
CV1,M4,yield,19CS,0.234158279
CV1,M4,yield,19TA,0.441965603
CV1,M4,yield,20CS,0.230495403
CV1,M4,yield,20LY,0.282644448
CV1,M4,yield,19CS,0.234158279
CV1,M4,yield,19TA,0.441965603
CV1,M4,yield,20CS,0.230495403
CV1,M4,yield,20LY,0.282644448
CV1,M4,yield,19CS,0.234158279
CV1,M4,yield,19TA,0.441965603
CV1,M4,yield,20CS,0.230495403
CV1,M4,yield,20LY,0.282644448
CV1,M5,yield,19CS,0.325852761
CV1,M5,yield,19TA,0.54439956
CV1,M5,yield,20CS,0.397261722
CV1,M5,yield,20LY,0.416743026
CV1,M5,yield,19CS,0.325852761
CV1,M5,yield,19TA,0.54439956
CV1,M5,yield,20CS,0.397261722
CV1,M5,yield,20LY,0.416743026
CV1,M5,yield,19CS,0.325852761
CV1,M5,yield,19TA,0.54439956
CV1,M5,yield,20CS,0.397261722
CV1,M5,yield,20LY,0.416743026
CV1,M5,yield,19CS,0.325852761
CV1,M5,yield,19TA,0.54439956
CV1,M5,yield,20CS,0.397261722
CV1,M5,yield,20LY,0.416743026
CV1,M5,yield,19CS,0.325852761
CV1,M5,yield,19TA,0.54439956
CV1,M5,yield,20CS,0.397261722
CV1,M5,yield,20LY,0.416743026
CV1,M6,yield,19CS,0.238521324
CV1,M6,yield,19TA,0.404523433
CV1,M6,yield,20CS,0.376580586
CV1,M6,yield,20LY,0.161531161
CV1,M6,yield,19CS,0.238521324
CV1,M6,yield,19TA,0.404523433
CV1,M6,yield,20CS,0.376580586
CV1,M6,yield,20LY,0.161531161
CV1,M6,yield,19CS,0.238521324
CV1,M6,yield,19TA,0.404523433
CV1,M6,yield,20CS,0.376580586
CV1,M6,yield,20LY,0.161531161
CV1,M6,yield,19CS,0.238521324
CV1,M6,yield,19TA,0.404523433
CV1,M6,yield,20CS,0.376580586
CV1,M6,yield,20LY,0.161531161
CV1,M6,yield,19CS,0.238521324
CV1,M6,yield,19TA,0.404523433
CV1,M6,yield,20CS,0.376580586
CV1,M6,yield,20LY,0.161531161
CV1,M7,yield,19CS,0.219387786
CV1,M7,yield,19TA,0.390336349
CV1,M7,yield,20CS,0.283949757
CV1,M7,yield,20LY,0.118403372
CV1,M7,yield,19CS,0.219387786
CV1,M7,yield,19TA,0.390336349
CV1,M7,yield,20CS,0.283949757
CV1,M7,yield,20LY,0.118403372
CV1,M7,yield,19CS,0.219387786
CV1,M7,yield,19TA,0.390336349
CV1,M7,yield,20CS,0.283949757
CV1,M7,yield,20LY,0.118403372
CV1,M7,yield,19CS,0.219387786
CV1,M7,yield,19TA,0.390336349
CV1,M7,yield,20CS,0.283949757
CV1,M7,yield,20LY,0.118403372
CV1,M7,yield,19CS,0.219387786
CV1,M7,yield,19TA,0.390336349
CV1,M7,yield,20CS,0.283949757
CV1,M7,yield,20LY,0.118403372
CV1,M8,yield,19CS,0.323718601
CV1,M8,yield,19TA,0.49487526
CV1,M8,yield,20CS,0.376817206
CV1,M8,yield,20LY,0.061100807
CV1,M8,yield,19CS,0.323718601
CV1,M8,yield,19TA,0.49487526
CV1,M8,yield,20CS,0.376817206
CV1,M8,yield,20LY,0.061100807
CV1,M8,yield,19CS,0.323718601
CV1,M8,yield,19TA,0.49487526
CV1,M8,yield,20CS,0.376817206
CV1,M8,yield,20LY,0.061100807
CV1,M8,yield,19CS,0.323718601
CV1,M8,yield,19TA,0.49487526
CV1,M8,yield,20CS,0.376817206
CV1,M8,yield,20LY,0.061100807
CV1,M8,yield,19CS,0.323718601
CV1,M8,yield,19TA,0.49487526
CV1,M8,yield,20CS,0.376817206
CV1,M8,yield,20LY,0.061100807
CV1,M9,yield,19CS,0.312143979
CV1,M9,yield,19TA,0.333366941
CV1,M9,yield,20CS,0.200545256
CV1,M9,yield,20LY,0.070128642
CV1,M9,yield,19CS,0.312143979
CV1,M9,yield,19TA,0.333366941
CV1,M9,yield,20CS,0.200545256
CV1,M9,yield,20LY,0.070128642
CV1,M9,yield,19CS,0.312143979
CV1,M9,yield,19TA,0.333366941
CV1,M9,yield,20CS,0.200545256
CV1,M9,yield,20LY,0.070128642
CV1,M9,yield,19CS,0.312143979
CV1,M9,yield,19TA,0.333366941
CV1,M9,yield,20CS,0.200545256
CV1,M9,yield,20LY,0.070128642
CV1,M9,yield,19CS,0.312143979
CV1,M9,yield,19TA,0.333366941
CV1,M9,yield,20CS,0.200545256
CV1,M9,yield,20LY,0.070128642
CV2,M1,yield,19CS,0.6816292
CV2,M1,yield,19TA,0.72897662
CV2,M1,yield,20CS,0.716364334
CV2,M1,yield,20LY,0.747868664
CV2,M1,yield,19CS,0.6816292
CV2,M1,yield,19TA,0.72897662
CV2,M1,yield,20CS,0.716364334
CV2,M1,yield,20LY,0.747868664
CV2,M1,yield,19CS,0.6816292
CV2,M1,yield,19TA,0.72897662
CV2,M1,yield,20CS,0.716364334
CV2,M1,yield,20LY,0.747868664
CV2,M1,yield,19CS,0.6816292
CV2,M1,yield,19TA,0.72897662
CV2,M1,yield,20CS,0.716364334
CV2,M1,yield,20LY,0.747868664
CV2,M1,yield,19CS,0.6816292
CV2,M1,yield,19TA,0.72897662
CV2,M1,yield,20CS,0.716364334
CV2,M1,yield,20LY,0.747868664
CV2,M10,yield,19CS,0.501905842
CV2,M10,yield,19TA,0.589206478
CV2,M10,yield,20CS,0.449236372
CV2,M10,yield,20LY,0.415393847
CV2,M10,yield,19CS,0.501905842
CV2,M10,yield,19TA,0.589206478
CV2,M10,yield,20CS,0.449236372
CV2,M10,yield,20LY,0.415393847
CV2,M10,yield,19CS,0.501905842
CV2,M10,yield,19TA,0.589206478
CV2,M10,yield,20CS,0.449236372
CV2,M10,yield,20LY,0.415393847
CV2,M10,yield,19CS,0.501905842
CV2,M10,yield,19TA,0.589206478
CV2,M10,yield,20CS,0.449236372
CV2,M10,yield,20LY,0.415393847
CV2,M10,yield,19CS,0.501905842
CV2,M10,yield,19TA,0.589206478
CV2,M10,yield,20CS,0.449236372
CV2,M10,yield,20LY,0.415393847
CV2,M11,yield,19CS,0.638719487
CV2,M11,yield,19TA,0.775275743
CV2,M11,yield,20CS,0.774041091
CV2,M11,yield,20LY,0.72010213
CV2,M11,yield,19CS,0.638719487
CV2,M11,yield,19TA,0.775275743
CV2,M11,yield,20CS,0.774041091
CV2,M11,yield,20LY,0.72010213
CV2,M11,yield,19CS,0.638719487
CV2,M11,yield,19TA,0.775275743
CV2,M11,yield,20CS,0.774041091
CV2,M11,yield,20LY,0.72010213
CV2,M11,yield,19CS,0.638719487
CV2,M11,yield,19TA,0.775275743
CV2,M11,yield,20CS,0.774041091
CV2,M11,yield,20LY,0.72010213
CV2,M11,yield,19CS,0.638719487
CV2,M11,yield,19TA,0.775275743
CV2,M11,yield,20CS,0.774041091
CV2,M11,yield,20LY,0.72010213
CV2,M12,yield,19CS,0.552747691
CV2,M12,yield,19TA,0.507501055
CV2,M12,yield,20CS,0.592457401
CV2,M12,yield,20LY,0.584880313
CV2,M12,yield,19CS,0.552747691
CV2,M12,yield,19TA,0.507501055
CV2,M12,yield,20CS,0.592457401
CV2,M12,yield,20LY,0.584880313
CV2,M12,yield,19CS,0.552747691
CV2,M12,yield,19TA,0.507501055
CV2,M12,yield,20CS,0.592457401
CV2,M12,yield,20LY,0.584880313
CV2,M12,yield,19CS,0.552747691
CV2,M12,yield,19TA,0.507501055
CV2,M12,yield,20CS,0.592457401
CV2,M12,yield,20LY,0.584880313
CV2,M12,yield,19CS,0.552747691
CV2,M12,yield,19TA,0.507501055
CV2,M12,yield,20CS,0.592457401
CV2,M12,yield,20LY,0.584880313
CV2,M2,yield,19CS,0.418220554
CV2,M2,yield,19TA,0.605312711
CV2,M2,yield,20CS,0.605258532
CV2,M2,yield,20LY,0.415490189
CV2,M2,yield,19CS,0.418220554
CV2,M2,yield,19TA,0.605312711
CV2,M2,yield,20CS,0.605258532
CV2,M2,yield,20LY,0.415490189
CV2,M2,yield,19CS,0.418220554
CV2,M2,yield,19TA,0.605312711
CV2,M2,yield,20CS,0.605258532
CV2,M2,yield,20LY,0.415490189
CV2,M2,yield,19CS,0.418220554
CV2,M2,yield,19TA,0.605312711
CV2,M2,yield,20CS,0.605258532
CV2,M2,yield,20LY,0.415490189
CV2,M2,yield,19CS,0.418220554
CV2,M2,yield,19TA,0.605312711
CV2,M2,yield,20CS,0.605258532
CV2,M2,yield,20LY,0.415490189
CV2,M3,yield,19CS,0.369109275
CV2,M3,yield,19TA,0.557896394
CV2,M3,yield,20CS,0.522793691
CV2,M3,yield,20LY,0.522705681
CV2,M3,yield,19CS,0.369109275
CV2,M3,yield,19TA,0.557896394
CV2,M3,yield,20CS,0.522793691
CV2,M3,yield,20LY,0.522705681
CV2,M3,yield,19CS,0.369109275
CV2,M3,yield,19TA,0.557896394
CV2,M3,yield,20CS,0.522793691
CV2,M3,yield,20LY,0.522705681
CV2,M3,yield,19CS,0.369109275
CV2,M3,yield,19TA,0.557896394
CV2,M3,yield,20CS,0.522793691
CV2,M3,yield,20LY,0.522705681
CV2,M3,yield,19CS,0.369109275
CV2,M3,yield,19TA,0.557896394
CV2,M3,yield,20CS,0.522793691
CV2,M3,yield,20LY,0.522705681
CV2,M4,yield,19CS,0.346871231
CV2,M4,yield,19TA,0.628191381
CV2,M4,yield,20CS,0.424462603
CV2,M4,yield,20LY,0.506296896
CV2,M4,yield,19CS,0.346871231
CV2,M4,yield,19TA,0.628191381
CV2,M4,yield,20CS,0.424462603
CV2,M4,yield,20LY,0.506296896
CV2,M4,yield,19CS,0.346871231
CV2,M4,yield,19TA,0.628191381
CV2,M4,yield,20CS,0.424462603
CV2,M4,yield,20LY,0.506296896
CV2,M4,yield,19CS,0.346871231
CV2,M4,yield,19TA,0.628191381
CV2,M4,yield,20CS,0.424462603
CV2,M4,yield,20LY,0.506296896
CV2,M4,yield,19CS,0.346871231
CV2,M4,yield,19TA,0.628191381
CV2,M4,yield,20CS,0.424462603
CV2,M4,yield,20LY,0.506296896
CV2,M5,yield,19CS,0.468324794
CV2,M5,yield,19TA,0.633647574
CV2,M5,yield,20CS,0.525177073
CV2,M5,yield,20LY,0.572896412
CV2,M5,yield,19CS,0.468324794
CV2,M5,yield,19TA,0.633647574
CV2,M5,yield,20CS,0.525177073
CV2,M5,yield,20LY,0.572896412
CV2,M5,yield,19CS,0.468324794
CV2,M5,yield,19TA,0.633647574
CV2,M5,yield,20CS,0.525177073
CV2,M5,yield,20LY,0.572896412
CV2,M5,yield,19CS,0.468324794
CV2,M5,yield,19TA,0.633647574
CV2,M5,yield,20CS,0.525177073
CV2,M5,yield,20LY,0.572896412
CV2,M5,yield,19CS,0.468324794
CV2,M5,yield,19TA,0.633647574
CV2,M5,yield,20CS,0.525177073
CV2,M5,yield,20LY,0.572896412
CV2,M6,yield,19CS,0.646097475
CV2,M6,yield,19TA,0.701515465
CV2,M6,yield,20CS,0.677453862
CV2,M6,yield,20LY,0.752709021
CV2,M6,yield,19CS,0.646097475
CV2,M6,yield,19TA,0.701515465
CV2,M6,yield,20CS,0.677453862
CV2,M6,yield,20LY,0.752709021
CV2,M6,yield,19CS,0.646097475
CV2,M6,yield,19TA,0.701515465
CV2,M6,yield,20CS,0.677453862
CV2,M6,yield,20LY,0.752709021
CV2,M6,yield,19CS,0.646097475
CV2,M6,yield,19TA,0.701515465
CV2,M6,yield,20CS,0.677453862
CV2,M6,yield,20LY,0.752709021
CV2,M6,yield,19CS,0.646097475
CV2,M6,yield,19TA,0.701515465
CV2,M6,yield,20CS,0.677453862
CV2,M6,yield,20LY,0.752709021
CV2,M7,yield,19CS,0.37326648
CV2,M7,yield,19TA,0.606379198
CV2,M7,yield,20CS,0.531944982
CV2,M7,yield,20LY,0.336974975
CV2,M7,yield,19CS,0.37326648
CV2,M7,yield,19TA,0.606379198
CV2,M7,yield,20CS,0.531944982
CV2,M7,yield,20LY,0.336974975
CV2,M7,yield,19CS,0.37326648
CV2,M7,yield,19TA,0.606379198
CV2,M7,yield,20CS,0.531944982
CV2,M7,yield,20LY,0.336974975
CV2,M7,yield,19CS,0.37326648
CV2,M7,yield,19TA,0.606379198
CV2,M7,yield,20CS,0.531944982
CV2,M7,yield,20LY,0.336974975
CV2,M7,yield,19CS,0.37326648
CV2,M7,yield,19TA,0.606379198
CV2,M7,yield,20CS,0.531944982
CV2,M7,yield,20LY,0.336974975
CV2,M8,yield,19CS,0.400004201
CV2,M8,yield,19TA,0.583602827
CV2,M8,yield,20CS,0.439013964
CV2,M8,yield,20LY,0.300349484
CV2,M8,yield,19CS,0.400004201
CV2,M8,yield,19TA,0.583602827
CV2,M8,yield,20CS,0.439013964
CV2,M8,yield,20LY,0.300349484
CV2,M8,yield,19CS,0.400004201
CV2,M8,yield,19TA,0.583602827
CV2,M8,yield,20CS,0.439013964
CV2,M8,yield,20LY,0.300349484
CV2,M8,yield,19CS,0.400004201
CV2,M8,yield,19TA,0.583602827
CV2,M8,yield,20CS,0.439013964
CV2,M8,yield,20LY,0.300349484
CV2,M8,yield,19CS,0.400004201
CV2,M8,yield,19TA,0.583602827
CV2,M8,yield,20CS,0.439013964
CV2,M8,yield,20LY,0.300349484
CV2,M9,yield,19CS,0.376952922
CV2,M9,yield,19TA,0.515134322
CV2,M9,yield,20CS,0.427778133
CV2,M9,yield,20LY,0.415237612
CV2,M9,yield,19CS,0.376952922
CV2,M9,yield,19TA,0.515134322
CV2,M9,yield,20CS,0.427778133
CV2,M9,yield,20LY,0.415237612
CV2,M9,yield,19CS,0.376952922
CV2,M9,yield,19TA,0.515134322
CV2,M9,yield,20CS,0.427778133
CV2,M9,yield,20LY,0.415237612
CV2,M9,yield,19CS,0.376952922
CV2,M9,yield,19TA,0.515134322
CV2,M9,yield,20CS,0.427778133
CV2,M9,yield,20LY,0.415237612
CV2,M9,yield,19CS,0.376952922
CV2,M9,yield,19TA,0.515134322
CV2,M9,yield,20CS,0.427778133
CV2,M9,yield,20LY,0.415237612
CV3,M1,yield,19TA,0.360554932
CV3,M1,yield,19TA,0.360554932
CV3,M1,yield,19TA,0.360554932
CV3,M1,yield,19TA,0.360554932
CV3,M1,yield,19TA,0.360554932
CV3,M10,yield,19TA,0.409728198
CV3,M10,yield,19TA,0.409728198
CV3,M10,yield,19TA,0.409728198
CV3,M10,yield,19TA,0.409728198
CV3,M10,yield,19TA,0.409728198
CV3,M11,yield,19TA,0.364236277
CV3,M11,yield,19TA,0.364236277
CV3,M11,yield,19TA,0.364236277
CV3,M11,yield,19TA,0.364236277
CV3,M11,yield,19TA,0.364236277
CV3,M12,yield,19TA,0.340640633
CV3,M12,yield,19TA,0.340640633
CV3,M12,yield,19TA,0.340640633
CV3,M12,yield,19TA,0.340640633
CV3,M12,yield,19TA,0.340640633
CV3,M2,yield,19TA,0.393860347
CV3,M2,yield,19TA,0.393860347
CV3,M2,yield,19TA,0.393860347
CV3,M2,yield,19TA,0.393860347
CV3,M2,yield,19TA,0.393860347
CV3,M3,yield,19TA,0.531198262
CV3,M3,yield,19TA,0.531198262
CV3,M3,yield,19TA,0.531198262
CV3,M3,yield,19TA,0.531198262
CV3,M3,yield,19TA,0.531198262
CV3,M4,yield,19TA,0.478670897
CV3,M4,yield,19TA,0.478670897
CV3,M4,yield,19TA,0.478670897
CV3,M4,yield,19TA,0.478670897
CV3,M4,yield,19TA,0.478670897
CV3,M5,yield,19TA,0.515437424
CV3,M5,yield,19TA,0.515437424
CV3,M5,yield,19TA,0.515437424
CV3,M5,yield,19TA,0.515437424
CV3,M5,yield,19TA,0.515437424
CV3,M6,yield,19TA,0.372116874
CV3,M6,yield,19TA,0.372116874
CV3,M6,yield,19TA,0.372116874
CV3,M6,yield,19TA,0.372116874
CV3,M6,yield,19TA,0.372116874
CV3,M7,yield,19TA,0.370417395
CV3,M7,yield,19TA,0.370417395
CV3,M7,yield,19TA,0.370417395
CV3,M7,yield,19TA,0.370417395
CV3,M7,yield,19TA,0.370417395
CV3,M8,yield,19TA,0.511197532
CV3,M8,yield,19TA,0.511197532
CV3,M8,yield,19TA,0.511197532
CV3,M8,yield,19TA,0.511197532
CV3,M8,yield,19TA,0.511197532
CV3,M9,yield,19TA,0.373123064
CV3,M9,yield,19TA,0.373123064
CV3,M9,yield,19TA,0.373123064
CV3,M9,yield,19TA,0.373123064
CV3,M9,yield,19TA,0.373123064
CV3,M1,yield,20LY,0.444666571
CV3,M1,yield,20LY,0.444666571
CV3,M1,yield,20LY,0.444666571
CV3,M1,yield,20LY,0.444666571
CV3,M1,yield,20LY,0.444666571
CV3,M10,yield,20LY,0.308056714
CV3,M10,yield,20LY,0.308056714
CV3,M10,yield,20LY,0.308056714
CV3,M10,yield,20LY,0.308056714
CV3,M10,yield,20LY,0.308056714
CV3,M11,yield,20LY,0.438184389
CV3,M11,yield,20LY,0.438184389
CV3,M11,yield,20LY,0.438184389
CV3,M11,yield,20LY,0.438184389
CV3,M11,yield,20LY,0.438184389
CV3,M12,yield,20LY,0.422800688
CV3,M12,yield,20LY,0.422800688
CV3,M12,yield,20LY,0.422800688
CV3,M12,yield,20LY,0.422800688
CV3,M12,yield,20LY,0.422800688
CV3,M2,yield,20LY,0.333451396
CV3,M2,yield,20LY,0.333451396
CV3,M2,yield,20LY,0.333451396
CV3,M2,yield,20LY,0.333451396
CV3,M2,yield,20LY,0.333451396
CV3,M3,yield,20LY,0.386159821
CV3,M3,yield,20LY,0.386159821
CV3,M3,yield,20LY,0.386159821
CV3,M3,yield,20LY,0.386159821
CV3,M3,yield,20LY,0.386159821
CV3,M4,yield,20LY,0.27336288
CV3,M4,yield,20LY,0.27336288
CV3,M4,yield,20LY,0.27336288
CV3,M4,yield,20LY,0.27336288
CV3,M4,yield,20LY,0.27336288
CV3,M5,yield,20LY,0.339367691
CV3,M5,yield,20LY,0.339367691
CV3,M5,yield,20LY,0.339367691
CV3,M5,yield,20LY,0.339367691
CV3,M5,yield,20LY,0.339367691
CV3,M6,yield,20LY,0.449493615
CV3,M6,yield,20LY,0.449493615
CV3,M6,yield,20LY,0.449493615
CV3,M6,yield,20LY,0.449493615
CV3,M6,yield,20LY,0.449493615
CV3,M7,yield,20LY,0.347573217
CV3,M7,yield,20LY,0.347573217
CV3,M7,yield,20LY,0.347573217
CV3,M7,yield,20LY,0.347573217
CV3,M7,yield,20LY,0.347573217
CV3,M8,yield,20LY,0.297935062
CV3,M8,yield,20LY,0.297935062
CV3,M8,yield,20LY,0.297935062
CV3,M8,yield,20LY,0.297935062
CV3,M8,yield,20LY,0.297935062
CV3,M9,yield,20LY,0.26360041
CV3,M9,yield,20LY,0.26360041
CV3,M9,yield,20LY,0.26360041
CV3,M9,yield,20LY,0.26360041
CV3,M9,yield,20LY,0.26360041
