"","gy","ph","dy"
"1/1",6737.103,118.745,88.25
"A01021/R01302",6737.103,118.745,88.25
"A01021/R02107",5720.416,121.92,88.5
"A01021/R03248",7170.9195,121.92,89
"A01021/R04060",7605.975,123.825,89.5
"A01021/R04104",6588.334,120.65,88.5
"A01021/R05330",6666.7995,127,89
"A01021/R05386",6509.533,112.395,90.25
"A01021/R05393",6556.3525,115.57,90
"A01021/R05405",6441.981,116.205,90.5
"A01021/R05425",6348.349,118.11,88
"A01021/R05512",6228.3535,117.475,91.25
"A01021/R07161",7200.909,128.905,88.75
"A01021/R07178",6965.497,117.475,89.5
"A01021/R08224",6455.8415,130.175,91.25
"A01021/R08297",6217.6465,114.935,90.5
"A01021/R08303",6520.017,107.315,90.75
"A01021/R08304",6775.777,134.62,90.75
"A01021/R08306",6834.1195,113.665,88.5
"A01021/R11158",6785.47,128.27,88.5
"A01021/R11208",6800.2125,110.49,90.75
"A01021/R12071",7480.2395,121.92,86.25
"A01021/R12145",6869.869,120.65,90.75
"A01021/R12148",6473.7445,116.84,90
"A01021/R12154",7116.101,124.46,88.5
"A01021/R12156",6955.4575,119.38,92
"A01021/R12157",6467.4375,123.19,90.75
"A01021/RTx2912",5832.962,119.38,92.5
"A01021/RTx2913",7227.619,130.81,90.25
"A01021/RTx2914",6204.1785,129.54,89.5
"A01021/RTx2916",6263.418,123.19,90.75
"A01021/RTx2917",6381.572,114.935,89.75
"A01021/RTx2918",7033.888,115.57,90.75
"A01021/RTx2919",6391.8845,121.285,91.25
"A01021/RTx2920",6021.269,107.315,88
"A01021/RTx2935",7040.656,116.205,90.75
"A01021/RTx2936",7066.3645,126.365,88.5
"A01021/RTx2937",6397.261,114.3,90.25
"A01021/RTx2938",6647.643,117.475,89.5
"A01021/RTx2939",6781.767,128.27,91.25
"A01021/RTx2940",6642.901,116.205,88.25
"A01021/RTx2941",5233.1375,120.65,93.75
"A01021/RTx2942",7278.0325,123.19,88.5
"A01021/RTx2943",6642.8765,130.175,90.75
"A01021/RTx2944",6101.9565,118.11,87
"A01046/R01302",5855.9885,104.14,90
"A01046/R02107",4839.3015,107.315,90.25
"A01046/R03248",6289.805,107.315,90.75
"A01046/R04060",6724.8605,109.22,91.25
"A01046/R04104",5707.2195,106.045,90.25
"A01046/R05330",5785.685,112.395,90.75
"A01046/R05386",5628.4185,97.79,92
"A01046/R05393",5675.238,100.965,91.75
"A01046/R05405",5560.8665,101.6,92.25
"A01046/R05425",5467.2345,103.505,89.75
"A01046/R05512",5347.239,102.87,93
"A01046/R07161",6319.7945,114.3,90.5
"A01046/R07178",6084.3825,102.87,91.25
"A01046/R08224",5574.727,115.57,93
"A01046/R08297",5336.532,100.33,92.25
"A01046/R08303",5638.9025,92.71,92.5
"A01046/R08304",5894.6625,120.015,92.5
"A01046/R08306",5953.005,99.06,90.25
"A01046/R11158",5904.3555,113.665,90.25
"A01046/R11208",5919.098,95.885,92.5
"A01046/R12071",6599.125,107.315,88
"A01046/R12145",5988.7545,106.045,92.5
"A01046/R12148",5592.63,102.235,91.75
"A01046/R12154",6234.9865,109.855,90.25
"A01046/R12156",6074.343,104.775,93.75
"A01046/R12157",5586.323,108.585,92.5
"A01046/RTx2912",4951.8475,104.775,94.25
"A01046/RTx2913",6346.5045,116.205,92
"A01046/RTx2914",5323.064,114.935,91.25
"A01046/RTx2916",5382.3035,108.585,92.5
"A01046/RTx2917",5500.4575,100.33,91.5
"A01046/RTx2918",6152.7735,100.965,92.5
"A01046/RTx2919",5510.77,106.68,93
"A01046/RTx2920",5140.1545,92.71,89.75
"A01046/RTx2935",6159.5415,101.6,92.5
"A01046/RTx2936",6185.25,111.76,90.25
"A01046/RTx2937",5516.1465,99.695,92
"A01046/RTx2938",5766.5285,102.87,91.25
"A01046/RTx2939",5900.6525,113.665,93
"A01046/RTx2940",5761.7865,101.6,90
"A01046/RTx2941",4352.023,106.045,95.5
"A01046/RTx2942",6396.918,108.585,90.25
"A01046/RTx2943",5761.762,115.57,92.5
"A01046/RTx2944",5220.842,103.505,88.75
"A01362/R01302",5947.5365,107.315,91.5
"A01362/R02107",4930.8495,110.49,91.75
"A01362/R03248",6381.353,110.49,92.25
"A01362/R04060",6816.4085,112.395,92.75
"A01362/R04104",5798.7675,109.22,91.75
"A01362/R05330",5877.233,115.57,92.25
"A01362/R05386",5719.9665,100.965,93.5
"A01362/R05393",5766.786,104.14,93.25
"A01362/R05405",5652.4145,104.775,93.75
"A01362/R05425",5558.7825,106.68,91.25
"A01362/R05512",5438.787,106.045,94.5
"A01362/R07161",6411.3425,117.475,92
"A01362/R07178",6175.9305,106.045,92.75
"A01362/R08224",5666.275,118.745,94.5
"A01362/R08297",5428.08,103.505,93.75
"A01362/R08303",5730.4505,95.885,94
"A01362/R08304",5986.2105,123.19,94
"A01362/R08306",6044.553,102.235,91.75
"A01362/R11158",5995.9035,116.84,91.75
"A01362/R11208",6010.646,99.06,94
"A01362/R12071",6690.673,110.49,89.5
"A01362/R12145",6080.3025,109.22,94
"A01362/R12148",5684.178,105.41,93.25
"A01362/R12154",6326.5345,113.03,91.75
"A01362/R12156",6165.891,107.95,95.25
"A01362/R12157",5677.871,111.76,94
"A01362/RTx2912",5043.3955,107.95,95.75
"A01362/RTx2913",6438.0525,119.38,93.5
"A01362/RTx2914",5414.612,118.11,92.75
"A01362/RTx2916",5473.8515,111.76,94
"A01362/RTx2917",5592.0055,103.505,93
"A01362/RTx2918",6244.3215,104.14,94
"A01362/RTx2919",5602.318,109.855,94.5
"A01362/RTx2920",5231.7025,95.885,91.25
"A01362/RTx2935",6251.0895,104.775,94
"A01362/RTx2936",6276.798,114.935,91.75
"A01362/RTx2937",5607.6945,102.87,93.5
"A01362/RTx2938",5858.0765,106.045,92.75
"A01362/RTx2939",5992.2005,116.84,94.5
"A01362/RTx2940",5853.3345,104.775,91.5
"A01362/RTx2941",4443.571,109.22,97
"A01362/RTx2942",6488.466,111.76,91.75
"A01362/RTx2943",5853.31,118.745,94
"A01362/RTx2944",5312.39,106.68,90.25
"A03017/R01302",5947.9215,112.395,89
"A03017/R02107",4931.2345,115.57,89.25
"A03017/R03248",6381.738,115.57,89.75
"A03017/R04060",6816.7935,117.475,90.25
"A03017/R04104",5799.1525,114.3,89.25
"A03017/R05330",5877.618,120.65,89.75
"A03017/R05386",5720.3515,106.045,91
"A03017/R05393",5767.171,109.22,90.75
"A03017/R05405",5652.7995,109.855,91.25
"A03017/R05425",5559.1675,111.76,88.75
"A03017/R05512",5439.172,111.125,92
"A03017/R07161",6411.7275,122.555,89.5
"A03017/R07178",6176.3155,111.125,90.25
"A03017/R08224",5666.66,123.825,92
"A03017/R08297",5428.465,108.585,91.25
"A03017/R08303",5730.8355,100.965,91.5
"A03017/R08304",5986.5955,128.27,91.5
"A03017/R08306",6044.938,107.315,89.25
"A03017/R11158",5996.2885,121.92,89.25
"A03017/R11208",6011.031,104.14,91.5
"A03017/R12071",6691.058,115.57,87
"A03017/R12145",6080.6875,114.3,91.5
"A03017/R12148",5684.563,110.49,90.75
"A03017/R12154",6326.9195,118.11,89.25
"A03017/R12156",6166.276,113.03,92.75
"A03017/R12157",5678.256,116.84,91.5
"A03017/RTx2912",5043.7805,113.03,93.25
"A03017/RTx2913",6438.4375,124.46,91
"A03017/RTx2914",5414.997,123.19,90.25
"A03017/RTx2916",5474.2365,116.84,91.5
"A03017/RTx2917",5592.3905,108.585,90.5
"A03017/RTx2918",6244.7065,109.22,91.5
"A03017/RTx2919",5602.703,114.935,92
"A03017/RTx2920",5232.0875,100.965,88.75
"A03017/RTx2935",6251.4745,109.855,91.5
"A03017/RTx2936",6277.183,120.015,89.25
"A03017/RTx2937",5608.0795,107.95,91
"A03017/RTx2938",5858.4615,111.125,90.25
"A03017/RTx2939",5992.5855,121.92,92
"A03017/RTx2940",5853.7195,109.855,89
"A03017/RTx2941",4443.956,114.3,94.5
"A03017/RTx2942",6488.851,116.84,89.25
"A03017/RTx2943",5853.695,123.825,91.5
"A03017/RTx2944",5312.775,111.76,87.75
"A03032/R01302",5876.241,97.79,90
"A03032/R02107",4859.554,100.965,90.25
"A03032/R03248",6310.0575,100.965,90.75
"A03032/R04060",6745.113,102.87,91.25
"A03032/R04104",5727.472,99.695,90.25
"A03032/R05330",5805.9375,106.045,90.75
"A03032/R05386",5648.671,91.44,92
"A03032/R05393",5695.4905,94.615,91.75
"A03032/R05405",5581.119,95.25,92.25
"A03032/R05425",5487.487,97.155,89.75
"A03032/R05512",5367.4915,96.52,93
"A03032/R07161",6340.047,107.95,90.5
"A03032/R07178",6104.635,96.52,91.25
"A03032/R08224",5594.9795,109.22,93
"A03032/R08297",5356.7845,93.98,92.25
"A03032/R08303",5659.155,86.36,92.5
"A03032/R08304",5914.915,113.665,92.5
"A03032/R08306",5973.2575,92.71,90.25
"A03032/R11158",5924.608,107.315,90.25
"A03032/R11208",5939.3505,89.535,92.5
"A03032/R12071",6619.3775,100.965,88
"A03032/R12145",6009.007,99.695,92.5
"A03032/R12148",5612.8825,95.885,91.75
"A03032/R12154",6255.239,103.505,90.25
"A03032/R12156",6094.5955,98.425,93.75
"A03032/R12157",5606.5755,102.235,92.5
"A03032/RTx2912",4972.1,98.425,94.25
"A03032/RTx2913",6366.757,109.855,92
"A03032/RTx2914",5343.3165,108.585,91.25
"A03032/RTx2916",5402.556,102.235,92.5
"A03032/RTx2917",5520.71,93.98,91.5
"A03032/RTx2918",6173.026,94.615,92.5
"A03032/RTx2919",5531.0225,100.33,93
"A03032/RTx2920",5160.407,86.36,89.75
"A03032/RTx2935",6179.794,95.25,92.5
"A03032/RTx2936",6205.5025,105.41,90.25
"A03032/RTx2937",5536.399,93.345,92
"A03032/RTx2938",5786.781,96.52,91.25
"A03032/RTx2939",5920.905,107.315,93
"A03032/RTx2940",5782.039,95.25,90
"A03032/RTx2941",4372.2755,99.695,95.5
"A03032/RTx2942",6417.1705,102.235,90.25
"A03032/RTx2943",5782.0145,109.22,92.5
"A03032/RTx2944",5241.0945,97.155,88.75
"A03040/R01302",5876.9465,120.015,88.5
"A03040/R02107",4860.2595,123.19,88.75
"A03040/R03248",6310.763,123.19,89.25
"A03040/R04060",6745.8185,125.095,89.75
"A03040/R04104",5728.1775,121.92,88.75
"A03040/R05330",5806.643,128.27,89.25
"A03040/R05386",5649.3765,113.665,90.5
"A03040/R05393",5696.196,116.84,90.25
"A03040/R05405",5581.8245,117.475,90.75
"A03040/R05425",5488.1925,119.38,88.25
"A03040/R05512",5368.197,118.745,91.5
"A03040/R07161",6340.7525,130.175,89
"A03040/R07178",6105.3405,118.745,89.75
"A03040/R08224",5595.685,131.445,91.5
"A03040/R08297",5357.49,116.205,90.75
"A03040/R08303",5659.8605,108.585,91
"A03040/R08304",5915.6205,135.89,91
"A03040/R08306",5973.963,114.935,88.75
"A03040/R11158",5925.3135,129.54,88.75
"A03040/R11208",5940.056,111.76,91
"A03040/R12071",6620.083,123.19,86.5
"A03040/R12145",6009.7125,121.92,91
"A03040/R12148",5613.588,118.11,90.25
"A03040/R12154",6255.9445,125.73,88.75
"A03040/R12156",6095.301,120.65,92.25
"A03040/R12157",5607.281,124.46,91
"A03040/RTx2912",4972.8055,120.65,92.75
"A03040/RTx2913",6367.4625,132.08,90.5
"A03040/RTx2914",5344.022,130.81,89.75
"A03040/RTx2916",5403.2615,124.46,91
"A03040/RTx2917",5521.4155,116.205,90
"A03040/RTx2918",6173.7315,116.84,91
"A03040/RTx2919",5531.728,122.555,91.5
"A03040/RTx2920",5161.1125,108.585,88.25
"A03040/RTx2935",6180.4995,117.475,91
"A03040/RTx2936",6206.208,127.635,88.75
"A03040/RTx2937",5537.1045,115.57,90.5
"A03040/RTx2938",5787.4865,118.745,89.75
"A03040/RTx2939",5921.6105,129.54,91.5
"A03040/RTx2940",5782.7445,117.475,88.5
"A03040/RTx2941",4372.981,121.92,94
"A03040/RTx2942",6417.876,124.46,88.75
"A03040/RTx2943",5782.72,131.445,91
"A03040/RTx2944",5241.8,119.38,87.25
"A03043/R01302",5269.304,111.125,91
"A03043/R02107",4252.617,114.3,91.25
"A03043/R03248",5703.1205,114.3,91.75
"A03043/R04060",6138.176,116.205,92.25
"A03043/R04104",5120.535,113.03,91.25
"A03043/R05330",5199.0005,119.38,91.75
"A03043/R05386",5041.734,104.775,93
"A03043/R05393",5088.5535,107.95,92.75
"A03043/R05405",4974.182,108.585,93.25
"A03043/R05425",4880.55,110.49,90.75
"A03043/R05512",4760.5545,109.855,94
"A03043/R07161",5733.11,121.285,91.5
"A03043/R07178",5497.698,109.855,92.25
"A03043/R08224",4988.0425,122.555,94
"A03043/R08297",4749.8475,107.315,93.25
"A03043/R08303",5052.218,99.695,93.5
"A03043/R08304",5307.978,127,93.5
"A03043/R08306",5366.3205,106.045,91.25
"A03043/R11158",5317.671,120.65,91.25
"A03043/R11208",5332.4135,102.87,93.5
"A03043/R12071",6012.4405,114.3,89
"A03043/R12145",5402.07,113.03,93.5
"A03043/R12148",5005.9455,109.22,92.75
"A03043/R12154",5648.302,116.84,91.25
"A03043/R12156",5487.6585,111.76,94.75
"A03043/R12157",4999.6385,115.57,93.5
"A03043/RTx2912",4365.163,111.76,95.25
"A03043/RTx2913",5759.82,123.19,93
"A03043/RTx2914",4736.3795,121.92,92.25
"A03043/RTx2916",4795.619,115.57,93.5
"A03043/RTx2917",4913.773,107.315,92.5
"A03043/RTx2918",5566.089,107.95,93.5
"A03043/RTx2919",4924.0855,113.665,94
"A03043/RTx2920",4553.47,99.695,90.75
"A03043/RTx2935",5572.857,108.585,93.5
"A03043/RTx2936",5598.5655,118.745,91.25
"A03043/RTx2937",4929.462,106.68,93
"A03043/RTx2938",5179.844,109.855,92.25
"A03043/RTx2939",5313.968,120.65,94
"A03043/RTx2940",5175.102,108.585,91
"A03043/RTx2941",3765.3385,113.03,96.5
"A03043/RTx2942",5810.2335,115.57,91.25
"A03043/RTx2943",5175.0775,122.555,93.5
"A03043/RTx2944",4634.1575,110.49,89.75
"A03054/R01302",5827.8865,103.505,88.75
"A03054/R02107",4811.1995,106.68,89
"A03054/R03248",6261.703,106.68,89.5
"A03054/R04060",6696.7585,108.585,90
"A03054/R04104",5679.1175,105.41,89
"A03054/R05330",5757.583,111.76,89.5
"A03054/R05386",5600.3165,97.155,90.75
"A03054/R05393",5647.136,100.33,90.5
"A03054/R05405",5532.7645,100.965,91
"A03054/R05425",5439.1325,102.87,88.5
"A03054/R05512",5319.137,102.235,91.75
"A03054/R07161",6291.6925,113.665,89.25
"A03054/R07178",6056.2805,102.235,90
"A03054/R08224",5546.625,114.935,91.75
"A03054/R08297",5308.43,99.695,91
"A03054/R08303",5610.8005,92.075,91.25
"A03054/R08304",5866.5605,119.38,91.25
"A03054/R08306",5924.903,98.425,89
"A03054/R11158",5876.2535,113.03,89
"A03054/R11208",5890.996,95.25,91.25
"A03054/R12071",6571.023,106.68,86.75
"A03054/R12145",5960.6525,105.41,91.25
"A03054/R12148",5564.528,101.6,90.5
"A03054/R12154",6206.8845,109.22,89
"A03054/R12156",6046.241,104.14,92.5
"A03054/R12157",5558.221,107.95,91.25
"A03054/RTx2912",4923.7455,104.14,93
"A03054/RTx2913",6318.4025,115.57,90.75
"A03054/RTx2914",5294.962,114.3,90
"A03054/RTx2916",5354.2015,107.95,91.25
"A03054/RTx2917",5472.3555,99.695,90.25
"A03054/RTx2918",6124.6715,100.33,91.25
"A03054/RTx2919",5482.668,106.045,91.75
"A03054/RTx2920",5112.0525,92.075,88.5
"A03054/RTx2935",6131.4395,100.965,91.25
"A03054/RTx2936",6157.148,111.125,89
"A03054/RTx2937",5488.0445,99.06,90.75
"A03054/RTx2938",5738.4265,102.235,90
"A03054/RTx2939",5872.5505,113.03,91.75
"A03054/RTx2940",5733.6845,100.965,88.75
"A03054/RTx2941",4323.921,105.41,94.25
"A03054/RTx2942",6368.816,107.95,89
"A03054/RTx2943",5733.66,114.935,91.25
"A03054/RTx2944",5192.74,102.87,87.5
"A03055/R01302",5672.409,103.505,89.75
"A03055/R02107",4655.722,106.68,90
"A03055/R03248",6106.2255,106.68,90.5
"A03055/R04060",6541.281,108.585,91
"A03055/R04104",5523.64,105.41,90
"A03055/R05330",5602.1055,111.76,90.5
"A03055/R05386",5444.839,97.155,91.75
"A03055/R05393",5491.6585,100.33,91.5
"A03055/R05405",5377.287,100.965,92
"A03055/R05425",5283.655,102.87,89.5
"A03055/R05512",5163.6595,102.235,92.75
"A03055/R07161",6136.215,113.665,90.25
"A03055/R07178",5900.803,102.235,91
"A03055/R08224",5391.1475,114.935,92.75
"A03055/R08297",5152.9525,99.695,92
"A03055/R08303",5455.323,92.075,92.25
"A03055/R08304",5711.083,119.38,92.25
"A03055/R08306",5769.4255,98.425,90
"A03055/R11158",5720.776,113.03,90
"A03055/R11208",5735.5185,95.25,92.25
"A03055/R12071",6415.5455,106.68,87.75
"A03055/R12145",5805.175,105.41,92.25
"A03055/R12148",5409.0505,101.6,91.5
"A03055/R12154",6051.407,109.22,90
"A03055/R12156",5890.7635,104.14,93.5
"A03055/R12157",5402.7435,107.95,92.25
"A03055/RTx2912",4768.268,104.14,94
"A03055/RTx2913",6162.925,115.57,91.75
"A03055/RTx2914",5139.4845,114.3,91
"A03055/RTx2916",5198.724,107.95,92.25
"A03055/RTx2917",5316.878,99.695,91.25
"A03055/RTx2918",5969.194,100.33,92.25
"A03055/RTx2919",5327.1905,106.045,92.75
"A03055/RTx2920",4956.575,92.075,89.5
"A03055/RTx2935",5975.962,100.965,92.25
"A03055/RTx2936",6001.6705,111.125,90
"A03055/RTx2937",5332.567,99.06,91.75
"A03055/RTx2938",5582.949,102.235,91
"A03055/RTx2939",5717.073,113.03,92.75
"A03055/RTx2940",5578.207,100.965,89.75
"A03055/RTx2941",4168.4435,105.41,95.25
"A03055/RTx2942",6213.3385,107.95,90
"A03055/RTx2943",5578.1825,114.935,92.25
"A03055/RTx2944",5037.2625,102.87,88.5
"A03089/R01302",5137.7415,113.03,92.25
"A03089/R02107",4121.0545,116.205,92.5
"A03089/R03248",5571.558,116.205,93
"A03089/R04060",6006.6135,118.11,93.5
"A03089/R04104",4988.9725,114.935,92.5
"A03089/R05330",5067.438,121.285,93
"A03089/R05386",4910.1715,106.68,94.25
"A03089/R05393",4956.991,109.855,94
"A03089/R05405",4842.6195,110.49,94.5
"A03089/R05425",4748.9875,112.395,92
"A03089/R05512",4628.992,111.76,95.25
"A03089/R07161",5601.5475,123.19,92.75
"A03089/R07178",5366.1355,111.76,93.5
"A03089/R08224",4856.48,124.46,95.25
"A03089/R08297",4618.285,109.22,94.5
"A03089/R08303",4920.6555,101.6,94.75
"A03089/R08304",5176.4155,128.905,94.75
"A03089/R08306",5234.758,107.95,92.5
"A03089/R11158",5186.1085,122.555,92.5
"A03089/R11208",5200.851,104.775,94.75
"A03089/R12071",5880.878,116.205,90.25
"A03089/R12145",5270.5075,114.935,94.75
"A03089/R12148",4874.383,111.125,94
"A03089/R12154",5516.7395,118.745,92.5
"A03089/R12156",5356.096,113.665,96
"A03089/R12157",4868.076,117.475,94.75
"A03089/RTx2912",4233.6005,113.665,96.5
"A03089/RTx2913",5628.2575,125.095,94.25
"A03089/RTx2914",4604.817,123.825,93.5
"A03089/RTx2916",4664.0565,117.475,94.75
"A03089/RTx2917",4782.2105,109.22,93.75
"A03089/RTx2918",5434.5265,109.855,94.75
"A03089/RTx2919",4792.523,115.57,95.25
"A03089/RTx2920",4421.9075,101.6,92
"A03089/RTx2935",5441.2945,110.49,94.75
"A03089/RTx2936",5467.003,120.65,92.5
"A03089/RTx2937",4797.8995,108.585,94.25
"A03089/RTx2938",5048.2815,111.76,93.5
"A03089/RTx2939",5182.4055,122.555,95.25
"A03089/RTx2940",5043.5395,110.49,92.25
"A03089/RTx2941",3633.776,114.935,97.75
"A03089/RTx2942",5678.671,117.475,92.5
"A03089/RTx2943",5043.515,124.46,94.75
"A03089/RTx2944",4502.595,112.395,91
"A03093/R01302",6155.463,109.855,88.75
"A03093/R02107",5138.776,113.03,89
"A03093/R03248",6589.2795,113.03,89.5
"A03093/R04060",7024.335,114.935,90
"A03093/R04104",6006.694,111.76,89
"A03093/R05330",6085.1595,118.11,89.5
"A03093/R05386",5927.893,103.505,90.75
"A03093/R05393",5974.7125,106.68,90.5
"A03093/R05405",5860.341,107.315,91
"A03093/R05425",5766.709,109.22,88.5
"A03093/R05512",5646.7135,108.585,91.75
"A03093/R07161",6619.269,120.015,89.25
"A03093/R07178",6383.857,108.585,90
"A03093/R08224",5874.2015,121.285,91.75
"A03093/R08297",5636.0065,106.045,91
"A03093/R08303",5938.377,98.425,91.25
"A03093/R08304",6194.137,125.73,91.25
"A03093/R08306",6252.4795,104.775,89
"A03093/R11158",6203.83,119.38,89
"A03093/R11208",6218.5725,101.6,91.25
"A03093/R12071",6898.5995,113.03,86.75
"A03093/R12145",6288.229,111.76,91.25
"A03093/R12148",5892.1045,107.95,90.5
"A03093/R12154",6534.461,115.57,89
"A03093/R12156",6373.8175,110.49,92.5
"A03093/R12157",5885.7975,114.3,91.25
"A03093/RTx2912",5251.322,110.49,93
"A03093/RTx2913",6645.979,121.92,90.75
"A03093/RTx2914",5622.5385,120.65,90
"A03093/RTx2916",5681.778,114.3,91.25
"A03093/RTx2917",5799.932,106.045,90.25
"A03093/RTx2918",6452.248,106.68,91.25
"A03093/RTx2919",5810.2445,112.395,91.75
"A03093/RTx2920",5439.629,98.425,88.5
"A03093/RTx2935",6459.016,107.315,91.25
"A03093/RTx2936",6484.7245,117.475,89
"A03093/RTx2937",5815.621,105.41,90.75
"A03093/RTx2938",6066.003,108.585,90
"A03093/RTx2939",6200.127,119.38,91.75
"A03093/RTx2940",6061.261,107.315,88.75
"A03093/RTx2941",4651.4975,111.76,94.25
"A03093/RTx2942",6696.3925,114.3,89
"A03093/RTx2943",6061.2365,121.285,91.25
"A03093/RTx2944",5520.3165,109.22,87.5
"A03121/R01302",6087.7935,109.855,89
"A03121/R02107",5071.1065,113.03,89.25
"A03121/R03248",6521.61,113.03,89.75
"A03121/R04060",6956.6655,114.935,90.25
"A03121/R04104",5939.0245,111.76,89.25
"A03121/R05330",6017.49,118.11,89.75
"A03121/R05386",5860.2235,103.505,91
"A03121/R05393",5907.043,106.68,90.75
"A03121/R05405",5792.6715,107.315,91.25
"A03121/R05425",5699.0395,109.22,88.75
"A03121/R05512",5579.044,108.585,92
"A03121/R07161",6551.5995,120.015,89.5
"A03121/R07178",6316.1875,108.585,90.25
"A03121/R08224",5806.532,121.285,92
"A03121/R08297",5568.337,106.045,91.25
"A03121/R08303",5870.7075,98.425,91.5
"A03121/R08304",6126.4675,125.73,91.5
"A03121/R08306",6184.81,104.775,89.25
"A03121/R11158",6136.1605,119.38,89.25
"A03121/R11208",6150.903,101.6,91.5
"A03121/R12071",6830.93,113.03,87
"A03121/R12145",6220.5595,111.76,91.5
"A03121/R12148",5824.435,107.95,90.75
"A03121/R12154",6466.7915,115.57,89.25
"A03121/R12156",6306.148,110.49,92.75
"A03121/R12157",5818.128,114.3,91.5
"A03121/RTx2912",5183.6525,110.49,93.25
"A03121/RTx2913",6578.3095,121.92,91
"A03121/RTx2914",5554.869,120.65,90.25
"A03121/RTx2916",5614.1085,114.3,91.5
"A03121/RTx2917",5732.2625,106.045,90.5
"A03121/RTx2918",6384.5785,106.68,91.5
"A03121/RTx2919",5742.575,112.395,92
"A03121/RTx2920",5371.9595,98.425,88.75
"A03121/RTx2935",6391.3465,107.315,91.5
"A03121/RTx2936",6417.055,117.475,89.25
"A03121/RTx2937",5747.9515,105.41,91
"A03121/RTx2938",5998.3335,108.585,90.25
"A03121/RTx2939",6132.4575,119.38,92
"A03121/RTx2940",5993.5915,107.315,89
"A03121/RTx2941",4583.828,111.76,94.5
"A03121/RTx2942",6628.723,114.3,89.25
"A03121/RTx2943",5993.567,121.285,91.5
"A03121/RTx2944",5452.647,109.22,87.75
"A05071/R01302",5273.0065,109.22,88.75
"A05071/R02107",4256.3195,112.395,89
"A05071/R03248",5706.823,112.395,89.5
"A05071/R04060",6141.8785,114.3,90
"A05071/R04104",5124.2375,111.125,89
"A05071/R05330",5202.703,117.475,89.5
"A05071/R05386",5045.4365,102.87,90.75
"A05071/R05393",5092.256,106.045,90.5
"A05071/R05405",4977.8845,106.68,91
"A05071/R05425",4884.2525,108.585,88.5
"A05071/R05512",4764.257,107.95,91.75
"A05071/R07161",5736.8125,119.38,89.25
"A05071/R07178",5501.4005,107.95,90
"A05071/R08224",4991.745,120.65,91.75
"A05071/R08297",4753.55,105.41,91
"A05071/R08303",5055.9205,97.79,91.25
"A05071/R08304",5311.6805,125.095,91.25
"A05071/R08306",5370.023,104.14,89
"A05071/R11158",5321.3735,118.745,89
"A05071/R11208",5336.116,100.965,91.25
"A05071/R12071",6016.143,112.395,86.75
"A05071/R12145",5405.7725,111.125,91.25
"A05071/R12148",5009.648,107.315,90.5
"A05071/R12154",5652.0045,114.935,89
"A05071/R12156",5491.361,109.855,92.5
"A05071/R12157",5003.341,113.665,91.25
"A05071/RTx2912",4368.8655,109.855,93
"A05071/RTx2913",5763.5225,121.285,90.75
"A05071/RTx2914",4740.082,120.015,90
"A05071/RTx2916",4799.3215,113.665,91.25
"A05071/RTx2917",4917.4755,105.41,90.25
"A05071/RTx2918",5569.7915,106.045,91.25
"A05071/RTx2919",4927.788,111.76,91.75
"A05071/RTx2920",4557.1725,97.79,88.5
"A05071/RTx2935",5576.5595,106.68,91.25
"A05071/RTx2936",5602.268,116.84,89
"A05071/RTx2937",4933.1645,104.775,90.75
"A05071/RTx2938",5183.5465,107.95,90
"A05071/RTx2939",5317.6705,118.745,91.75
"A05071/RTx2940",5178.8045,106.68,88.75
"A05071/RTx2941",3769.041,111.125,94.25
"A05071/RTx2942",5813.936,113.665,89
"A05071/RTx2943",5178.78,120.65,91.25
"A05071/RTx2944",4637.86,108.585,87.5
"A05210/R01302",6246.1895,121.92,90.5
"A05210/R02107",5229.5025,125.095,90.75
"A05210/R03248",6680.006,125.095,91.25
"A05210/R04060",7115.0615,127,91.75
"A05210/R04104",6097.4205,123.825,90.75
"A05210/R05330",6175.886,130.175,91.25
"A05210/R05386",6018.6195,115.57,92.5
"A05210/R05393",6065.439,118.745,92.25
"A05210/R05405",5951.0675,119.38,92.75
"A05210/R05425",5857.4355,121.285,90.25
"A05210/R05512",5737.44,120.65,93.5
"A05210/R07161",6709.9955,132.08,91
"A05210/R07178",6474.5835,120.65,91.75
"A05210/R08224",5964.928,133.35,93.5
"A05210/R08297",5726.733,118.11,92.75
"A05210/R08303",6029.1035,110.49,93
"A05210/R08304",6284.8635,137.795,93
"A05210/R08306",6343.206,116.84,90.75
"A05210/R11158",6294.5565,131.445,90.75
"A05210/R11208",6309.299,113.665,93
"A05210/R12071",6989.326,125.095,88.5
"A05210/R12145",6378.9555,123.825,93
"A05210/R12148",5982.831,120.015,92.25
"A05210/R12154",6625.1875,127.635,90.75
"A05210/R12156",6464.544,122.555,94.25
"A05210/R12157",5976.524,126.365,93
"A05210/RTx2912",5342.0485,122.555,94.75
"A05210/RTx2913",6736.7055,133.985,92.5
"A05210/RTx2914",5713.265,132.715,91.75
"A05210/RTx2916",5772.5045,126.365,93
"A05210/RTx2917",5890.6585,118.11,92
"A05210/RTx2918",6542.9745,118.745,93
"A05210/RTx2919",5900.971,124.46,93.5
"A05210/RTx2920",5530.3555,110.49,90.25
"A05210/RTx2935",6549.7425,119.38,93
"A05210/RTx2936",6575.451,129.54,90.75
"A05210/RTx2937",5906.3475,117.475,92.5
"A05210/RTx2938",6156.7295,120.65,91.75
"A05210/RTx2939",6290.8535,131.445,93.5
"A05210/RTx2940",6151.9875,119.38,90.5
"A05210/RTx2941",4742.224,123.825,96
"A05210/RTx2942",6787.119,126.365,90.75
"A05210/RTx2943",6151.963,133.35,93
"A05210/RTx2944",5611.043,121.285,89.25
"A05269/R01302",5997.25,113.665,91
"A05269/R02107",4980.563,116.84,91.25
"A05269/R03248",6431.0665,116.84,91.75
"A05269/R04060",6866.122,118.745,92.25
"A05269/R04104",5848.481,115.57,91.25
"A05269/R05330",5926.9465,121.92,91.75
"A05269/R05386",5769.68,107.315,93
"A05269/R05393",5816.4995,110.49,92.75
"A05269/R05405",5702.128,111.125,93.25
"A05269/R05425",5608.496,113.03,90.75
"A05269/R05512",5488.5005,112.395,94
"A05269/R07161",6461.056,123.825,91.5
"A05269/R07178",6225.644,112.395,92.25
"A05269/R08224",5715.9885,125.095,94
"A05269/R08297",5477.7935,109.855,93.25
"A05269/R08303",5780.164,102.235,93.5
"A05269/R08304",6035.924,129.54,93.5
"A05269/R08306",6094.2665,108.585,91.25
"A05269/R11158",6045.617,123.19,91.25
"A05269/R11208",6060.3595,105.41,93.5
"A05269/R12071",6740.3865,116.84,89
"A05269/R12145",6130.016,115.57,93.5
"A05269/R12148",5733.8915,111.76,92.75
"A05269/R12154",6376.248,119.38,91.25
"A05269/R12156",6215.6045,114.3,94.75
"A05269/R12157",5727.5845,118.11,93.5
"A05269/RTx2912",5093.109,114.3,95.25
"A05269/RTx2913",6487.766,125.73,93
"A05269/RTx2914",5464.3255,124.46,92.25
"A05269/RTx2916",5523.565,118.11,93.5
"A05269/RTx2917",5641.719,109.855,92.5
"A05269/RTx2918",6294.035,110.49,93.5
"A05269/RTx2919",5652.0315,116.205,94
"A05269/RTx2920",5281.416,102.235,90.75
"A05269/RTx2935",6300.803,111.125,93.5
"A05269/RTx2936",6326.5115,121.285,91.25
"A05269/RTx2937",5657.408,109.22,93
"A05269/RTx2938",5907.79,112.395,92.25
"A05269/RTx2939",6041.914,123.19,94
"A05269/RTx2940",5903.048,111.125,91
"A05269/RTx2941",4493.2845,115.57,96.5
"A05269/RTx2942",6538.1795,118.11,91.25
"A05269/RTx2943",5903.0235,125.095,93.5
"A05269/RTx2944",5362.1035,113.03,89.75
"A06035/R01302",5589.1505,106.68,89
"A06035/R02107",4572.4635,109.855,89.25
"A06035/R03248",6022.967,109.855,89.75
"A06035/R04060",6458.0225,111.76,90.25
"A06035/R04104",5440.3815,108.585,89.25
"A06035/R05330",5518.847,114.935,89.75
"A06035/R05386",5361.5805,100.33,91
"A06035/R05393",5408.4,103.505,90.75
"A06035/R05405",5294.0285,104.14,91.25
"A06035/R05425",5200.3965,106.045,88.75
"A06035/R05512",5080.401,105.41,92
"A06035/R07161",6052.9565,116.84,89.5
"A06035/R07178",5817.5445,105.41,90.25
"A06035/R08224",5307.889,118.11,92
"A06035/R08297",5069.694,102.87,91.25
"A06035/R08303",5372.0645,95.25,91.5
"A06035/R08304",5627.8245,122.555,91.5
"A06035/R08306",5686.167,101.6,89.25
"A06035/R11158",5637.5175,116.205,89.25
"A06035/R11208",5652.26,98.425,91.5
"A06035/R12071",6332.287,109.855,87
"A06035/R12145",5721.9165,108.585,91.5
"A06035/R12148",5325.792,104.775,90.75
"A06035/R12154",5968.1485,112.395,89.25
"A06035/R12156",5807.505,107.315,92.75
"A06035/R12157",5319.485,111.125,91.5
"A06035/RTx2912",4685.0095,107.315,93.25
"A06035/RTx2913",6079.6665,118.745,91
"A06035/RTx2914",5056.226,117.475,90.25
"A06035/RTx2916",5115.4655,111.125,91.5
"A06035/RTx2917",5233.6195,102.87,90.5
"A06035/RTx2918",5885.9355,103.505,91.5
"A06035/RTx2919",5243.932,109.22,92
"A06035/RTx2920",4873.3165,95.25,88.75
"A06035/RTx2935",5892.7035,104.14,91.5
"A06035/RTx2936",5918.412,114.3,89.25
"A06035/RTx2937",5249.3085,102.235,91
"A06035/RTx2938",5499.6905,105.41,90.25
"A06035/RTx2939",5633.8145,116.205,92
"A06035/RTx2940",5494.9485,104.14,89
"A06035/RTx2941",4085.185,108.585,94.5
"A06035/RTx2942",6130.08,111.125,89.25
"A06035/RTx2943",5494.924,118.11,91.5
"A06035/RTx2944",4954.004,106.045,87.75
"A06036/R01302",5181.465,104.775,89.75
"A06036/R02107",4164.778,107.95,90
"A06036/R03248",5615.2815,107.95,90.5
"A06036/R04060",6050.337,109.855,91
"A06036/R04104",5032.696,106.68,90
"A06036/R05330",5111.1615,113.03,90.5
"A06036/R05386",4953.895,98.425,91.75
"A06036/R05393",5000.7145,101.6,91.5
"A06036/R05405",4886.343,102.235,92
"A06036/R05425",4792.711,104.14,89.5
"A06036/R05512",4672.7155,103.505,92.75
"A06036/R07161",5645.271,114.935,90.25
"A06036/R07178",5409.859,103.505,91
"A06036/R08224",4900.2035,116.205,92.75
"A06036/R08297",4662.0085,100.965,92
"A06036/R08303",4964.379,93.345,92.25
"A06036/R08304",5220.139,120.65,92.25
"A06036/R08306",5278.4815,99.695,90
"A06036/R11158",5229.832,114.3,90
"A06036/R11208",5244.5745,96.52,92.25
"A06036/R12071",5924.6015,107.95,87.75
"A06036/R12145",5314.231,106.68,92.25
"A06036/R12148",4918.1065,102.87,91.5
"A06036/R12154",5560.463,110.49,90
"A06036/R12156",5399.8195,105.41,93.5
"A06036/R12157",4911.7995,109.22,92.25
"A06036/RTx2912",4277.324,105.41,94
"A06036/RTx2913",5671.981,116.84,91.75
"A06036/RTx2914",4648.5405,115.57,91
"A06036/RTx2916",4707.78,109.22,92.25
"A06036/RTx2917",4825.934,100.965,91.25
"A06036/RTx2918",5478.25,101.6,92.25
"A06036/RTx2919",4836.2465,107.315,92.75
"A06036/RTx2920",4465.631,93.345,89.5
"A06036/RTx2935",5485.018,102.235,92.25
"A06036/RTx2936",5510.7265,112.395,90
"A06036/RTx2937",4841.623,100.33,91.75
"A06036/RTx2938",5092.005,103.505,91
"A06036/RTx2939",5226.129,114.3,92.75
"A06036/RTx2940",5087.263,102.235,89.75
"A06036/RTx2941",3677.4995,106.68,95.25
"A06036/RTx2942",5722.3945,109.22,90
"A06036/RTx2943",5087.2385,116.205,92.25
"A06036/RTx2944",4546.3185,104.14,88.5
"A07118/R01302",5827.571,107.315,89.5
"A07118/R02107",4810.884,110.49,89.75
"A07118/R03248",6261.3875,110.49,90.25
"A07118/R04060",6696.443,112.395,90.75
"A07118/R04104",5678.802,109.22,89.75
"A07118/R05330",5757.2675,115.57,90.25
"A07118/R05386",5600.001,100.965,91.5
"A07118/R05393",5646.8205,104.14,91.25
"A07118/R05405",5532.449,104.775,91.75
"A07118/R05425",5438.817,106.68,89.25
"A07118/R05512",5318.8215,106.045,92.5
"A07118/R07161",6291.377,117.475,90
"A07118/R07178",6055.965,106.045,90.75
"A07118/R08224",5546.3095,118.745,92.5
"A07118/R08297",5308.1145,103.505,91.75
"A07118/R08303",5610.485,95.885,92
"A07118/R08304",5866.245,123.19,92
"A07118/R08306",5924.5875,102.235,89.75
"A07118/R11158",5875.938,116.84,89.75
"A07118/R11208",5890.6805,99.06,92
"A07118/R12071",6570.7075,110.49,87.5
"A07118/R12145",5960.337,109.22,92
"A07118/R12148",5564.2125,105.41,91.25
"A07118/R12154",6206.569,113.03,89.75
"A07118/R12156",6045.9255,107.95,93.25
"A07118/R12157",5557.9055,111.76,92
"A07118/RTx2912",4923.43,107.95,93.75
"A07118/RTx2913",6318.087,119.38,91.5
"A07118/RTx2914",5294.6465,118.11,90.75
"A07118/RTx2916",5353.886,111.76,92
"A07118/RTx2917",5472.04,103.505,91
"A07118/RTx2918",6124.356,104.14,92
"A07118/RTx2919",5482.3525,109.855,92.5
"A07118/RTx2920",5111.737,95.885,89.25
"A07118/RTx2935",6131.124,104.775,92
"A07118/RTx2936",6156.8325,114.935,89.75
"A07118/RTx2937",5487.729,102.87,91.5
"A07118/RTx2938",5738.111,106.045,90.75
"A07118/RTx2939",5872.235,116.84,92.5
"A07118/RTx2940",5733.369,104.775,89.5
"A07118/RTx2941",4323.6055,109.22,95
"A07118/RTx2942",6368.5005,111.76,89.75
"A07118/RTx2943",5733.3445,118.745,92
"A07118/RTx2944",5192.4245,106.68,88.25
"A07124/R01302",5983.4075,110.49,87.75
"A07124/R02107",4966.7205,113.665,88
"A07124/R03248",6417.224,113.665,88.5
"A07124/R04060",6852.2795,115.57,89
"A07124/R04104",5834.6385,112.395,88
"A07124/R05330",5913.104,118.745,88.5
"A07124/R05386",5755.8375,104.14,89.75
"A07124/R05393",5802.657,107.315,89.5
"A07124/R05405",5688.2855,107.95,90
"A07124/R05425",5594.6535,109.855,87.5
"A07124/R05512",5474.658,109.22,90.75
"A07124/R07161",6447.2135,120.65,88.25
"A07124/R07178",6211.8015,109.22,89
"A07124/R08224",5702.146,121.92,90.75
"A07124/R08297",5463.951,106.68,90
"A07124/R08303",5766.3215,99.06,90.25
"A07124/R08304",6022.0815,126.365,90.25
"A07124/R08306",6080.424,105.41,88
"A07124/R11158",6031.7745,120.015,88
"A07124/R11208",6046.517,102.235,90.25
"A07124/R12071",6726.544,113.665,85.75
"A07124/R12145",6116.1735,112.395,90.25
"A07124/R12148",5720.049,108.585,89.5
"A07124/R12154",6362.4055,116.205,88
"A07124/R12156",6201.762,111.125,91.5
"A07124/R12157",5713.742,114.935,90.25
"A07124/RTx2912",5079.2665,111.125,92
"A07124/RTx2913",6473.9235,122.555,89.75
"A07124/RTx2914",5450.483,121.285,89
"A07124/RTx2916",5509.7225,114.935,90.25
"A07124/RTx2917",5627.8765,106.68,89.25
"A07124/RTx2918",6280.1925,107.315,90.25
"A07124/RTx2919",5638.189,113.03,90.75
"A07124/RTx2920",5267.5735,99.06,87.5
"A07124/RTx2935",6286.9605,107.95,90.25
"A07124/RTx2936",6312.669,118.11,88
"A07124/RTx2937",5643.5655,106.045,89.75
"A07124/RTx2938",5893.9475,109.22,89
"A07124/RTx2939",6028.0715,120.015,90.75
"A07124/RTx2940",5889.2055,107.95,87.75
"A07124/RTx2941",4479.442,112.395,93.25
"A07124/RTx2942",6524.337,114.935,88
"A07124/RTx2943",5889.181,121.92,90.25
"A07124/RTx2944",5348.261,109.855,86.5
"A08068/R01302",5202.5995,103.505,89.75
"A08068/R02107",4185.9125,106.68,90
"A08068/R03248",5636.416,106.68,90.5
"A08068/R04060",6071.4715,108.585,91
"A08068/R04104",5053.8305,105.41,90
"A08068/R05330",5132.296,111.76,90.5
"A08068/R05386",4975.0295,97.155,91.75
"A08068/R05393",5021.849,100.33,91.5
"A08068/R05405",4907.4775,100.965,92
"A08068/R05425",4813.8455,102.87,89.5
"A08068/R05512",4693.85,102.235,92.75
"A08068/R07161",5666.4055,113.665,90.25
"A08068/R07178",5430.9935,102.235,91
"A08068/R08224",4921.338,114.935,92.75
"A08068/R08297",4683.143,99.695,92
"A08068/R08303",4985.5135,92.075,92.25
"A08068/R08304",5241.2735,119.38,92.25
"A08068/R08306",5299.616,98.425,90
"A08068/R11158",5250.9665,113.03,90
"A08068/R11208",5265.709,95.25,92.25
"A08068/R12071",5945.736,106.68,87.75
"A08068/R12145",5335.3655,105.41,92.25
"A08068/R12148",4939.241,101.6,91.5
"A08068/R12154",5581.5975,109.22,90
"A08068/R12156",5420.954,104.14,93.5
"A08068/R12157",4932.934,107.95,92.25
"A08068/RTx2912",4298.4585,104.14,94
"A08068/RTx2913",5693.1155,115.57,91.75
"A08068/RTx2914",4669.675,114.3,91
"A08068/RTx2916",4728.9145,107.95,92.25
"A08068/RTx2917",4847.0685,99.695,91.25
"A08068/RTx2918",5499.3845,100.33,92.25
"A08068/RTx2919",4857.381,106.045,92.75
"A08068/RTx2920",4486.7655,92.075,89.5
"A08068/RTx2935",5506.1525,100.965,92.25
"A08068/RTx2936",5531.861,111.125,90
"A08068/RTx2937",4862.7575,99.06,91.75
"A08068/RTx2938",5113.1395,102.235,91
"A08068/RTx2939",5247.2635,113.03,92.75
"A08068/RTx2940",5108.3975,100.965,89.75
"A08068/RTx2941",3698.634,105.41,95.25
"A08068/RTx2942",5743.529,107.95,90
"A08068/RTx2943",5108.373,114.935,92.25
"A08068/RTx2944",4567.453,102.87,88.5
"A08134/R01302",6036.2215,118.11,87
"A08134/R02107",5019.5345,121.285,87.25
"A08134/R03248",6470.038,121.285,87.75
"A08134/R04060",6905.0935,123.19,88.25
"A08134/R04104",5887.4525,120.015,87.25
"A08134/R05330",5965.918,126.365,87.75
"A08134/R05386",5808.6515,111.76,89
"A08134/R05393",5855.471,114.935,88.75
"A08134/R05405",5741.0995,115.57,89.25
"A08134/R05425",5647.4675,117.475,86.75
"A08134/R05512",5527.472,116.84,90
"A08134/R07161",6500.0275,128.27,87.5
"A08134/R07178",6264.6155,116.84,88.25
"A08134/R08224",5754.96,129.54,90
"A08134/R08297",5516.765,114.3,89.25
"A08134/R08303",5819.1355,106.68,89.5
"A08134/R08304",6074.8955,133.985,89.5
"A08134/R08306",6133.238,113.03,87.25
"A08134/R11158",6084.5885,127.635,87.25
"A08134/R11208",6099.331,109.855,89.5
"A08134/R12071",6779.358,121.285,85
"A08134/R12145",6168.9875,120.015,89.5
"A08134/R12148",5772.863,116.205,88.75
"A08134/R12154",6415.2195,123.825,87.25
"A08134/R12156",6254.576,118.745,90.75
"A08134/R12157",5766.556,122.555,89.5
"A08134/RTx2912",5132.0805,118.745,91.25
"A08134/RTx2913",6526.7375,130.175,89
"A08134/RTx2914",5503.297,128.905,88.25
"A08134/RTx2916",5562.5365,122.555,89.5
"A08134/RTx2917",5680.6905,114.3,88.5
"A08134/RTx2918",6333.0065,114.935,89.5
"A08134/RTx2919",5691.003,120.65,90
"A08134/RTx2920",5320.3875,106.68,86.75
"A08134/RTx2935",6339.7745,115.57,89.5
"A08134/RTx2936",6365.483,125.73,87.25
"A08134/RTx2937",5696.3795,113.665,89
"A08134/RTx2938",5946.7615,116.84,88.25
"A08134/RTx2939",6080.8855,127.635,90
"A08134/RTx2940",5942.0195,115.57,87
"A08134/RTx2941",4532.256,120.015,92.5
"A08134/RTx2942",6577.151,122.555,87.25
"A08134/RTx2943",5941.995,129.54,89.5
"A08134/RTx2944",5401.075,117.475,85.75
"A08140/R01302",5811.1705,100.965,89.25
"A08140/R02107",4794.4835,104.14,89.5
"A08140/R03248",6244.987,104.14,90
"A08140/R04060",6680.0425,106.045,90.5
"A08140/R04104",5662.4015,102.87,89.5
"A08140/R05330",5740.867,109.22,90
"A08140/R05386",5583.6005,94.615,91.25
"A08140/R05393",5630.42,97.79,91
"A08140/R05405",5516.0485,98.425,91.5
"A08140/R05425",5422.4165,100.33,89
"A08140/R05512",5302.421,99.695,92.25
"A08140/R07161",6274.9765,111.125,89.75
"A08140/R07178",6039.5645,99.695,90.5
"A08140/R08224",5529.909,112.395,92.25
"A08140/R08297",5291.714,97.155,91.5
"A08140/R08303",5594.0845,89.535,91.75
"A08140/R08304",5849.8445,116.84,91.75
"A08140/R08306",5908.187,95.885,89.5
"A08140/R11158",5859.5375,110.49,89.5
"A08140/R11208",5874.28,92.71,91.75
"A08140/R12071",6554.307,104.14,87.25
"A08140/R12145",5943.9365,102.87,91.75
"A08140/R12148",5547.812,99.06,91
"A08140/R12154",6190.1685,106.68,89.5
"A08140/R12156",6029.525,101.6,93
"A08140/R12157",5541.505,105.41,91.75
"A08140/RTx2912",4907.0295,101.6,93.5
"A08140/RTx2913",6301.6865,113.03,91.25
"A08140/RTx2914",5278.246,111.76,90.5
"A08140/RTx2916",5337.4855,105.41,91.75
"A08140/RTx2917",5455.6395,97.155,90.75
"A08140/RTx2918",6107.9555,97.79,91.75
"A08140/RTx2919",5465.952,103.505,92.25
"A08140/RTx2920",5095.3365,89.535,89
"A08140/RTx2935",6114.7235,98.425,91.75
"A08140/RTx2936",6140.432,108.585,89.5
"A08140/RTx2937",5471.3285,96.52,91.25
"A08140/RTx2938",5721.7105,99.695,90.5
"A08140/RTx2939",5855.8345,110.49,92.25
"A08140/RTx2940",5716.9685,98.425,89.25
"A08140/RTx2941",4307.205,102.87,94.75
"A08140/RTx2942",6352.1,105.41,89.5
"A08140/RTx2943",5716.944,112.395,91.75
"A08140/RTx2944",5176.024,100.33,88
"A08158/R01302",5703.116,118.11,90.25
"A08158/R02107",4686.429,121.285,90.5
"A08158/R03248",6136.9325,121.285,91
"A08158/R04060",6571.988,123.19,91.5
"A08158/R04104",5554.347,120.015,90.5
"A08158/R05330",5632.8125,126.365,91
"A08158/R05386",5475.546,111.76,92.25
"A08158/R05393",5522.3655,114.935,92
"A08158/R05405",5407.994,115.57,92.5
"A08158/R05425",5314.362,117.475,90
"A08158/R05512",5194.3665,116.84,93.25
"A08158/R07161",6166.922,128.27,90.75
"A08158/R07178",5931.51,116.84,91.5
"A08158/R08224",5421.8545,129.54,93.25
"A08158/R08297",5183.6595,114.3,92.5
"A08158/R08303",5486.03,106.68,92.75
"A08158/R08304",5741.79,133.985,92.75
"A08158/R08306",5800.1325,113.03,90.5
"A08158/R11158",5751.483,127.635,90.5
"A08158/R11208",5766.2255,109.855,92.75
"A08158/R12071",6446.2525,121.285,88.25
"A08158/R12145",5835.882,120.015,92.75
"A08158/R12148",5439.7575,116.205,92
"A08158/R12154",6082.114,123.825,90.5
"A08158/R12156",5921.4705,118.745,94
"A08158/R12157",5433.4505,122.555,92.75
"A08158/RTx2912",4798.975,118.745,94.5
"A08158/RTx2913",6193.632,130.175,92.25
"A08158/RTx2914",5170.1915,128.905,91.5
"A08158/RTx2916",5229.431,122.555,92.75
"A08158/RTx2917",5347.585,114.3,91.75
"A08158/RTx2918",5999.901,114.935,92.75
"A08158/RTx2919",5357.8975,120.65,93.25
"A08158/RTx2920",4987.282,106.68,90
"A08158/RTx2935",6006.669,115.57,92.75
"A08158/RTx2936",6032.3775,125.73,90.5
"A08158/RTx2937",5363.274,113.665,92.25
"A08158/RTx2938",5613.656,116.84,91.5
"A08158/RTx2939",5747.78,127.635,93.25
"A08158/RTx2940",5608.914,115.57,90.25
"A08158/RTx2941",4199.1505,120.015,95.75
"A08158/RTx2942",6244.0455,122.555,90.5
"A08158/RTx2943",5608.8895,129.54,92.75
"A08158/RTx2944",5067.9695,117.475,89
"A11076/R01302",5825.8015,104.775,90.25
"A11076/R02107",4809.1145,107.95,90.5
"A11076/R03248",6259.618,107.95,91
"A11076/R04060",6694.6735,109.855,91.5
"A11076/R04104",5677.0325,106.68,90.5
"A11076/R05330",5755.498,113.03,91
"A11076/R05386",5598.2315,98.425,92.25
"A11076/R05393",5645.051,101.6,92
"A11076/R05405",5530.6795,102.235,92.5
"A11076/R05425",5437.0475,104.14,90
"A11076/R05512",5317.052,103.505,93.25
"A11076/R07161",6289.6075,114.935,90.75
"A11076/R07178",6054.1955,103.505,91.5
"A11076/R08224",5544.54,116.205,93.25
"A11076/R08297",5306.345,100.965,92.5
"A11076/R08303",5608.7155,93.345,92.75
"A11076/R08304",5864.4755,120.65,92.75
"A11076/R08306",5922.818,99.695,90.5
"A11076/R11158",5874.1685,114.3,90.5
"A11076/R11208",5888.911,96.52,92.75
"A11076/R12071",6568.938,107.95,88.25
"A11076/R12145",5958.5675,106.68,92.75
"A11076/R12148",5562.443,102.87,92
"A11076/R12154",6204.7995,110.49,90.5
"A11076/R12156",6044.156,105.41,94
"A11076/R12157",5556.136,109.22,92.75
"A11076/RTx2912",4921.6605,105.41,94.5
"A11076/RTx2913",6316.3175,116.84,92.25
"A11076/RTx2914",5292.877,115.57,91.5
"A11076/RTx2916",5352.1165,109.22,92.75
"A11076/RTx2917",5470.2705,100.965,91.75
"A11076/RTx2918",6122.5865,101.6,92.75
"A11076/RTx2919",5480.583,107.315,93.25
"A11076/RTx2920",5109.9675,93.345,90
"A11076/RTx2935",6129.3545,102.235,92.75
"A11076/RTx2936",6155.063,112.395,90.5
"A11076/RTx2937",5485.9595,100.33,92.25
"A11076/RTx2938",5736.3415,103.505,91.5
"A11076/RTx2939",5870.4655,114.3,93.25
"A11076/RTx2940",5731.5995,102.235,90.25
"A11076/RTx2941",4321.836,106.68,95.75
"A11076/RTx2942",6366.731,109.22,90.5
"A11076/RTx2943",5731.575,116.205,92.75
"A11076/RTx2944",5190.655,104.14,89
"A11085/R01302",5635.137,115.57,88.75
"A11085/R02107",4618.45,118.745,89
"A11085/R03248",6068.9535,118.745,89.5
"A11085/R04060",6504.009,120.65,90
"A11085/R04104",5486.368,117.475,89
"A11085/R05330",5564.8335,123.825,89.5
"A11085/R05386",5407.567,109.22,90.75
"A11085/R05393",5454.3865,112.395,90.5
"A11085/R05405",5340.015,113.03,91
"A11085/R05425",5246.383,114.935,88.5
"A11085/R05512",5126.3875,114.3,91.75
"A11085/R07161",6098.943,125.73,89.25
"A11085/R07178",5863.531,114.3,90
"A11085/R08224",5353.8755,127,91.75
"A11085/R08297",5115.6805,111.76,91
"A11085/R08303",5418.051,104.14,91.25
"A11085/R08304",5673.811,131.445,91.25
"A11085/R08306",5732.1535,110.49,89
"A11085/R11158",5683.504,125.095,89
"A11085/R11208",5698.2465,107.315,91.25
"A11085/R12071",6378.2735,118.745,86.75
"A11085/R12145",5767.903,117.475,91.25
"A11085/R12148",5371.7785,113.665,90.5
"A11085/R12154",6014.135,121.285,89
"A11085/R12156",5853.4915,116.205,92.5
"A11085/R12157",5365.4715,120.015,91.25
"A11085/RTx2912",4730.996,116.205,93
"A11085/RTx2913",6125.653,127.635,90.75
"A11085/RTx2914",5102.2125,126.365,90
"A11085/RTx2916",5161.452,120.015,91.25
"A11085/RTx2917",5279.606,111.76,90.25
"A11085/RTx2918",5931.922,112.395,91.25
"A11085/RTx2919",5289.9185,118.11,91.75
"A11085/RTx2920",4919.303,104.14,88.5
"A11085/RTx2935",5938.69,113.03,91.25
"A11085/RTx2936",5964.3985,123.19,89
"A11085/RTx2937",5295.295,111.125,90.75
"A11085/RTx2938",5545.677,114.3,90
"A11085/RTx2939",5679.801,125.095,91.75
"A11085/RTx2940",5540.935,113.03,88.75
"A11085/RTx2941",4131.1715,117.475,94.25
"A11085/RTx2942",6176.0665,120.015,89
"A11085/RTx2943",5540.9105,127,91.25
"A11085/RTx2944",4999.9905,114.935,87.5
"AHF14/R01302",5971.8945,113.03,88.25
"AHF14/R02107",4955.2075,116.205,88.5
"AHF14/R03248",6405.711,116.205,89
"AHF14/R04060",6840.7665,118.11,89.5
"AHF14/R04104",5823.1255,114.935,88.5
"AHF14/R05330",5901.591,121.285,89
"AHF14/R05386",5744.3245,106.68,90.25
"AHF14/R05393",5791.144,109.855,90
"AHF14/R05405",5676.7725,110.49,90.5
"AHF14/R05425",5583.1405,112.395,88
"AHF14/R05512",5463.145,111.76,91.25
"AHF14/R07161",6435.7005,123.19,88.75
"AHF14/R07178",6200.2885,111.76,89.5
"AHF14/R08224",5690.633,124.46,91.25
"AHF14/R08297",5452.438,109.22,90.5
"AHF14/R08303",5754.8085,101.6,90.75
"AHF14/R08304",6010.5685,128.905,90.75
"AHF14/R08306",6068.911,107.95,88.5
"AHF14/R11158",6020.2615,122.555,88.5
"AHF14/R11208",6035.004,104.775,90.75
"AHF14/R12071",6715.031,116.205,86.25
"AHF14/R12145",6104.6605,114.935,90.75
"AHF14/R12148",5708.536,111.125,90
"AHF14/R12154",6350.8925,118.745,88.5
"AHF14/R12156",6190.249,113.665,92
"AHF14/R12157",5702.229,117.475,90.75
"AHF14/RTx2912",5067.7535,113.665,92.5
"AHF14/RTx2913",6462.4105,125.095,90.25
"AHF14/RTx2914",5438.97,123.825,89.5
"AHF14/RTx2916",5498.2095,117.475,90.75
"AHF14/RTx2917",5616.3635,109.22,89.75
"AHF14/RTx2918",6268.6795,109.855,90.75
"AHF14/RTx2919",5626.676,115.57,91.25
"AHF14/RTx2920",5256.0605,101.6,88
"AHF14/RTx2935",6275.4475,110.49,90.75
"AHF14/RTx2936",6301.156,120.65,88.5
"AHF14/RTx2937",5632.0525,108.585,90.25
"AHF14/RTx2938",5882.4345,111.76,89.5
"AHF14/RTx2939",6016.5585,122.555,91.25
"AHF14/RTx2940",5877.6925,110.49,88.25
"AHF14/RTx2941",4467.929,114.935,93.75
"AHF14/RTx2942",6512.824,117.475,88.5
"AHF14/RTx2943",5877.668,124.46,90.75
"AHF14/RTx2944",5336.748,112.395,87
"AKS116/R01302",5027.359,104.775,87
"AKS116/R02107",4010.672,107.95,87.25
"AKS116/R03248",5461.1755,107.95,87.75
"AKS116/R04060",5896.231,109.855,88.25
"AKS116/R04104",4878.59,106.68,87.25
"AKS116/R05330",4957.0555,113.03,87.75
"AKS116/R05386",4799.789,98.425,89
"AKS116/R05393",4846.6085,101.6,88.75
"AKS116/R05405",4732.237,102.235,89.25
"AKS116/R05425",4638.605,104.14,86.75
"AKS116/R05512",4518.6095,103.505,90
"AKS116/R07161",5491.165,114.935,87.5
"AKS116/R07178",5255.753,103.505,88.25
"AKS116/R08224",4746.0975,116.205,90
"AKS116/R08297",4507.9025,100.965,89.25
"AKS116/R08303",4810.273,93.345,89.5
"AKS116/R08304",5066.033,120.65,89.5
"AKS116/R08306",5124.3755,99.695,87.25
"AKS116/R11158",5075.726,114.3,87.25
"AKS116/R11208",5090.4685,96.52,89.5
"AKS116/R12071",5770.4955,107.95,85
"AKS116/R12145",5160.125,106.68,89.5
"AKS116/R12148",4764.0005,102.87,88.75
"AKS116/R12154",5406.357,110.49,87.25
"AKS116/R12156",5245.7135,105.41,90.75
"AKS116/R12157",4757.6935,109.22,89.5
"AKS116/RTx2912",4123.218,105.41,91.25
"AKS116/RTx2913",5517.875,116.84,89
"AKS116/RTx2914",4494.4345,115.57,88.25
"AKS116/RTx2916",4553.674,109.22,89.5
"AKS116/RTx2917",4671.828,100.965,88.5
"AKS116/RTx2918",5324.144,101.6,89.5
"AKS116/RTx2919",4682.1405,107.315,90
"AKS116/RTx2920",4311.525,93.345,86.75
"AKS116/RTx2935",5330.912,102.235,89.5
"AKS116/RTx2936",5356.6205,112.395,87.25
"AKS116/RTx2937",4687.517,100.33,89
"AKS116/RTx2938",4937.899,103.505,88.25
"AKS116/RTx2939",5072.023,114.3,90
"AKS116/RTx2940",4933.157,102.235,87
"AKS116/RTx2941",3523.3935,106.68,92.5
"AKS116/RTx2942",5568.2885,109.22,87.25
"AKS116/RTx2943",4933.1325,116.205,89.5
"AKS116/RTx2944",4392.2125,104.14,85.75
"AKS117/R01302",5144.171,103.505,89.25
"AKS117/R02107",4127.484,106.68,89.5
"AKS117/R03248",5577.9875,106.68,90
"AKS117/R04060",6013.043,108.585,90.5
"AKS117/R04104",4995.402,105.41,89.5
"AKS117/R05330",5073.8675,111.76,90
"AKS117/R05386",4916.601,97.155,91.25
"AKS117/R05393",4963.4205,100.33,91
"AKS117/R05405",4849.049,100.965,91.5
"AKS117/R05425",4755.417,102.87,89
"AKS117/R05512",4635.4215,102.235,92.25
"AKS117/R07161",5607.977,113.665,89.75
"AKS117/R07178",5372.565,102.235,90.5
"AKS117/R08224",4862.9095,114.935,92.25
"AKS117/R08297",4624.7145,99.695,91.5
"AKS117/R08303",4927.085,92.075,91.75
"AKS117/R08304",5182.845,119.38,91.75
"AKS117/R08306",5241.1875,98.425,89.5
"AKS117/R11158",5192.538,113.03,89.5
"AKS117/R11208",5207.2805,95.25,91.75
"AKS117/R12071",5887.3075,106.68,87.25
"AKS117/R12145",5276.937,105.41,91.75
"AKS117/R12148",4880.8125,101.6,91
"AKS117/R12154",5523.169,109.22,89.5
"AKS117/R12156",5362.5255,104.14,93
"AKS117/R12157",4874.5055,107.95,91.75
"AKS117/RTx2912",4240.03,104.14,93.5
"AKS117/RTx2913",5634.687,115.57,91.25
"AKS117/RTx2914",4611.2465,114.3,90.5
"AKS117/RTx2916",4670.486,107.95,91.75
"AKS117/RTx2917",4788.64,99.695,90.75
"AKS117/RTx2918",5440.956,100.33,91.75
"AKS117/RTx2919",4798.9525,106.045,92.25
"AKS117/RTx2920",4428.337,92.075,89
"AKS117/RTx2935",5447.724,100.965,91.75
"AKS117/RTx2936",5473.4325,111.125,89.5
"AKS117/RTx2937",4804.329,99.06,91.25
"AKS117/RTx2938",5054.711,102.235,90.5
"AKS117/RTx2939",5188.835,113.03,92.25
"AKS117/RTx2940",5049.969,100.965,89.25
"AKS117/RTx2941",3640.2055,105.41,94.75
"AKS117/RTx2942",5685.1005,107.95,89.5
"AKS117/RTx2943",5049.9445,114.935,91.75
"AKS117/RTx2944",4509.0245,102.87,88
"AKS118/R01302",5575.8435,112.395,89
"AKS118/R02107",4559.1565,115.57,89.25
"AKS118/R03248",6009.66,115.57,89.75
"AKS118/R04060",6444.7155,117.475,90.25
"AKS118/R04104",5427.0745,114.3,89.25
"AKS118/R05330",5505.54,120.65,89.75
"AKS118/R05386",5348.2735,106.045,91
"AKS118/R05393",5395.093,109.22,90.75
"AKS118/R05405",5280.7215,109.855,91.25
"AKS118/R05425",5187.0895,111.76,88.75
"AKS118/R05512",5067.094,111.125,92
"AKS118/R07161",6039.6495,122.555,89.5
"AKS118/R07178",5804.2375,111.125,90.25
"AKS118/R08224",5294.582,123.825,92
"AKS118/R08297",5056.387,108.585,91.25
"AKS118/R08303",5358.7575,100.965,91.5
"AKS118/R08304",5614.5175,128.27,91.5
"AKS118/R08306",5672.86,107.315,89.25
"AKS118/R11158",5624.2105,121.92,89.25
"AKS118/R11208",5638.953,104.14,91.5
"AKS118/R12071",6318.98,115.57,87
"AKS118/R12145",5708.6095,114.3,91.5
"AKS118/R12148",5312.485,110.49,90.75
"AKS118/R12154",5954.8415,118.11,89.25
"AKS118/R12156",5794.198,113.03,92.75
"AKS118/R12157",5306.178,116.84,91.5
"AKS118/RTx2912",4671.7025,113.03,93.25
"AKS118/RTx2913",6066.3595,124.46,91
"AKS118/RTx2914",5042.919,123.19,90.25
"AKS118/RTx2916",5102.1585,116.84,91.5
"AKS118/RTx2917",5220.3125,108.585,90.5
"AKS118/RTx2918",5872.6285,109.22,91.5
"AKS118/RTx2919",5230.625,114.935,92
"AKS118/RTx2920",4860.0095,100.965,88.75
"AKS118/RTx2935",5879.3965,109.855,91.5
"AKS118/RTx2936",5905.105,120.015,89.25
"AKS118/RTx2937",5236.0015,107.95,91
"AKS118/RTx2938",5486.3835,111.125,90.25
"AKS118/RTx2939",5620.5075,121.92,92
"AKS118/RTx2940",5481.6415,109.855,89
"AKS118/RTx2941",4071.878,114.3,94.5
"AKS118/RTx2942",6116.773,116.84,89.25
"AKS118/RTx2943",5481.617,123.825,91.5
"AKS118/RTx2944",4940.697,111.76,87.75
"AKS119/R01302",5102.553,116.84,89.5
"AKS119/R02107",4085.866,120.015,89.75
"AKS119/R03248",5536.3695,120.015,90.25
"AKS119/R04060",5971.425,121.92,90.75
"AKS119/R04104",4953.784,118.745,89.75
"AKS119/R05330",5032.2495,125.095,90.25
"AKS119/R05386",4874.983,110.49,91.5
"AKS119/R05393",4921.8025,113.665,91.25
"AKS119/R05405",4807.431,114.3,91.75
"AKS119/R05425",4713.799,116.205,89.25
"AKS119/R05512",4593.8035,115.57,92.5
"AKS119/R07161",5566.359,127,90
"AKS119/R07178",5330.947,115.57,90.75
"AKS119/R08224",4821.2915,128.27,92.5
"AKS119/R08297",4583.0965,113.03,91.75
"AKS119/R08303",4885.467,105.41,92
"AKS119/R08304",5141.227,132.715,92
"AKS119/R08306",5199.5695,111.76,89.75
"AKS119/R11158",5150.92,126.365,89.75
"AKS119/R11208",5165.6625,108.585,92
"AKS119/R12071",5845.6895,120.015,87.5
"AKS119/R12145",5235.319,118.745,92
"AKS119/R12148",4839.1945,114.935,91.25
"AKS119/R12154",5481.551,122.555,89.75
"AKS119/R12156",5320.9075,117.475,93.25
"AKS119/R12157",4832.8875,121.285,92
"AKS119/RTx2912",4198.412,117.475,93.75
"AKS119/RTx2913",5593.069,128.905,91.5
"AKS119/RTx2914",4569.6285,127.635,90.75
"AKS119/RTx2916",4628.868,121.285,92
"AKS119/RTx2917",4747.022,113.03,91
"AKS119/RTx2918",5399.338,113.665,92
"AKS119/RTx2919",4757.3345,119.38,92.5
"AKS119/RTx2920",4386.719,105.41,89.25
"AKS119/RTx2935",5406.106,114.3,92
"AKS119/RTx2936",5431.8145,124.46,89.75
"AKS119/RTx2937",4762.711,112.395,91.5
"AKS119/RTx2938",5013.093,115.57,90.75
"AKS119/RTx2939",5147.217,126.365,92.5
"AKS119/RTx2940",5008.351,114.3,89.5
"AKS119/RTx2941",3598.5875,118.745,95
"AKS119/RTx2942",5643.4825,121.285,89.75
"AKS119/RTx2943",5008.3265,128.27,92
"AKS119/RTx2944",4467.4065,116.205,88.25
"AKS120/R01302",5490.1095,118.11,88.75
"AKS120/R02107",4473.4225,121.285,89
"AKS120/R03248",5923.926,121.285,89.5
"AKS120/R04060",6358.9815,123.19,90
"AKS120/R04104",5341.3405,120.015,89
"AKS120/R05330",5419.806,126.365,89.5
"AKS120/R05386",5262.5395,111.76,90.75
"AKS120/R05393",5309.359,114.935,90.5
"AKS120/R05405",5194.9875,115.57,91
"AKS120/R05425",5101.3555,117.475,88.5
"AKS120/R05512",4981.36,116.84,91.75
"AKS120/R07161",5953.9155,128.27,89.25
"AKS120/R07178",5718.5035,116.84,90
"AKS120/R08224",5208.848,129.54,91.75
"AKS120/R08297",4970.653,114.3,91
"AKS120/R08303",5273.0235,106.68,91.25
"AKS120/R08304",5528.7835,133.985,91.25
"AKS120/R08306",5587.126,113.03,89
"AKS120/R11158",5538.4765,127.635,89
"AKS120/R11208",5553.219,109.855,91.25
"AKS120/R12071",6233.246,121.285,86.75
"AKS120/R12145",5622.8755,120.015,91.25
"AKS120/R12148",5226.751,116.205,90.5
"AKS120/R12154",5869.1075,123.825,89
"AKS120/R12156",5708.464,118.745,92.5
"AKS120/R12157",5220.444,122.555,91.25
"AKS120/RTx2912",4585.9685,118.745,93
"AKS120/RTx2913",5980.6255,130.175,90.75
"AKS120/RTx2914",4957.185,128.905,90
"AKS120/RTx2916",5016.4245,122.555,91.25
"AKS120/RTx2917",5134.5785,114.3,90.25
"AKS120/RTx2918",5786.8945,114.935,91.25
"AKS120/RTx2919",5144.891,120.65,91.75
"AKS120/RTx2920",4774.2755,106.68,88.5
"AKS120/RTx2935",5793.6625,115.57,91.25
"AKS120/RTx2936",5819.371,125.73,89
"AKS120/RTx2937",5150.2675,113.665,90.75
"AKS120/RTx2938",5400.6495,116.84,90
"AKS120/RTx2939",5534.7735,127.635,91.75
"AKS120/RTx2940",5395.9075,115.57,88.75
"AKS120/RTx2941",3986.144,120.015,94.25
"AKS120/RTx2942",6031.039,122.555,89
"AKS120/RTx2943",5395.883,129.54,91.25
"AKS120/RTx2944",4854.963,117.475,87.5
"AN263/R01302",5292.948,104.14,93
"AN263/R02107",4276.261,107.315,93.25
"AN263/R03248",5726.7645,107.315,93.75
"AN263/R04060",6161.82,109.22,94.25
"AN263/R04104",5144.179,106.045,93.25
"AN263/R05330",5222.6445,112.395,93.75
"AN263/R05386",5065.378,97.79,95
"AN263/R05393",5112.1975,100.965,94.75
"AN263/R05405",4997.826,101.6,95.25
"AN263/R05425",4904.194,103.505,92.75
"AN263/R05512",4784.1985,102.87,96
"AN263/R07161",5756.754,114.3,93.5
"AN263/R07178",5521.342,102.87,94.25
"AN263/R08224",5011.6865,115.57,96
"AN263/R08297",4773.4915,100.33,95.25
"AN263/R08303",5075.862,92.71,95.5
"AN263/R08304",5331.622,120.015,95.5
"AN263/R08306",5389.9645,99.06,93.25
"AN263/R11158",5341.315,113.665,93.25
"AN263/R11208",5356.0575,95.885,95.5
"AN263/R12071",6036.0845,107.315,91
"AN263/R12145",5425.714,106.045,95.5
"AN263/R12148",5029.5895,102.235,94.75
"AN263/R12154",5671.946,109.855,93.25
"AN263/R12156",5511.3025,104.775,96.75
"AN263/R12157",5023.2825,108.585,95.5
"AN263/RTx2912",4388.807,104.775,97.25
"AN263/RTx2913",5783.464,116.205,95
"AN263/RTx2914",4760.0235,114.935,94.25
"AN263/RTx2916",4819.263,108.585,95.5
"AN263/RTx2917",4937.417,100.33,94.5
"AN263/RTx2918",5589.733,100.965,95.5
"AN263/RTx2919",4947.7295,106.68,96
"AN263/RTx2920",4577.114,92.71,92.75
"AN263/RTx2935",5596.501,101.6,95.5
"AN263/RTx2936",5622.2095,111.76,93.25
"AN263/RTx2937",4953.106,99.695,95
"AN263/RTx2938",5203.488,102.87,94.25
"AN263/RTx2939",5337.612,113.665,96
"AN263/RTx2940",5198.746,101.6,93
"AN263/RTx2941",3788.9825,106.045,98.5
"AN263/RTx2942",5833.8775,108.585,93.25
"AN263/RTx2943",5198.7215,115.57,95.5
"AN263/RTx2944",4657.8015,103.505,91.75
"AN268/R01302",4995.1335,102.235,86.25
"AN268/R02107",3978.4465,105.41,86.5
"AN268/R03248",5428.95,105.41,87
"AN268/R04060",5864.0055,107.315,87.5
"AN268/R04104",4846.3645,104.14,86.5
"AN268/R05330",4924.83,110.49,87
"AN268/R05386",4767.5635,95.885,88.25
"AN268/R05393",4814.383,99.06,88
"AN268/R05405",4700.0115,99.695,88.5
"AN268/R05425",4606.3795,101.6,86
"AN268/R05512",4486.384,100.965,89.25
"AN268/R07161",5458.9395,112.395,86.75
"AN268/R07178",5223.5275,100.965,87.5
"AN268/R08224",4713.872,113.665,89.25
"AN268/R08297",4475.677,98.425,88.5
"AN268/R08303",4778.0475,90.805,88.75
"AN268/R08304",5033.8075,118.11,88.75
"AN268/R08306",5092.15,97.155,86.5
"AN268/R11158",5043.5005,111.76,86.5
"AN268/R11208",5058.243,93.98,88.75
"AN268/R12071",5738.27,105.41,84.25
"AN268/R12145",5127.8995,104.14,88.75
"AN268/R12148",4731.775,100.33,88
"AN268/R12154",5374.1315,107.95,86.5
"AN268/R12156",5213.488,102.87,90
"AN268/R12157",4725.468,106.68,88.75
"AN268/RTx2912",4090.9925,102.87,90.5
"AN268/RTx2913",5485.6495,114.3,88.25
"AN268/RTx2914",4462.209,113.03,87.5
"AN268/RTx2916",4521.4485,106.68,88.75
"AN268/RTx2917",4639.6025,98.425,87.75
"AN268/RTx2918",5291.9185,99.06,88.75
"AN268/RTx2919",4649.915,104.775,89.25
"AN268/RTx2920",4279.2995,90.805,86
"AN268/RTx2935",5298.6865,99.695,88.75
"AN268/RTx2936",5324.395,109.855,86.5
"AN268/RTx2937",4655.2915,97.79,88.25
"AN268/RTx2938",4905.6735,100.965,87.5
"AN268/RTx2939",5039.7975,111.76,89.25
"AN268/RTx2940",4900.9315,99.695,86.25
"AN268/RTx2941",3491.168,104.14,91.75
"AN268/RTx2942",5536.063,106.68,86.5
"AN268/RTx2943",4900.907,113.665,88.75
"AN268/RTx2944",4359.987,101.6,85
"AN290/R01302",5470.8375,97.155,89.75
"AN290/R02107",4454.1505,100.33,90
"AN290/R03248",5904.654,100.33,90.5
"AN290/R04060",6339.7095,102.235,91
"AN290/R04104",5322.0685,99.06,90
"AN290/R05330",5400.534,105.41,90.5
"AN290/R05386",5243.2675,90.805,91.75
"AN290/R05393",5290.087,93.98,91.5
"AN290/R05405",5175.7155,94.615,92
"AN290/R05425",5082.0835,96.52,89.5
"AN290/R05512",4962.088,95.885,92.75
"AN290/R07161",5934.6435,107.315,90.25
"AN290/R07178",5699.2315,95.885,91
"AN290/R08224",5189.576,108.585,92.75
"AN290/R08297",4951.381,93.345,92
"AN290/R08303",5253.7515,85.725,92.25
"AN290/R08304",5509.5115,113.03,92.25
"AN290/R08306",5567.854,92.075,90
"AN290/R11158",5519.2045,106.68,90
"AN290/R11208",5533.947,88.9,92.25
"AN290/R12071",6213.974,100.33,87.75
"AN290/R12145",5603.6035,99.06,92.25
"AN290/R12148",5207.479,95.25,91.5
"AN290/R12154",5849.8355,102.87,90
"AN290/R12156",5689.192,97.79,93.5
"AN290/R12157",5201.172,101.6,92.25
"AN290/RTx2912",4566.6965,97.79,94
"AN290/RTx2913",5961.3535,109.22,91.75
"AN290/RTx2914",4937.913,107.95,91
"AN290/RTx2916",4997.1525,101.6,92.25
"AN290/RTx2917",5115.3065,93.345,91.25
"AN290/RTx2918",5767.6225,93.98,92.25
"AN290/RTx2919",5125.619,99.695,92.75
"AN290/RTx2920",4755.0035,85.725,89.5
"AN290/RTx2935",5774.3905,94.615,92.25
"AN290/RTx2936",5800.099,104.775,90
"AN290/RTx2937",5130.9955,92.71,91.75
"AN290/RTx2938",5381.3775,95.885,91
"AN290/RTx2939",5515.5015,106.68,92.75
"AN290/RTx2940",5376.6355,94.615,89.75
"AN290/RTx2941",3966.872,99.06,95.25
"AN290/RTx2942",6011.767,101.6,90
"AN290/RTx2943",5376.611,108.585,92.25
"AN290/RTx2944",4835.691,96.52,88.5
"ATx2921/R01302",5600.7185,113.665,88.75
"ATx2921/R02107",4584.0315,116.84,89
"ATx2921/R03248",6034.535,116.84,89.5
"ATx2921/R04060",6469.5905,118.745,90
"ATx2921/R04104",5451.9495,115.57,89
"ATx2921/R05330",5530.415,121.92,89.5
"ATx2921/R05386",5373.1485,107.315,90.75
"ATx2921/R05393",5419.968,110.49,90.5
"ATx2921/R05405",5305.5965,111.125,91
"ATx2921/R05425",5211.9645,113.03,88.5
"ATx2921/R05512",5091.969,112.395,91.75
"ATx2921/R07161",6064.5245,123.825,89.25
"ATx2921/R07178",5829.1125,112.395,90
"ATx2921/R08224",5319.457,125.095,91.75
"ATx2921/R08297",5081.262,109.855,91
"ATx2921/R08303",5383.6325,102.235,91.25
"ATx2921/R08304",5639.3925,129.54,91.25
"ATx2921/R08306",5697.735,108.585,89
"ATx2921/R11158",5649.0855,123.19,89
"ATx2921/R11208",5663.828,105.41,91.25
"ATx2921/R12071",6343.855,116.84,86.75
"ATx2921/R12145",5733.4845,115.57,91.25
"ATx2921/R12148",5337.36,111.76,90.5
"ATx2921/R12154",5979.7165,119.38,89
"ATx2921/R12156",5819.073,114.3,92.5
"ATx2921/R12157",5331.053,118.11,91.25
"ATx2921/RTx2912",4696.5775,114.3,93
"ATx2921/RTx2913",6091.2345,125.73,90.75
"ATx2921/RTx2914",5067.794,124.46,90
"ATx2921/RTx2916",5127.0335,118.11,91.25
"ATx2921/RTx2917",5245.1875,109.855,90.25
"ATx2921/RTx2918",5897.5035,110.49,91.25
"ATx2921/RTx2919",5255.5,116.205,91.75
"ATx2921/RTx2920",4884.8845,102.235,88.5
"ATx2921/RTx2935",5904.2715,111.125,91.25
"ATx2921/RTx2936",5929.98,121.285,89
"ATx2921/RTx2937",5260.8765,109.22,90.75
"ATx2921/RTx2938",5511.2585,112.395,90
"ATx2921/RTx2939",5645.3825,123.19,91.75
"ATx2921/RTx2940",5506.5165,111.125,88.75
"ATx2921/RTx2941",4096.753,115.57,94.25
"ATx2921/RTx2942",6141.648,118.11,89
"ATx2921/RTx2943",5506.492,125.095,91.25
"ATx2921/RTx2944",4965.572,113.03,87.5
"ATx2923/R01302",5973.828,109.855,90.25
"ATx2923/R02107",4957.141,113.03,90.5
"ATx2923/R03248",6407.6445,113.03,91
"ATx2923/R04060",6842.7,114.935,91.5
"ATx2923/R04104",5825.059,111.76,90.5
"ATx2923/R05330",5903.5245,118.11,91
"ATx2923/R05386",5746.258,103.505,92.25
"ATx2923/R05393",5793.0775,106.68,92
"ATx2923/R05405",5678.706,107.315,92.5
"ATx2923/R05425",5585.074,109.22,90
"ATx2923/R05512",5465.0785,108.585,93.25
"ATx2923/R07161",6437.634,120.015,90.75
"ATx2923/R07178",6202.222,108.585,91.5
"ATx2923/R08224",5692.5665,121.285,93.25
"ATx2923/R08297",5454.3715,106.045,92.5
"ATx2923/R08303",5756.742,98.425,92.75
"ATx2923/R08304",6012.502,125.73,92.75
"ATx2923/R08306",6070.8445,104.775,90.5
"ATx2923/R11158",6022.195,119.38,90.5
"ATx2923/R11208",6036.9375,101.6,92.75
"ATx2923/R12071",6716.9645,113.03,88.25
"ATx2923/R12145",6106.594,111.76,92.75
"ATx2923/R12148",5710.4695,107.95,92
"ATx2923/R12154",6352.826,115.57,90.5
"ATx2923/R12156",6192.1825,110.49,94
"ATx2923/R12157",5704.1625,114.3,92.75
"ATx2923/RTx2912",5069.687,110.49,94.5
"ATx2923/RTx2913",6464.344,121.92,92.25
"ATx2923/RTx2914",5440.9035,120.65,91.5
"ATx2923/RTx2916",5500.143,114.3,92.75
"ATx2923/RTx2917",5618.297,106.045,91.75
"ATx2923/RTx2918",6270.613,106.68,92.75
"ATx2923/RTx2919",5628.6095,112.395,93.25
"ATx2923/RTx2920",5257.994,98.425,90
"ATx2923/RTx2935",6277.381,107.315,92.75
"ATx2923/RTx2936",6303.0895,117.475,90.5
"ATx2923/RTx2937",5633.986,105.41,92.25
"ATx2923/RTx2938",5884.368,108.585,91.5
"ATx2923/RTx2939",6018.492,119.38,93.25
"ATx2923/RTx2940",5879.626,107.315,90.25
"ATx2923/RTx2941",4469.8625,111.76,95.75
"ATx2923/RTx2942",6514.7575,114.3,90.5
"ATx2923/RTx2943",5879.6015,121.285,92.75
"ATx2923/RTx2944",5338.6815,109.22,89
"ATx2924/R01302",6173.9245,113.03,89
"ATx2924/R02107",5157.2375,116.205,89.25
"ATx2924/R03248",6607.741,116.205,89.75
"ATx2924/R04060",7042.7965,118.11,90.25
"ATx2924/R04104",6025.1555,114.935,89.25
"ATx2924/R05330",6103.621,121.285,89.75
"ATx2924/R05386",5946.3545,106.68,91
"ATx2924/R05393",5993.174,109.855,90.75
"ATx2924/R05405",5878.8025,110.49,91.25
"ATx2924/R05425",5785.1705,112.395,88.75
"ATx2924/R05512",5665.175,111.76,92
"ATx2924/R07161",6637.7305,123.19,89.5
"ATx2924/R07178",6402.3185,111.76,90.25
"ATx2924/R08224",5892.663,124.46,92
"ATx2924/R08297",5654.468,109.22,91.25
"ATx2924/R08303",5956.8385,101.6,91.5
"ATx2924/R08304",6212.5985,128.905,91.5
"ATx2924/R08306",6270.941,107.95,89.25
"ATx2924/R11158",6222.2915,122.555,89.25
"ATx2924/R11208",6237.034,104.775,91.5
"ATx2924/R12071",6917.061,116.205,87
"ATx2924/R12145",6306.6905,114.935,91.5
"ATx2924/R12148",5910.566,111.125,90.75
"ATx2924/R12154",6552.9225,118.745,89.25
"ATx2924/R12156",6392.279,113.665,92.75
"ATx2924/R12157",5904.259,117.475,91.5
"ATx2924/RTx2912",5269.7835,113.665,93.25
"ATx2924/RTx2913",6664.4405,125.095,91
"ATx2924/RTx2914",5641,123.825,90.25
"ATx2924/RTx2916",5700.2395,117.475,91.5
"ATx2924/RTx2917",5818.3935,109.22,90.5
"ATx2924/RTx2918",6470.7095,109.855,91.5
"ATx2924/RTx2919",5828.706,115.57,92
"ATx2924/RTx2920",5458.0905,101.6,88.75
"ATx2924/RTx2935",6477.4775,110.49,91.5
"ATx2924/RTx2936",6503.186,120.65,89.25
"ATx2924/RTx2937",5834.0825,108.585,91
"ATx2924/RTx2938",6084.4645,111.76,90.25
"ATx2924/RTx2939",6218.5885,122.555,92
"ATx2924/RTx2940",6079.7225,110.49,89
"ATx2924/RTx2941",4669.959,114.935,94.5
"ATx2924/RTx2942",6714.854,117.475,89.25
"ATx2924/RTx2943",6079.698,124.46,91.5
"ATx2924/RTx2944",5538.778,112.395,87.75
"ATx2926/R01302",5389.5885,113.03,91
"ATx2926/R02107",4372.9015,116.205,91.25
"ATx2926/R03248",5823.405,116.205,91.75
"ATx2926/R04060",6258.4605,118.11,92.25
"ATx2926/R04104",5240.8195,114.935,91.25
"ATx2926/R05330",5319.285,121.285,91.75
"ATx2926/R05386",5162.0185,106.68,93
"ATx2926/R05393",5208.838,109.855,92.75
"ATx2926/R05405",5094.4665,110.49,93.25
"ATx2926/R05425",5000.8345,112.395,90.75
"ATx2926/R05512",4880.839,111.76,94
"ATx2926/R07161",5853.3945,123.19,91.5
"ATx2926/R07178",5617.9825,111.76,92.25
"ATx2926/R08224",5108.327,124.46,94
"ATx2926/R08297",4870.132,109.22,93.25
"ATx2926/R08303",5172.5025,101.6,93.5
"ATx2926/R08304",5428.2625,128.905,93.5
"ATx2926/R08306",5486.605,107.95,91.25
"ATx2926/R11158",5437.9555,122.555,91.25
"ATx2926/R11208",5452.698,104.775,93.5
"ATx2926/R12071",6132.725,116.205,89
"ATx2926/R12145",5522.3545,114.935,93.5
"ATx2926/R12148",5126.23,111.125,92.75
"ATx2926/R12154",5768.5865,118.745,91.25
"ATx2926/R12156",5607.943,113.665,94.75
"ATx2926/R12157",5119.923,117.475,93.5
"ATx2926/RTx2912",4485.4475,113.665,95.25
"ATx2926/RTx2913",5880.1045,125.095,93
"ATx2926/RTx2914",4856.664,123.825,92.25
"ATx2926/RTx2916",4915.9035,117.475,93.5
"ATx2926/RTx2917",5034.0575,109.22,92.5
"ATx2926/RTx2918",5686.3735,109.855,93.5
"ATx2926/RTx2919",5044.37,115.57,94
"ATx2926/RTx2920",4673.7545,101.6,90.75
"ATx2926/RTx2935",5693.1415,110.49,93.5
"ATx2926/RTx2936",5718.85,120.65,91.25
"ATx2926/RTx2937",5049.7465,108.585,93
"ATx2926/RTx2938",5300.1285,111.76,92.25
"ATx2926/RTx2939",5434.2525,122.555,94
"ATx2926/RTx2940",5295.3865,110.49,91
"ATx2926/RTx2941",3885.623,114.935,96.5
"ATx2926/RTx2942",5930.518,117.475,91.25
"ATx2926/RTx2943",5295.362,124.46,93.5
"ATx2926/RTx2944",4754.442,112.395,89.75
"ATx2927/R01302",6117.029,110.49,89.75
"ATx2927/R02107",5100.342,113.665,90
"ATx2927/R03248",6550.8455,113.665,90.5
"ATx2927/R04060",6985.901,115.57,91
"ATx2927/R04104",5968.26,112.395,90
"ATx2927/R05330",6046.7255,118.745,90.5
"ATx2927/R05386",5889.459,104.14,91.75
"ATx2927/R05393",5936.2785,107.315,91.5
"ATx2927/R05405",5821.907,107.95,92
"ATx2927/R05425",5728.275,109.855,89.5
"ATx2927/R05512",5608.2795,109.22,92.75
"ATx2927/R07161",6580.835,120.65,90.25
"ATx2927/R07178",6345.423,109.22,91
"ATx2927/R08224",5835.7675,121.92,92.75
"ATx2927/R08297",5597.5725,106.68,92
"ATx2927/R08303",5899.943,99.06,92.25
"ATx2927/R08304",6155.703,126.365,92.25
"ATx2927/R08306",6214.0455,105.41,90
"ATx2927/R11158",6165.396,120.015,90
"ATx2927/R11208",6180.1385,102.235,92.25
"ATx2927/R12071",6860.1655,113.665,87.75
"ATx2927/R12145",6249.795,112.395,92.25
"ATx2927/R12148",5853.6705,108.585,91.5
"ATx2927/R12154",6496.027,116.205,90
"ATx2927/R12156",6335.3835,111.125,93.5
"ATx2927/R12157",5847.3635,114.935,92.25
"ATx2927/RTx2912",5212.888,111.125,94
"ATx2927/RTx2913",6607.545,122.555,91.75
"ATx2927/RTx2914",5584.1045,121.285,91
"ATx2927/RTx2916",5643.344,114.935,92.25
"ATx2927/RTx2917",5761.498,106.68,91.25
"ATx2927/RTx2918",6413.814,107.315,92.25
"ATx2927/RTx2919",5771.8105,113.03,92.75
"ATx2927/RTx2920",5401.195,99.06,89.5
"ATx2927/RTx2935",6420.582,107.95,92.25
"ATx2927/RTx2936",6446.2905,118.11,90
"ATx2927/RTx2937",5777.187,106.045,91.75
"ATx2927/RTx2938",6027.569,109.22,91
"ATx2927/RTx2939",6161.693,120.015,92.75
"ATx2927/RTx2940",6022.827,107.95,89.75
"ATx2927/RTx2941",4613.0635,112.395,95.25
"ATx2927/RTx2942",6657.9585,114.935,90
"ATx2927/RTx2943",6022.8025,121.92,92.25
"ATx2927/RTx2944",5481.8825,109.855,88.5
"ATx2930/R01302",5593.662,113.665,87
"ATx2930/R02107",4576.975,116.84,87.25
"ATx2930/R03248",6027.4785,116.84,87.75
"ATx2930/R04060",6462.534,118.745,88.25
"ATx2930/R04104",5444.893,115.57,87.25
"ATx2930/R05330",5523.3585,121.92,87.75
"ATx2930/R05386",5366.092,107.315,89
"ATx2930/R05393",5412.9115,110.49,88.75
"ATx2930/R05405",5298.54,111.125,89.25
"ATx2930/R05425",5204.908,113.03,86.75
"ATx2930/R05512",5084.9125,112.395,90
"ATx2930/R07161",6057.468,123.825,87.5
"ATx2930/R07178",5822.056,112.395,88.25
"ATx2930/R08224",5312.4005,125.095,90
"ATx2930/R08297",5074.2055,109.855,89.25
"ATx2930/R08303",5376.576,102.235,89.5
"ATx2930/R08304",5632.336,129.54,89.5
"ATx2930/R08306",5690.6785,108.585,87.25
"ATx2930/R11158",5642.029,123.19,87.25
"ATx2930/R11208",5656.7715,105.41,89.5
"ATx2930/R12071",6336.7985,116.84,85
"ATx2930/R12145",5726.428,115.57,89.5
"ATx2930/R12148",5330.3035,111.76,88.75
"ATx2930/R12154",5972.66,119.38,87.25
"ATx2930/R12156",5812.0165,114.3,90.75
"ATx2930/R12157",5323.9965,118.11,89.5
"ATx2930/RTx2912",4689.521,114.3,91.25
"ATx2930/RTx2913",6084.178,125.73,89
"ATx2930/RTx2914",5060.7375,124.46,88.25
"ATx2930/RTx2916",5119.977,118.11,89.5
"ATx2930/RTx2917",5238.131,109.855,88.5
"ATx2930/RTx2918",5890.447,110.49,89.5
"ATx2930/RTx2919",5248.4435,116.205,90
"ATx2930/RTx2920",4877.828,102.235,86.75
"ATx2930/RTx2935",5897.215,111.125,89.5
"ATx2930/RTx2936",5922.9235,121.285,87.25
"ATx2930/RTx2937",5253.82,109.22,89
"ATx2930/RTx2938",5504.202,112.395,88.25
"ATx2930/RTx2939",5638.326,123.19,90
"ATx2930/RTx2940",5499.46,111.125,87
"ATx2930/RTx2941",4089.6965,115.57,92.5
"ATx2930/RTx2942",6134.5915,118.11,87.25
"ATx2930/RTx2943",5499.4355,125.095,89.5
"ATx2930/RTx2944",4958.5155,113.03,85.75
"ATx2931/R01302",5943.815,99.695,92
"ATx2931/R02107",4927.128,102.87,92.25
"ATx2931/R03248",6377.6315,102.87,92.75
"ATx2931/R04060",6812.687,104.775,93.25
"ATx2931/R04104",5795.046,101.6,92.25
"ATx2931/R05330",5873.5115,107.95,92.75
"ATx2931/R05386",5716.245,93.345,94
"ATx2931/R05393",5763.0645,96.52,93.75
"ATx2931/R05405",5648.693,97.155,94.25
"ATx2931/R05425",5555.061,99.06,91.75
"ATx2931/R05512",5435.0655,98.425,95
"ATx2931/R07161",6407.621,109.855,92.5
"ATx2931/R07178",6172.209,98.425,93.25
"ATx2931/R08224",5662.5535,111.125,95
"ATx2931/R08297",5424.3585,95.885,94.25
"ATx2931/R08303",5726.729,88.265,94.5
"ATx2931/R08304",5982.489,115.57,94.5
"ATx2931/R08306",6040.8315,94.615,92.25
"ATx2931/R11158",5992.182,109.22,92.25
"ATx2931/R11208",6006.9245,91.44,94.5
"ATx2931/R12071",6686.9515,102.87,90
"ATx2931/R12145",6076.581,101.6,94.5
"ATx2931/R12148",5680.4565,97.79,93.75
"ATx2931/R12154",6322.813,105.41,92.25
"ATx2931/R12156",6162.1695,100.33,95.75
"ATx2931/R12157",5674.1495,104.14,94.5
"ATx2931/RTx2912",5039.674,100.33,96.25
"ATx2931/RTx2913",6434.331,111.76,94
"ATx2931/RTx2914",5410.8905,110.49,93.25
"ATx2931/RTx2916",5470.13,104.14,94.5
"ATx2931/RTx2917",5588.284,95.885,93.5
"ATx2931/RTx2918",6240.6,96.52,94.5
"ATx2931/RTx2919",5598.5965,102.235,95
"ATx2931/RTx2920",5227.981,88.265,91.75
"ATx2931/RTx2935",6247.368,97.155,94.5
"ATx2931/RTx2936",6273.0765,107.315,92.25
"ATx2931/RTx2937",5603.973,95.25,94
"ATx2931/RTx2938",5854.355,98.425,93.25
"ATx2931/RTx2939",5988.479,109.22,95
"ATx2931/RTx2940",5849.613,97.155,92
"ATx2931/RTx2941",4439.8495,101.6,97.5
"ATx2931/RTx2942",6484.7445,104.14,92.25
"ATx2931/RTx2943",5849.5885,111.125,94.5
"ATx2931/RTx2944",5308.6685,99.06,90.75
"ATx2934/R01302",5630.565,104.775,91
"ATx2934/R02107",4613.878,107.95,91.25
"ATx2934/R03248",6064.3815,107.95,91.75
"ATx2934/R04060",6499.437,109.855,92.25
"ATx2934/R04104",5481.796,106.68,91.25
"ATx2934/R05330",5560.2615,113.03,91.75
"ATx2934/R05386",5402.995,98.425,93
"ATx2934/R05393",5449.8145,101.6,92.75
"ATx2934/R05405",5335.443,102.235,93.25
"ATx2934/R05425",5241.811,104.14,90.75
"ATx2934/R05512",5121.8155,103.505,94
"ATx2934/R07161",6094.371,114.935,91.5
"ATx2934/R07178",5858.959,103.505,92.25
"ATx2934/R08224",5349.3035,116.205,94
"ATx2934/R08297",5111.1085,100.965,93.25
"ATx2934/R08303",5413.479,93.345,93.5
"ATx2934/R08304",5669.239,120.65,93.5
"ATx2934/R08306",5727.5815,99.695,91.25
"ATx2934/R11158",5678.932,114.3,91.25
"ATx2934/R11208",5693.6745,96.52,93.5
"ATx2934/R12071",6373.7015,107.95,89
"ATx2934/R12145",5763.331,106.68,93.5
"ATx2934/R12148",5367.2065,102.87,92.75
"ATx2934/R12154",6009.563,110.49,91.25
"ATx2934/R12156",5848.9195,105.41,94.75
"ATx2934/R12157",5360.8995,109.22,93.5
"ATx2934/RTx2912",4726.424,105.41,95.25
"ATx2934/RTx2913",6121.081,116.84,93
"ATx2934/RTx2914",5097.6405,115.57,92.25
"ATx2934/RTx2916",5156.88,109.22,93.5
"ATx2934/RTx2917",5275.034,100.965,92.5
"ATx2934/RTx2918",5927.35,101.6,93.5
"ATx2934/RTx2919",5285.3465,107.315,94
"ATx2934/RTx2920",4914.731,93.345,90.75
"ATx2934/RTx2935",5934.118,102.235,93.5
"ATx2934/RTx2936",5959.8265,112.395,91.25
"ATx2934/RTx2937",5290.723,100.33,93
"ATx2934/RTx2938",5541.105,103.505,92.25
"ATx2934/RTx2939",5675.229,114.3,94
"ATx2934/RTx2940",5536.363,102.235,91
"ATx2934/RTx2941",4126.5995,106.68,96.5
"ATx2934/RTx2942",6171.4945,109.22,91.25
"ATx2934/RTx2943",5536.3385,116.205,93.5
"ATx2934/RTx2944",4995.4185,104.14,89.75
"ATx3408/R01302",6065.912,111.76,91.5
"ATx3408/R02107",5049.225,114.935,91.75
"ATx3408/R03248",6499.7285,114.935,92.25
"ATx3408/R04060",6934.784,116.84,92.75
"ATx3408/R04104",5917.143,113.665,91.75
"ATx3408/R05330",5995.6085,120.015,92.25
"ATx3408/R05386",5838.342,105.41,93.5
"ATx3408/R05393",5885.1615,108.585,93.25
"ATx3408/R05405",5770.79,109.22,93.75
"ATx3408/R05425",5677.158,111.125,91.25
"ATx3408/R05512",5557.1625,110.49,94.5
"ATx3408/R07161",6529.718,121.92,92
"ATx3408/R07178",6294.306,110.49,92.75
"ATx3408/R08224",5784.6505,123.19,94.5
"ATx3408/R08297",5546.4555,107.95,93.75
"ATx3408/R08303",5848.826,100.33,94
"ATx3408/R08304",6104.586,127.635,94
"ATx3408/R08306",6162.9285,106.68,91.75
"ATx3408/R11158",6114.279,121.285,91.75
"ATx3408/R11208",6129.0215,103.505,94
"ATx3408/R12071",6809.0485,114.935,89.5
"ATx3408/R12145",6198.678,113.665,94
"ATx3408/R12148",5802.5535,109.855,93.25
"ATx3408/R12154",6444.91,117.475,91.75
"ATx3408/R12156",6284.2665,112.395,95.25
"ATx3408/R12157",5796.2465,116.205,94
"ATx3408/RTx2912",5161.771,112.395,95.75
"ATx3408/RTx2913",6556.428,123.825,93.5
"ATx3408/RTx2914",5532.9875,122.555,92.75
"ATx3408/RTx2916",5592.227,116.205,94
"ATx3408/RTx2917",5710.381,107.95,93
"ATx3408/RTx2918",6362.697,108.585,94
"ATx3408/RTx2919",5720.6935,114.3,94.5
"ATx3408/RTx2920",5350.078,100.33,91.25
"ATx3408/RTx2935",6369.465,109.22,94
"ATx3408/RTx2936",6395.1735,119.38,91.75
"ATx3408/RTx2937",5726.07,107.315,93.5
"ATx3408/RTx2938",5976.452,110.49,92.75
"ATx3408/RTx2939",6110.576,121.285,94.5
"ATx3408/RTx2940",5971.71,109.22,91.5
"ATx3408/RTx2941",4561.9465,113.665,97
"ATx3408/RTx2942",6606.8415,116.205,91.75
"ATx3408/RTx2943",5971.6855,123.19,94
"ATx3408/RTx2944",5430.7655,111.125,90.25
"ATx3409/R01302",5738.915,108.585,91.25
"ATx3409/R02107",4722.228,111.76,91.5
"ATx3409/R03248",6172.7315,111.76,92
"ATx3409/R04060",6607.787,113.665,92.5
"ATx3409/R04104",5590.146,110.49,91.5
"ATx3409/R05330",5668.6115,116.84,92
"ATx3409/R05386",5511.345,102.235,93.25
"ATx3409/R05393",5558.1645,105.41,93
"ATx3409/R05405",5443.793,106.045,93.5
"ATx3409/R05425",5350.161,107.95,91
"ATx3409/R05512",5230.1655,107.315,94.25
"ATx3409/R07161",6202.721,118.745,91.75
"ATx3409/R07178",5967.309,107.315,92.5
"ATx3409/R08224",5457.6535,120.015,94.25
"ATx3409/R08297",5219.4585,104.775,93.5
"ATx3409/R08303",5521.829,97.155,93.75
"ATx3409/R08304",5777.589,124.46,93.75
"ATx3409/R08306",5835.9315,103.505,91.5
"ATx3409/R11158",5787.282,118.11,91.5
"ATx3409/R11208",5802.0245,100.33,93.75
"ATx3409/R12071",6482.0515,111.76,89.25
"ATx3409/R12145",5871.681,110.49,93.75
"ATx3409/R12148",5475.5565,106.68,93
"ATx3409/R12154",6117.913,114.3,91.5
"ATx3409/R12156",5957.2695,109.22,95
"ATx3409/R12157",5469.2495,113.03,93.75
"ATx3409/RTx2912",4834.774,109.22,95.5
"ATx3409/RTx2913",6229.431,120.65,93.25
"ATx3409/RTx2914",5205.9905,119.38,92.5
"ATx3409/RTx2916",5265.23,113.03,93.75
"ATx3409/RTx2917",5383.384,104.775,92.75
"ATx3409/RTx2918",6035.7,105.41,93.75
"ATx3409/RTx2919",5393.6965,111.125,94.25
"ATx3409/RTx2920",5023.081,97.155,91
"ATx3409/RTx2935",6042.468,106.045,93.75
"ATx3409/RTx2936",6068.1765,116.205,91.5
"ATx3409/RTx2937",5399.073,104.14,93.25
"ATx3409/RTx2938",5649.455,107.315,92.5
"ATx3409/RTx2939",5783.579,118.11,94.25
"ATx3409/RTx2940",5644.713,106.045,91.25
"ATx3409/RTx2941",4234.9495,110.49,96.75
"ATx3409/RTx2942",6279.8445,113.03,91.5
"ATx3409/RTx2943",5644.6885,120.015,93.75
"ATx3409/RTx2944",5103.7685,107.95,90
"ATx644/R01302",5071.297,107.315,87.5
"ATx644/R02107",4054.61,110.49,87.75
"ATx644/R03248",5505.1135,110.49,88.25
"ATx644/R04060",5940.169,112.395,88.75
"ATx644/R04104",4922.528,109.22,87.75
"ATx644/R05330",5000.9935,115.57,88.25
"ATx644/R05386",4843.727,100.965,89.5
"ATx644/R05393",4890.5465,104.14,89.25
"ATx644/R05405",4776.175,104.775,89.75
"ATx644/R05425",4682.543,106.68,87.25
"ATx644/R05512",4562.5475,106.045,90.5
"ATx644/R07161",5535.103,117.475,88
"ATx644/R07178",5299.691,106.045,88.75
"ATx644/R08224",4790.0355,118.745,90.5
"ATx644/R08297",4551.8405,103.505,89.75
"ATx644/R08303",4854.211,95.885,90
"ATx644/R08304",5109.971,123.19,90
"ATx644/R08306",5168.3135,102.235,87.75
"ATx644/R11158",5119.664,116.84,87.75
"ATx644/R11208",5134.4065,99.06,90
"ATx644/R12071",5814.4335,110.49,85.5
"ATx644/R12145",5204.063,109.22,90
"ATx644/R12148",4807.9385,105.41,89.25
"ATx644/R12154",5450.295,113.03,87.75
"ATx644/R12156",5289.6515,107.95,91.25
"ATx644/R12157",4801.6315,111.76,90
"ATx644/RTx2912",4167.156,107.95,91.75
"ATx644/RTx2913",5561.813,119.38,89.5
"ATx644/RTx2914",4538.3725,118.11,88.75
"ATx644/RTx2916",4597.612,111.76,90
"ATx644/RTx2917",4715.766,103.505,89
"ATx644/RTx2918",5368.082,104.14,90
"ATx644/RTx2919",4726.0785,109.855,90.5
"ATx644/RTx2920",4355.463,95.885,87.25
"ATx644/RTx2935",5374.85,104.775,90
"ATx644/RTx2936",5400.5585,114.935,87.75
"ATx644/RTx2937",4731.455,102.87,89.5
"ATx644/RTx2938",4981.837,106.045,88.75
"ATx644/RTx2939",5115.961,116.84,90.5
"ATx644/RTx2940",4977.095,104.775,87.5
"ATx644/RTx2941",3567.3315,109.22,93
"ATx644/RTx2942",5612.2265,111.76,87.75
"ATx644/RTx2943",4977.0705,118.745,90
"ATx644/RTx2944",4436.1505,106.68,86.25
