"","pedigree","female","male","env","blue","gy_mid_parent","ph_mid_parent","dy_mid_parent"
"1","A01021/R01302","A01021","R01302","19CS",144.78,2929.7055,106.045,68
"2","A01021/R02107","A01021","R02107","19CS",152.4,2575.60995,109.22,68
"10","A01021/R05425","A01021","R05425","19CS",181.61,3221.31215,96.52,66
"13","A01021/R07178","A01021","R07178","19CS",147.32,3858.4266,100.965,65.75
"19","A01021/R11158","A01021","R11158","19CS",158.75,3652.08675,107.315,65.75
"22","A01021/R12145","A01021","R12145","19CS",133.35,3462.1836,107.315,68.75
"31","A01021/RTx2917","A01021","RTx2917","19CS",139.7,3815.6914,107.315,65.75
"35","A01021/RTx2935","A01021","RTx2935","19CS",144.78,3707.7953,104.14,66
"43","A01021/RTx2943","A01021","RTx2943","19CS",153.67,3467.55785,112.395,68.75
"49","A01046/R04104","A01046","R04104","19CS",128.27,3745.70695,102.235,71
"51","A01046/R05386","A01046","R05386","19CS",119.38,3505.5339,92.71,71
"55","A01046/R05512","A01046","R05512","19CS",130.81,2667.68845,94.615,72.5
"64","A01046/R11208","A01046","R11208","19CS",124.46,3080.8268,88.265,71.25
"69","A01046/R12156","A01046","R12156","19CS",125.73,3467.43485,105.41,74
"73","A01046/RTx2914","A01046","RTx2914","19CS",134.62,3023.1708,102.235,72.5
"79","A01046/RTx2935","A01046","RTx2935","19CS",134.62,3270.75845,97.79,71.25
"92","A01362/R04060","A01362","R04060","19CS",133.35,4341.2612,111.125,70.5
"94","A01362/R05330","A01362","R05330","19CS",148.59,3545.37815,111.76,71.75
"99","A01362/R05512","A01362","R05512","19CS",139.7,3262.08945,97.155,70.25
"101","A01362/R07178","A01362","R07178","19CS",127,4015.79075,97.155,68.75
"105","A01362/R08304","A01362","R08304","19CS",139.7,4222.25235,106.68,68.75
"110","A01362/R12145","A01362","R12145","19CS",135.89,3619.54775,103.505,71.75
"115","A01362/RTx2912","A01362","RTx2912","19CS",129.54,2520.2426,97.155,71.75
"117","A01362/RTx2914","A01362","RTx2914","19CS",137.16,3617.5718,104.775,70.25
"121","A01362/RTx2919","A01362","RTx2919","19CS",128.27,3685.4791,98.425,68.75
"125","A01362/RTx2937","A01362","RTx2937","19CS",127,3966.43065,102.235,69
"131","A01362/RTx2943","A01362","RTx2943","19CS",149.86,3624.922,108.585,71.75
"136","A03017/R04060","A03017","R04060","19CS",138.43,4422.8579,116.205,69.75
"137","A03017/R04104","A03017","R04104","19CS",130.81,4421.70465,109.855,68
"164","A03017/RTx2918","A03017","RTx2918","19CS",130.81,4186.23565,108.585,68.25
"166","A03017/RTx2920","A03017","RTx2920","19CS",129.54,3836.549,99.06,68
"180","A03032/R04060","A03032","R04060","19CS",120.65,4105.79865,105.41,70.5
"191","A03032/R08297","A03032","R08297","19CS",111.76,3836.9283,94.615,68.75
"204","A03032/RTx2913","A03032","RTx2913","19CS",138.43,3552.16715,106.045,71.75
"208","A03032/RTx2918","A03032","RTx2918","19CS",114.3,3869.1764,97.79,69
"218","A03032/RTx2942","A03032","RTx2942","19CS",127,3907.99175,100.965,68.25
"219","A03032/RTx2943","A03032","RTx2943","19CS",125.73,3389.45945,102.87,71.75
"223","A03040/R03248","A03040","R03248","19CS",144.78,3443.44025,93.98,69
"225","A03040/R04104","A03040","R04104","19CS",140.97,3793.63945,103.505,68.5
"228","A03040/R05393","A03040","R05393","19CS",144.78,2168.45565,97.155,71.5
"233","A03040/R07178","A03040","R07178","19CS",149.86,3469.32225,95.885,68.5
"238","A03040/R08306","A03040","R08306","19CS",142.24,3620.2025,99.06,68.5
"241","A03040/R12071","A03040","R12071","19CS",135.89,3347.37895,99.06,70
"244","A03040/R12154","A03040","R12154","19CS",146.05,3128.9451,99.06,70.5
"248","A03040/RTx2913","A03040","RTx2913","19CS",158.75,3241.1612,110.49,71.5
"251","A03040/RTx2917","A03040","RTx2917","19CS",146.05,3426.58705,102.235,68.5
"260","A03040/RTx2940","A03040","RTx2940","19CS",123.19,3488.5896,97.79,68.75
"262","A03040/RTx2942","A03040","RTx2942","19CS",142.24,3596.9858,105.41,68
"265","A03043/R01302","A03043","R01302","19CS",137.16,2538.8042,100.965,72.5
"269","A03043/R04104","A03043","R04104","19CS",132.08,3791.8425,103.505,70.25
"270","A03043/R05330","A03043","R05330","19CS",135.89,2997.1127,110.49,73.25
"271","A03043/R05386","A03043","R05386","19CS",127,3551.66945,93.98,70.25
"274","A03043/R05425","A03043","R05425","19CS",130.81,2830.41085,91.44,70.5
"279","A03043/R08297","A03043","R08297","19CS",137.16,3524.1254,99.06,70.25
"281","A03043/R08304","A03043","R08304","19CS",123.19,3673.9869,105.41,70.25
"287","A03043/R12148","A03043","R12148","19CS",130.81,3318.56595,102.235,72.5
"292","A03043/RTx2913","A03043","RTx2913","19CS",135.89,3239.36425,110.49,73.25
"298","A03043/RTx2920","A03043","RTx2920","19CS",123.19,3206.68685,92.71,70.25
"304","A03043/RTx2940","A03043","RTx2940","19CS",125.73,3486.79265,97.79,70.5
"309","A03054/R01302","A03054","R01302","19CS",121.92,2485.5978,92.075,70.5
"317","A03054/R05405","A03054","R05405","19CS",135.89,3150.6793,82.55,68.25
"320","A03054/R07161","A03054","R07161","19CS",138.43,3148.0857,104.14,69
"333","A03054/R12156","A03054","R12156","19CS",118.11,3460.364,97.79,71.25
"340","A03054/RTx2918","A03054","RTx2918","19CS",120.65,3503.1671,93.345,68.5
"344","A03054/RTx2936","A03054","RTx2936","19CS",130.81,2926.13695,88.9,70
"348","A03054/RTx2940","A03054","RTx2940","19CS",118.11,3433.58625,88.9,68.5
"349","A03054/RTx2941","A03054","RTx2941","19CS",132.08,2644.5385,91.44,71.25
"357","A03055/R04104","A03055","R04104","19CS",124.46,3679.67725,100.33,68.25
"358","A03055/R05330","A03055","R05330","19CS",162.56,2884.94745,107.315,71.25
"364","A03055/R07161","A03055","R07161","19CS",148.59,3089.12685,109.855,69
"367","A03055/R08297","A03055","R08297","19CS",137.16,3411.96015,95.885,68.25
"375","A03055/R12148","A03055","R12148","19CS",129.54,3206.4007,99.06,70.5
"384","A03055/RTx2918","A03055","RTx2918","19CS",148.59,3444.20825,99.06,68.5
"388","A03055/RTx2936","A03055","RTx2936","19CS",143.51,2867.1781,94.615,70
"394","A03055/RTx2942","A03055","RTx2942","19CS",134.62,3483.0236,102.235,67.75
"395","A03055/RTx2943","A03055","RTx2943","19CS",144.78,2964.4913,104.14,71.25
"396","A03055/RTx2944","A03055","RTx2944","19CS",143.51,2666.7624,95.885,68.25
"401","A03089/R04104","A03089","R04104","19CS",128.27,2856.44795,97.155,71
"404","A03089/R05393","A03089","R05393","19CS",148.59,1231.26415,90.805,74
"410","A03089/R08224","A03089","R08224","19CS",179.07,1436.42765,102.235,73.25
"422","A03089/R12157","A03089","R12157","19CS",138.43,2742.26235,100.965,72.5
"425","A03089/RTx2914","A03089","RTx2914","19CS",148.59,2133.9118,97.155,72.5
"427","A03089/RTx2917","A03089","RTx2917","19CS",130.81,2489.39555,95.885,71
"442","A03093/R02107","A03093","R02107","19CS",129.54,2691.6882,107.315,70.25
"447","A03093/R05386","A03093","R05386","19CS",130.81,4058.649,97.155,68
"449","A03093/R05405","A03093","R05405","19CS",153.67,3710.86525,94.615,68
"453","A03093/R07178","A03093","R07178","19CS",133.35,3974.50485,99.06,68
"455","A03093/R08297","A03093","R08297","19CS",129.54,4031.10495,102.235,68
"463","A03093/R12148","A03093","R12148","19CS",143.51,3825.5455,105.41,70.25
"468","A03093/RTx2913","A03093","RTx2913","19CS",148.59,3746.3438,113.665,71
"471","A03093/RTx2917","A03093","RTx2917","19CS",125.73,3931.76965,105.41,68
"474","A03093/RTx2920","A03093","RTx2920","19CS",130.81,3713.6664,95.885,68
"480","A03093/RTx2940","A03093","RTx2940","19CS",123.19,3993.7722,100.965,68.25
"484","A03093/RTx2944","A03093","RTx2944","19CS",133.35,3285.9072,102.235,68
"486","A03121/R02107","A03121","R02107","19CS",142.24,2463.38875,102.87,72.5
"490","A03121/R05330","A03121","R05330","19CS",144.78,3275.7928,109.22,73.25
"494","A03121/R05425","A03121","R05425","19CS",142.24,3109.09095,90.17,70.5
"497","A03121/R07178","A03121","R07178","19CS",138.43,3746.2054,94.615,70.25
"498","A03121/R08224","A03121","R08224","19CS",170.18,2650.5023,107.315,72.5
"500","A03121/R08303","A03121","R08303","19CS",115.57,3641.5074,90.17,70.25
"510","A03121/R12157","A03121","R12157","19CS",128.27,3956.337,106.045,71.75
"512","A03121/RTx2913","A03121","RTx2913","19CS",138.43,3518.04435,109.22,73.25
"517","A03121/RTx2919","A03121","RTx2919","19CS",130.81,3415.89375,95.885,70.25
"519","A03121/RTx2935","A03121","RTx2935","19CS",123.19,3595.5741,97.79,70.5
"528","A03121/RTx2944","A03121","RTx2944","19CS",127,3057.60775,97.79,70.25
"530","A05071/R02107","A05071","R02107","19CS",138.43,2427.47835,105.41,70.5
"532","A05071/R04060","A05071","R04060","19CS",144.78,4035.76545,111.125,70
"534","A05071/R05330","A05071","R05330","19CS",124.46,3239.8824,111.76,71.25
"537","A05071/R05405","A05071","R05405","19CS",162.56,3446.6554,92.71,68.25
"538","A05071/R05425","A05071","R05425","19CS",167.64,3073.18055,92.71,68.5
"543","A05071/R08297","A05071","R08297","19CS",134.62,3766.8951,100.33,68.25
"547","A05071/R11158","A05071","R11158","19CS",151.13,3503.95515,103.505,68.25
"552","A05071/R12154","A05071","R12154","19CS",147.32,3369.91785,100.33,70.25
"558","A05071/RTx2916","A05071","RTx2916","19CS",144.78,2969.22195,100.33,71.25
"560","A05071/RTx2918","A05071","RTx2918","19CS",137.16,3799.1432,103.505,68.5
"564","A05071/RTx2936","A05071","RTx2936","19CS",154.94,3222.11305,99.06,70
"570","A05071/RTx2942","A05071","RTx2942","19CS",142.24,3837.95855,106.68,67.75
"575","A05210/R03248","A05210","R03248","19CS",151.13,3726.3973,103.505,69
"578","A05210/R05330","A05210","R05330","19CS",163.83,3281.8667,120.015,71.5
"581","A05210/R05405","A05210","R05405","19CS",177.8,3488.6397,100.965,68.5
"583","A05210/R05512","A05210","R05512","19CS",160.02,2998.578,105.41,70
"586","A05210/R08224","A05210","R08224","19CS",187.96,2656.5762,118.11,70.75
"594","A05210/R12145","A05210","R12145","19CS",149.86,3356.0363,111.76,71.5
"596","A05210/R12154","A05210","R12154","19CS",172.72,3411.90215,108.585,70.5
"598","A05210/R12157","A05210","R12157","19CS",151.13,3962.4109,116.84,70
"609","A05210/RTx2937","A05210","RTx2937","19CS",138.43,3702.9192,110.49,68.75
"610","A05210/RTx2938","A05210","RTx2938","19CS",148.59,2218.05265,100.33,72.25
"615","A05210/RTx2943","A05210","RTx2943","19CS",167.64,3361.41055,116.84,71.5
"617","A05269/R01302","A05269","R01302","19CS",143.51,3259.5507,107.315,71
"622","A05269/R05330","A05269","R05330","19CS",163.83,3717.8592,116.84,71.75
"628","A05269/R07161","A05269","R07161","19CS",162.56,3922.0386,119.38,69.5
"632","A05269/R08303","A05269","R08303","19CS",142.24,4083.5738,97.79,68.75
"634","A05269/R08306","A05269","R08306","19CS",144.78,4339.15205,105.41,68.75
"636","A05269/R11208","A05269","R11208","19CS",123.19,3847.70885,95.885,69
"641","A05269/R12156","A05269","R12156","19CS",133.35,4234.3169,113.03,71.75
"649","A05269/RTx2919","A05269","RTx2919","19CS",140.97,3857.96015,103.505,68.75
"652","A05269/RTx2936","A05269","RTx2936","19CS",152.4,3700.08985,104.14,70.5
"659","A05269/RTx2943","A05269","RTx2943","19CS",151.13,3797.40305,113.665,71.75
"660","A05269/RTx2944","A05269","RTx2944","19CS",139.7,3499.67415,105.41,68.75
"663","A06035/R03248","A06035","R03248","19CS",130.81,3688.97485,88.9,68.5
"666","A06035/R05330","A06035","R05330","19CS",142.24,3244.44425,105.41,71
"684","A06035/R12154","A06035","R12154","19CS",140.97,3374.4797,93.98,70
"688","A06035/RTx2913","A06035","RTx2913","19CS",135.89,3486.6958,105.41,71
"691","A06035/RTx2917","A06035","RTx2917","19CS",129.54,3672.12165,97.155,68
"694","A06035/RTx2920","A06035","RTx2920","19CS",123.19,3454.0184,87.63,68
"696","A06035/RTx2936","A06035","RTx2936","19CS",146.05,3226.6749,92.71,69.75
"703","A06035/RTx2943","A06035","RTx2943","19CS",139.7,3323.9881,102.235,71
"709","A06036/R04104","A06036","R04104","19CS",121.92,3393.9741,100.33,69.25
"722","A06036/R08306","A06036","R08306","19CS",133.35,3220.53715,95.885,69.25
"723","A06036/R11158","A06036","R11158","19CS",129.54,2863.31705,99.06,69.25
"729","A06036/R12156","A06036","R12156","19CS",124.46,3115.702,103.505,72.25
"737","A06036/RTx2919","A06036","RTx2919","19CS",132.08,2739.34525,93.98,69.25
"744","A06036/RTx2940","A06036","RTx2940","19CS",133.35,3088.92425,94.615,69.5
"760","A07118/R07161","A07118","R07161","19CS",128.27,3707.63225,111.125,68.75
"762","A07118/R08224","A07118","R08224","19CS",144.78,2878.16235,106.68,70.25
"765","A07118/R08304","A07118","R08304","19CS",146.05,4180.32705,103.505,68
"770","A07118/R12145","A07118","R12145","19CS",120.65,3577.62245,100.33,71
"771","A07118/R12148","A07118","R12148","19CS",144.78,3824.9061,100.33,70.25
"774","A07118/R12157","A07118","R12157","19CS",123.19,4183.99705,105.41,69.5
"781","A07118/RTx2919","A07118","RTx2919","19CS",132.08,3643.5538,95.25,68
"792","A07118/RTx2944","A07118","RTx2944","19CS",140.97,3285.2678,97.155,68
"793","A07124/R01302","A07124","R01302","19CS",151.13,2954.852,99.06,70.25
"796","A07124/R04060","A07124","R04060","19CS",138.43,4209.04355,107.95,69.75
"798","A07124/R05330","A07124","R05330","19CS",152.4,3413.1605,108.585,71
"802","A07124/R05425","A07124","R05425","19CS",171.45,3246.45865,89.535,68.25
"805","A07124/R07178","A07124","R07178","19CS",132.08,3883.5731,93.98,68
"811","A07124/R11158","A07124","R11158","19CS",158.75,3677.23325,100.33,68
"812","A07124/R11208","A07124","R11208","19CS",128.27,3543.01015,87.63,68.25
"823","A07124/RTx2917","A07124","RTx2917","19CS",130.81,3840.8379,100.33,68
"825","A07124/RTx2919","A07124","RTx2919","19CS",139.7,3553.26145,95.25,68
"827","A07124/RTx2935","A07124","RTx2935","19CS",142.24,3732.9418,97.155,68.25
"835","A07124/RTx2943","A07124","RTx2943","19CS",154.94,3492.70435,105.41,71
"839","A08068/R03248","A08068","R03248","19CS",134.62,3740.2071,90.805,70.75
"848","A08068/R07161","A08068","R07161","19CS",153.67,3499.8559,109.855,71
"855","A08068/R11158","A08068","R11158","19CS",146.05,3559.74925,99.06,70.25
"861","A08068/R12156","A08068","R12156","19CS",125.73,3812.1342,103.505,73.25
"869","A08068/RTx2919","A08068","RTx2919","19CS",133.35,3435.77745,93.98,70.25
"877","A08068/RTx2941","A08068","RTx2941","19CS",137.16,2996.3087,97.155,73.25
"882","A08134/R02107","A08134","R02107","19CS",140.97,2253.2277,106.045,70.25
"884","A08134/R04060","A08134","R04060","19CS",137.16,3861.5148,111.76,69.75
"889","A08134/R05405","A08134","R05405","19CS",182.88,3272.40475,93.345,68
"893","A08134/R07178","A08134","R07178","19CS",132.08,3536.04435,97.79,68
"895","A08134/R08297","A08134","R08297","19CS",137.16,3592.64445,100.965,68
"899","A08134/R11158","A08134","R11158","19CS",156.21,3329.7045,104.14,68
"903","A08134/R12148","A08134","R12148","19CS",153.67,3387.085,104.14,70.25
"912","A08134/RTx2918","A08134","RTx2918","19CS",147.32,3624.89255,104.14,68.25
"916","A08134/RTx2936","A08134","RTx2936","19CS",163.83,3047.8624,99.695,69.75
"920","A08134/RTx2940","A08134","RTx2940","19CS",143.51,3555.3117,99.695,68.25
"923","A08134/RTx2943","A08134","RTx2943","19CS",167.64,3145.1756,109.22,71
"928","A08140/R04060","A08140","R04060","19CS",148.59,3847.78185,103.505,70.25
"929","A08140/R04104","A08140","R04104","19CS",130.81,3846.6286,97.155,68.5
"931","A08140/R05386","A08140","R05386","19CS",138.43,3606.45555,87.63,68.5
"937","A08140/R07178","A08140","R07178","19CS",139.7,3522.3114,89.535,68.5
"940","A08140/R08303","A08140","R08303","19CS",129.54,3417.6134,85.09,68.5
"947","A08140/R12148","A08140","R12148","19CS",151.13,3373.35205,95.885,70.75
"949","A08140/R12156","A08140","R12156","19CS",134.62,3568.3565,100.33,71.5
"966","A08140/RTx2942","A08140","RTx2942","19CS",142.24,3649.97495,99.06,68
"969","A08158/R01302","A08158","R01302","19CS",146.05,3008.6253,110.49,71
"971","A08158/R03248","A08158","R03248","19CS",146.05,3911.4644,103.505,69.25
"974","A08158/R05330","A08158","R05330","19CS",157.48,3466.9338,120.015,71.75
"981","A08158/R07178","A08158","R07178","19CS",149.86,3937.3464,105.41,68.75
"982","A08158/R08224","A08158","R08224","19CS",171.45,2841.6433,118.11,71
"989","A08158/R12071","A08158","R12071","19CS",142.24,3815.4031,108.585,70.25
"990","A08158/R12145","A08158","R12145","19CS",133.35,3541.1034,111.76,71.75
"992","A08158/R12154","A08158","R12154","19CS",151.13,3596.96925,108.585,70.75
"995","A08158/RTx2912","A08158","RTx2912","19CS",147.32,2441.79825,105.41,71.75
"997","A08158/RTx2914","A08158","RTx2914","19CS",146.05,3539.12745,113.03,70.25
"999","A08158/RTx2917","A08158","RTx2917","19CS",138.43,3894.6112,111.76,68.75
"1007","A08158/RTx2939","A08158","RTx2939","19CS",168.91,2751.29575,121.74345,72.8628
"1016","A11076/R04060","A11076","R04060","19CS",133.35,4291.62815,108.585,69.25
"1025","A11076/R07178","A11076","R07178","19CS",138.43,3966.1577,94.615,67.5
"1027","A11076/R08297","A11076","R08297","19CS",128.27,4022.7578,97.79,67.5
"1035","A11076/R12148","A11076","R12148","19CS",124.46,3817.19835,100.965,69.75
"1036","A11076/R12154","A11076","R12154","19CS",144.78,3625.78055,97.79,69.5
"1044","A11076/RTx2918","A11076","RTx2918","19CS",135.89,4055.0059,100.965,67.75
"1050","A11076/RTx2938","A11076","RTx2938","19CS",137.16,2431.93105,89.535,71.25
"1052","A11076/RTx2940","A11076","RTx2940","19CS",135.89,3985.42505,96.52,67.75
"1058","A11085/R02107","A11085","R02107","19CS",143.51,1828.20165,105.41,70.25
"1059","A11085/R03248","A11085","R03248","19CS",133.35,3085.1363,95.25,68.5
"1061","A11085/R04104","A11085","R04104","19CS",124.46,3435.3355,104.775,68
"1069","A11085/R07178","A11085","R07178","19CS",133.35,3111.0183,97.155,68
"1079","A11085/R12148","A11085","R12148","19CS",138.43,2962.05895,103.505,70.25
"1098","A11085/RTx2942","A11085","RTx2942","19CS",138.43,3238.68185,106.68,67.5
"1100","A11085/RTx2944","A11085","RTx2944","19CS",143.51,2422.42065,100.33,68
"1112","AHF14/R07161","AHF14","R07161","19CS",147.32,3388.92765,116.205,69.75
"1143","AHF14/RTx2943","AHF14","RTx2943","19CS",138.43,3264.2921,110.49,72
"1146","AKS116/R02107","AKS116","R02107","19CS",138.43,1866.84955,96.52,70.25
"1160","AKS116/R08303","AKS116","R08303","19CS",137.16,3044.9682,83.82,68
"1168","AKS116/R12154","AKS116","R12154","19CS",129.54,2809.28905,91.44,70
"1175","AKS116/RTx2917","AKS116","RTx2917","19CS",128.27,3106.931,94.615,68
"1178","AKS116/RTx2920","AKS116","RTx2920","19CS",111.76,2888.82775,85.09,68
"1180","AKS116/RTx2936","AKS116","RTx2936","19CS",152.4,2661.48425,90.17,69.75
"1184","AKS116/RTx2940","AKS116","RTx2940","19CS",129.54,3168.93355,90.17,68.25
"1186","AKS116/RTx2942","AKS116","RTx2942","19CS",123.19,3277.32975,97.79,67.5
"1188","AKS116/RTx2944","AKS116","RTx2944","19CS",134.62,2461.06855,91.44,68
"1189","AKS117/R01302","AKS117","R01302","19CS",120.65,2492.516,94.615,72.25
"1211","AKS117/R12148","AKS117","R12148","19CS",125.73,3272.27775,95.885,72.25
"1217","AKS117/RTx2914","AKS117","RTx2914","19CS",142.24,3023.01815,97.155,71.5
"1230","AKS117/RTx2942","AKS117","RTx2942","19CS",135.89,3548.90065,99.06,69.5
"1248","AKS118/R08303","AKS118","R08303","19CS",134.62,3427.09205,92.71,70.25
"1257","AKS118/R12156","AKS118","R12156","19CS",121.92,3577.83515,107.95,73.25
"1259","AKS118/RTx2912","AKS118","RTx2912","19CS",146.05,2036.2419,97.155,73.25
"1262","AKS118/RTx2916","AKS118","RTx2916","19CS",143.51,2790.717,100.33,73.25
"1264","AKS118/RTx2918","AKS118","RTx2918","19CS",128.27,3620.63825,103.505,70.5
"1267","AKS118/RTx2935","AKS118","RTx2935","19CS",139.7,3381.15875,100.33,70.5
"1275","AKS118/RTx2943","AKS118","RTx2943","19CS",146.05,3140.9213,108.585,73.25
"1277","AKS119/R01302","AKS119","R01302","19CS",149.86,2589.96775,106.045,71.75
"1283","AKS119/R05386","AKS119","R05386","19CS",130.81,3602.833,99.06,69.5
"1284","AKS119/R05393","AKS119","R05393","19CS",132.08,2217.82225,102.235,72.5
"1287","AKS119/R05512","AKS119","R05512","19CS",160.02,2764.98755,100.965,71
"1293","AKS119/R08304","AKS119","R08304","19CS",167.64,3725.15045,110.49,69.5
"1305","AKS119/RTx2914","AKS119","RTx2914","19CS",154.94,3120.4699,108.585,71
"1308","AKS119/RTx2918","AKS119","RTx2918","19CS",142.24,3607.53705,107.315,69.75
"1309","AKS119/RTx2919","AKS119","RTx2919","19CS",143.51,3188.3772,102.235,69.5
"1324","AKS120/R04060","AKS120","R04060","19CS",148.59,3607.933,111.76,70
"1330","AKS120/R05425","AKS120","R05425","19CS",167.64,2645.3481,93.345,68.5
"1332","AKS120/R07161","AKS120","R07161","19CS",171.45,3016.22935,114.935,69
"1336","AKS120/R08303","AKS120","R08303","19CS",149.86,3177.76455,93.345,68.25
"1338","AKS120/R08306","AKS120","R08306","19CS",154.94,3433.3428,100.965,68.25
"1341","AKS120/R12071","AKS120","R12071","19CS",149.86,3160.51925,100.965,69.75
"1352","AKS120/RTx2918","AKS120","R12148","19CS",158.75,3371.31075,104.14,68.5
"1355","AKS120/RTx2935","AKS120","RTx2935","19CS",162.56,3131.83125,100.965,68.5
"1362","AKS120/RTx2942","AKS120","RTx2942","19CS",162.56,3410.1261,107.315,67.75
"1378","AN263/R08224","AN263","R08224","19CS",143.51,1815.4765,105.41,73.25
"1384","AN263/R11208","AN263","R11208","19CS",114.3,2570.61665,86.36,71.25
"1387","AN263/R12148","AN263","R12148","19CS",139.7,2762.22025,99.06,73.25
"1399","AN263/RTx2935","AN263","RTx2935","19CS",123.19,2760.5483,95.885,71.25
"1400","AN263/RTx2936","AN263","RTx2936","19CS",129.54,2422.99765,94.615,72.75
"1402","AN263/RTx2938","AN263","RTx2938","19CS",123.19,1376.95295,87.63,74.75
"1427","AN268/R11158","AN268","R11158","19CS",124.46,3313.37415,93.98,66
"1431","AN268/R12148","AN268","R12148","19CS",121.92,3370.75465,93.98,68.25
"1432","AN268/R12154","AN268","R12154","19CS",115.57,3179.33685,90.805,68
"1454","AN290/R02107","AN290","R02107","19CS",135.89,2556.2734,96.52,71.75
"1455","AN290/R03248","AN290","R03248","19CS",139.7,3813.20805,86.36,70
"1459","AN290/R05386","AN290","R05386","19CS",116.84,3923.2342,86.36,69.5
"1464","AN290/R07161","AN290","R07161","19CS",144.78,3572.85685,105.41,70.25
"1476","AN290/R12154","AN290","R12154","19CS",128.27,3498.7129,91.44,71.5
"1483","AN290/RTx2917","AN290","RTx2917","19CS",116.84,3796.35485,94.615,69.5
"1486","AN290/RTx2920","AN290","RTx2920","19CS",124.46,3578.2516,85.09,69.5
"1494","AN290/RTx2942","AN290","RTx2942","19CS",132.08,3966.7536,97.79,69
"1495","AN290/RTx2943","AN290","RTx2943","19CS",134.62,3448.2213,99.695,72.5
"1497","ATx2921/R01302","ATx2921","R01302","19CS",148.59,2464.48015,105.41,72.5
"1502","ATx2921/R05330","ATx2921","R05330","19CS",176.53,2922.78865,114.935,73.25
"1505","ATx2921/R05405","ATx2921","R05405","19CS",163.83,3129.56165,95.885,70.25
"1509","ATx2921/R07178","ATx2921","R07178","19CS",143.51,3393.20125,100.33,70.25
"1518","ATx2921/R12145","ATx2921","R12145","19CS",138.43,2996.95825,106.68,73.25
"1522","ATx2921/R12157","ATx2921","R12157","19CS",138.43,3603.33285,111.76,71.75
"1525","ATx2921/RTx2914","ATx2921","RTx2914","19CS",152.4,2994.9823,107.95,71.75
"1528","ATx2921/RTx2918","ATx2921","RTx2918","19CS",144.78,3482.04945,106.68,70.5
"1543","ATx2923/R03248","ATx2923","R03248","19CS",140.97,3612.8601,92.71,70
"1545","ATx2923/R04104","ATx2923","R04104","19CS",143.51,3963.0593,102.235,69.5
"1546","ATx2923/R05330","ATx2923","R05330","19CS",148.59,3168.3295,109.22,72.5
"1549","ATx2923/R05405","ATx2923","R05405","19CS",153.67,3375.1025,90.17,69.5
"1550","ATx2923/R05425","ATx2923","R05425","19CS",149.86,3001.62765,90.17,69.75
"1555","ATx2923/R08297","ATx2923","R08297","19CS",134.62,3695.3422,97.79,69.5
"1559","ATx2923/R11158","ATx2923","R11158","19CS",146.05,3432.40225,100.965,69.5
"1560","ATx2923/R11208","ATx2923","R11208","19CS",114.3,3298.17915,88.265,69.75
"1562","ATx2923/R12145","ATx2923","R12145","19CS",132.08,3242.4991,100.965,72.5
"1568","ATx2923/RTx2913","ATx2923","RTx2913","19CS",147.32,3410.58105,109.22,72.5
"1571","ATx2923/RTx2917","ATx2923","RTx2917","19CS",128.27,3596.0069,100.965,69.5
"1576","ATx2923/RTx2936","ATx2923","RTx2936","19CS",149.86,3150.56015,96.52,71.25
"1588","ATx2924/R04060","ATx2924","R04060","19CS",140.97,4030.2733,111.125,70
"1591","ATx2924/R05386","ATx2924","R05386","19CS",135.89,3788.947,95.25,68.25
"1592","ATx2924/R05393","ATx2924","R05393","19CS",142.24,2403.93625,98.425,71.25
"1595","ATx2924/R05512","ATx2924","R05512","19CS",147.32,2951.10155,97.155,69.75
"1598","ATx2924/R08224","ATx2924","R08224","19CS",171.45,2609.09975,109.855,70.5
"1603","ATx2924/R11158","ATx2924","R11158","19CS",161.29,3498.463,103.505,68.25
"1606","ATx2924/R12145","ATx2924","R12145","19CS",142.24,3308.55985,103.505,71.25
"1616","ATx2924/RTx2918","ATx2924","RTx2918","19CS",146.05,3793.65105,103.505,68.5
"1618","ATx2924/RTx2920","ATx2924","RTx2920","19CS",134.62,3443.9644,93.98,68.25
"1620","ATx2924/RTx2936","ATx2924","RTx2936","19CS",162.56,3216.6209,99.06,70
"1624","ATx2924/RTx2940","ATx2924","RTx2940","19CS",133.35,3724.0702,99.06,68.5
"1625","ATx2924/RTx2941","ATx2924","RTx2941","19CS",147.32,2935.02245,101.6,71.25
"1629","ATx2926/R01302","ATx2926","R01302","19CS",147.32,2725.7606,104.14,71
"1636","ATx2926/R05393","ATx2926","R05393","19CS",139.7,2353.6151,100.33,71.75
"1637","ATx2926/R05405","ATx2926","R05405","19CS",167.64,3390.8421,94.615,68.75
"1640","ATx2926/R07161","ATx2926","R07161","19CS",160.02,3388.2485,116.205,69.5
"1643","ATx2926/R08297","ATx2926","R08297","19CS",142.24,3711.0818,102.235,68.75
"1645","ATx2926/R08304","ATx2926","R08304","19CS",165.1,3860.9433,108.585,68.75
"1652","ATx2926/R12154","ATx2926","R12154","19CS",130.81,3314.10455,102.235,70.75
"1656","ATx2926/RTx2913","ATx2926","RTx2913","19CS",151.13,3426.32065,113.665,71.75
"1659","ATx2926/RTx2917","ATx2926","RTx2917","19CS",138.43,3611.7465,105.41,68.75
"1661","ATx2926/RTx2919","ATx2926","RTx2919","19CS",142.24,3324.17005,100.33,68.75
"1672","ATx2926/RTx2944","ATx2926","RTx2944","19CS",154.94,2965.88405,102.235,68.75
"1698","ATx2927/R12157","ATx2927","R12157","19CS",144.78,4366.55255,113.665,71.75
"1708","ATx2927/RTx2936","ATx2927","RTx2936","19CS",151.13,3668.239,104.14,72
"1709","ATx2927/RTx2937","ATx2927","RTx2937","19CS",135.89,4107.06085,107.315,70.5
"1717","ATx2930/R01302","ATx2930","R01302","19CS",160.02,2637.3596,100.965,70.25
"1718","ATx2930/R02107","ATx2930","R02107","19CS",156.21,2283.26405,104.14,70.25
"1719","ATx2930/R03248","ATx2930","R03248","19CS",139.7,3540.1987,93.98,68.5
"1724","ATx2930/R05393","ATx2930","R05393","19CS",137.16,2265.2141,97.155,71
"1726","ATx2930/R05425","ATx2930","R05425","19CS",167.64,2928.96625,91.44,68.25
"1729","ATx2930/R07178","ATx2930","R07178","19CS",149.86,3566.0807,95.885,68
"1732","ATx2930/R08303","ATx2930","R08303","19CS",138.43,3461.3827,91.44,68
"1735","ATx2930/R11158","ATx2930","R11158","19CS",161.29,3359.74085,102.235,68
"1739","ATx2930/R12148","ATx2930","R12148","19CS",146.05,3417.12135,102.235,70.25
"1740","ATx2930/R12154","ATx2930","R12154","19CS",148.59,3225.70355,99.06,70
"1750","ATx2930/RTx2920","ATx2930","RTx2920","19CS",133.35,3305.24225,92.71,68
"1756","ATx2930/RTx2940","ATx2930","RTx2940","19CS",139.7,3585.34805,97.79,68.25
"1758","ATx2930/RTx2942","ATx2930","RTx2942","19CS",140.97,3693.74425,105.41,67.5
"1761","ATx2931/R01302","ATx2931","R01302","19CS",160.02,2915.11915,97.79,71.25
"1769","ATx2931/R05405","ATx2931","R05405","19CS",128.27,3580.20065,88.265,69
"1772","ATx2931/R07161","ATx2931","R07161","19CS",168.91,3577.60705,109.855,69.75
"1775","ATx2931/R08297","ATx2931","R08297","19CS",160.02,3900.44035,95.885,69
"1777","ATx2931/R08304","ATx2931","R08304","19CS",172.72,4050.30185,102.235,69
"1778","ATx2931/R08306","ATx2931","R08306","19CS",156.21,3994.7205,95.885,69
"1780","ATx2931/R11208","ATx2931","R11208","19CS",114.3,3503.2773,86.36,69.25
"1796","ATx2931/RTx2936","ATx2931","RTx2936","19CS",166.37,3355.6583,94.615,70.75
"1800","ATx2931/RTx2940","ATx2931","RTx2940","19CS",156.21,3863.1076,94.615,69.25
"1803","ATx2931/RTx2943","ATx2931","RTx2943","19CS",166.37,3452.9715,104.14,72
"1811","ATx2934/R05386","ATx2934","R05386","19CS",132.08,3905.4097,85.725,68
"1819","ATx2934/R08297","ATx2934","R08297","19CS",123.19,3877.86565,90.805,68
"1824","ATx2934/R11208","ATx2934","R11208","19CS",127,3480.7026,81.28,68.25
"1830","ATx2934/R12157","ATx2934","R12157","19CS",130.81,4031.39715,99.06,69.5
"1839","ATx2934/RTx2935","ATx2934","RTx2935","19CS",128.27,3670.63425,90.805,68.25
"1845","ATx2934/RTx2941","ATx2934","RTx2941","19CS",137.16,3051.48515,92.075,71
"1854","ATx3408/R05330","ATx3408","R05330","19CS",154.94,2965.38205,118.11,74
"1870","ATx3408/R12145","ATx3408","R12145","19CS",142.24,3039.55165,109.855,74
"1883","ATx3408/RTx2935","ATx3408","RTx2935","19CS",142.24,3285.16335,106.68,71.25
"1906","ATx3409/R08224","ATx3409","R08224","19CS",127,2158.98055,108.585,73.25
"1942","ATx644/R05330","ATx644","R05330","19CS",134.62,2644.97095,112.395,71.25
"1950","ATx644/R08224","ATx644","R08224","19CS",172.72,2019.68045,110.49,70.5
"1971","ATx644/RTx2935","ATx644","RTx2935","19CS",129.54,2964.75225,100.965,68.5
"1972","ATx644/RTx2936","ATx644","RTx2936","19CS",139.7,2627.2016,99.695,70
"2.1","A01021/R02107","A01021","R02107","19TA",154.94,2575.60995,109.22,68
"13.1","A01021/R07178","A01021","R07178","19TA",152.4,3858.4266,100.965,65.75
"22.1","A01021/R12145","A01021","R12145","19TA",140.97,3462.1836,107.315,68.75
"35.1","A01021/RTx2935","A01021","RTx2935","19TA",151.13,3707.7953,104.14,66
"51.1","A01046/R05386","A01046","R05386","19TA",123.19,3505.5339,92.71,71
"64.1","A01046/R11208","A01046","R11208","19TA",125.73,3080.8268,88.265,71.25
"73.1","A01046/RTx2914","A01046","RTx2914","19TA",130.81,3023.1708,102.235,72.5
"92.1","A01362/R04060","A01362","R04060","19TA",139.7,4341.2612,111.125,70.5
"99.1","A01362/R05512","A01362","R05512","19TA",134.62,3262.08945,97.155,70.25
"105.1","A01362/R08304","A01362","R08304","19TA",137.16,4222.25235,106.68,68.75
"115.1","A01362/RTx2912","A01362","RTx2912","19TA",134.62,2520.2426,97.155,71.75
"121.1","A01362/RTx2919","A01362","RTx2919","19TA",135.89,3685.4791,98.425,68.75
"131.1","A01362/RTx2943","A01362","RTx2943","19TA",146.05,3624.922,108.585,71.75
"137.1","A03017/R04104","A03017","R04104","19TA",130.81,4421.70465,109.855,68
"164.1","A03017/RTx2918","A03017","RTx2918","19TA",139.7,4186.23565,108.585,68.25
"180.1","A03032/R04060","A03032","R04060","19TA",127,4105.79865,105.41,70.5
"204.1","A03032/RTx2913","A03032","RTx2913","19TA",143.51,3552.16715,106.045,71.75
"218.1","A03032/RTx2942","A03032","RTx2942","19TA",130.81,3907.99175,100.965,68.25
"225.1","A03040/R04104","A03040","R04104","19TA",148.59,3793.63945,103.505,68.5
"228.1","A03040/R05393","A03040","R05393","19TA",147.32,2168.45565,97.155,71.5
"238.1","A03040/R08306","A03040","R08306","19TA",151.13,3620.2025,99.06,68.5
"241.1","A03040/R12071","A03040","R12071","19TA",152.4,3347.37895,99.06,70
"244.1","A03040/R12154","A03040","R12154","19TA",151.13,3128.9451,99.06,70.5
"251.1","A03040/RTx2917","A03040","RTx2917","19TA",146.05,3426.58705,102.235,68.5
"262.1","A03040/RTx2942","A03040","RTx2942","19TA",157.48,3596.9858,105.41,68
"269.1","A03043/R04104","A03043","R04104","19TA",133.35,3791.8425,103.505,70.25
"271.1","A03043/R05386","A03043","R05386","19TA",130.81,3551.66945,93.98,70.25
"279.1","A03043/R08297","A03043","R08297","19TA",137.16,3524.1254,99.06,70.25
"287.1","A03043/R12148","A03043","R12148","19TA",137.16,3318.56595,102.235,72.5
"298.1","A03043/RTx2920","A03043","RTx2920","19TA",137.16,3206.68685,92.71,70.25
"317.1","A03054/R05405","A03054","R05405","19TA",147.32,3150.6793,82.55,68.25
"333.1","A03054/R12156","A03054","R12156","19TA",123.19,3460.364,97.79,71.25
"344.1","A03054/RTx2936","A03054","RTx2936","19TA",129.54,2926.13695,88.9,70
"349.1","A03054/RTx2941","A03054","RTx2941","19TA",129.54,2644.5385,91.44,71.25
"358.1","A03055/R05330","A03055","R05330","19TA",146.05,2884.94745,107.315,71.25
"367.1","A03055/R08297","A03055","R08297","19TA",130.81,3411.96015,95.885,68.25
"384.1","A03055/RTx2918","A03055","RTx2918","19TA",134.62,3444.20825,99.06,68.5
"394.1","A03055/RTx2942","A03055","RTx2942","19TA",147.32,3483.0236,102.235,67.75
"396.1","A03055/RTx2944","A03055","RTx2944","19TA",135.89,2666.7624,95.885,68.25
"404.1","A03089/R05393","A03089","R05393","19TA",149.86,1231.26415,90.805,74
"422.1","A03089/R12157","A03089","R12157","19TA",134.62,2742.26235,100.965,72.5
"427.1","A03089/RTx2917","A03089","RTx2917","19TA",144.78,2489.39555,95.885,71
"442.1","A03093/R02107","A03093","R02107","19TA",138.43,2691.6882,107.315,70.25
"449.1","A03093/R05405","A03093","R05405","19TA",158.75,3710.86525,94.615,68
"455.1","A03093/R08297","A03093","R08297","19TA",130.81,4031.10495,102.235,68
"468.1","A03093/RTx2913","A03093","RTx2913","19TA",147.32,3746.3438,113.665,71
"474.1","A03093/RTx2920","A03093","RTx2920","19TA",123.19,3713.6664,95.885,68
"484.1","A03093/RTx2944","A03093","RTx2944","19TA",121.92,3285.9072,102.235,68
"490.1","A03121/R05330","A03121","R05330","19TA",147.32,3275.7928,109.22,73.25
"497.1","A03121/R07178","A03121","R07178","19TA",135.89,3746.2054,94.615,70.25
"500.1","A03121/R08303","A03121","R08303","19TA",138.43,3641.5074,90.17,70.25
"512.1","A03121/RTx2913","A03121","RTx2913","19TA",151.13,3518.04435,109.22,73.25
"519.1","A03121/RTx2935","A03121","RTx2935","19TA",137.16,3595.5741,97.79,70.5
"530.1","A05071/R02107","A05071","R02107","19TA",139.7,2427.47835,105.41,70.5
"534.1","A05071/R05330","A05071","R05330","19TA",129.54,3239.8824,111.76,71.25
"538.1","A05071/R05425","A05071","R05425","19TA",134.62,3073.18055,92.71,68.5
"547.1","A05071/R11158","A05071","R11158","19TA",148.59,3503.95515,103.505,68.25
"564.1","A05071/RTx2936","A05071","RTx2936","19TA",135.89,3222.11305,99.06,70
"575.1","A05210/R03248","A05210","R03248","19TA",146.05,3726.3973,103.505,69
"581.1","A05210/R05405","A05210","R05405","19TA",173.99,3488.6397,100.965,68.5
"586.1","A05210/R08224","A05210","R08224","19TA",172.72,2656.5762,118.11,70.75
"596.1","A05210/R12154","A05210","R12154","19TA",158.75,3411.90215,108.585,70.5
"609.1","A05210/RTx2937","A05210","RTx2937","19TA",140.97,3702.9192,110.49,68.75
"615.1","A05210/RTx2943","A05210","RTx2943","19TA",161.29,3361.41055,116.84,71.5
"622.1","A05269/R05330","A05269","R05330","19TA",161.29,3717.8592,116.84,71.75
"632.1","A05269/R08303","A05269","R08303","19TA",138.43,4083.5738,97.79,68.75
"636.1","A05269/R11208","A05269","R11208","19TA",142.24,3847.70885,95.885,69
"649.1","A05269/RTx2919","A05269","RTx2919","19TA",147.32,3857.96015,103.505,68.75
"659.1","A05269/RTx2943","A05269","RTx2943","19TA",158.75,3797.40305,113.665,71.75
"663.1","A06035/R03248","A06035","R03248","19TA",137.16,3688.97485,88.9,68.5
"684.1","A06035/R12154","A06035","R12154","19TA",130.81,3374.4797,93.98,70
"691.1","A06035/RTx2917","A06035","RTx2917","19TA",133.35,3672.12165,97.155,68
"696.1","A06035/RTx2936","A06035","RTx2936","19TA",142.24,3226.6749,92.71,69.75
"722.1","A06036/R08306","A06036","R08306","19TA",148.59,3220.53715,95.885,69.25
"744.1","A06036/RTx2940","A06036","RTx2940","19TA",123.19,3088.92425,94.615,69.5
"762.1","A07118/R08224","A07118","R08224","19TA",156.21,2878.16235,106.68,70.25
"770.1","A07118/R12145","A07118","R12145","19TA",128.27,3577.62245,100.33,71
"774.1","A07118/R12157","A07118","R12157","19TA",130.81,4183.99705,105.41,69.5
"792.1","A07118/RTx2944","A07118","RTx2944","19TA",129.54,3285.2678,97.155,68
"796.1","A07124/R04060","A07124","R04060","19TA",137.16,4209.04355,107.95,69.75
"802.1","A07124/R05425","A07124","R05425","19TA",163.83,3246.45865,89.535,68.25
"811.1","A07124/R11158","A07124","R11158","19TA",138.43,3677.23325,100.33,68
"823.1","A07124/RTx2917","A07124","RTx2917","19TA",139.7,3840.8379,100.33,68
"827.1","A07124/RTx2935","A07124","RTx2935","19TA",140.97,3732.9418,97.155,68.25
"839.1","A08068/R03248","A08068","R03248","19TA",137.16,3740.2071,90.805,70.75
"855.1","A08068/R11158","A08068","R11158","19TA",148.59,3559.74925,99.06,70.25
"869.1","A08068/RTx2919","A08068","RTx2919","19TA",140.97,3435.77745,93.98,70.25
"884.1","A08134/R04060","A08134","R04060","19TA",146.05,3861.5148,111.76,69.75
"893.1","A08134/R07178","A08134","R07178","19TA",149.86,3536.04435,97.79,68
"899.1","A08134/R11158","A08134","R11158","19TA",153.67,3329.7045,104.14,68
"912.1","A08134/RTx2918","A08134","RTx2918","19TA",153.67,3624.89255,104.14,68.25
"920.1","A08134/RTx2940","A08134","RTx2940","19TA",135.89,3555.3117,99.695,68.25
"929.1","A08140/R04104","A08140","R04104","19TA",121.92,3846.6286,97.155,68.5
"931.1","A08140/R05386","A08140","R05386","19TA",137.16,3606.45555,87.63,68.5
"940.1","A08140/R08303","A08140","R08303","19TA",129.54,3417.6134,85.09,68.5
"949.1","A08140/R12156","A08140","R12156","19TA",129.54,3568.3565,100.33,71.5
"969.1","A08158/R01302","A08158","R01302","19TA",144.78,3008.6253,110.49,71
"974.1","A08158/R05330","A08158","R05330","19TA",153.67,3466.9338,120.015,71.75
"982.1","A08158/R08224","A08158","R08224","19TA",165.1,2841.6433,118.11,71
"990.1","A08158/R12145","A08158","R12145","19TA",143.51,3541.1034,111.76,71.75
"995.1","A08158/RTx2912","A08158","RTx2912","19TA",153.67,2441.79825,105.41,71.75
"999.1","A08158/RTx2917","A08158","RTx2917","19TA",147.32,3894.6112,111.76,68.75
"1016.1","A11076/R04060","A11076","R04060","19TA",143.51,4291.62815,108.585,69.25
"1027.1","A11076/R08297","A11076","R08297","19TA",139.7,4022.7578,97.79,67.5
"1036.1","A11076/R12154","A11076","R12154","19TA",139.7,3625.78055,97.79,69.5
"1044.1","A11076/RTx2918","A11076","RTx2918","19TA",139.7,4055.0059,100.965,67.75
"1052.1","A11076/RTx2940","A11076","RTx2940","19TA",137.16,3985.42505,96.52,67.75
"1061.1","A11085/R04104","A11085","R04104","19TA",137.16,3435.3355,104.775,68
"1069.1","A11085/R07178","A11085","R07178","19TA",142.24,3111.0183,97.155,68
"1098.1","A11085/RTx2942","A11085","RTx2942","19TA",146.05,3238.68185,106.68,67.5
"1146.1","AKS116/R02107","AKS116","R02107","19TA",157.48,1866.84955,96.52,70.25
"1168.1","AKS116/R12154","AKS116","R12154","19TA",138.43,2809.28905,91.44,70
"1178.1","AKS116/RTx2920","AKS116","RTx2920","19TA",133.35,2888.82775,85.09,68
"1184.1","AKS116/RTx2940","AKS116","RTx2940","19TA",149.86,3168.93355,90.17,68.25
"1188.1","AKS116/RTx2944","AKS116","RTx2944","19TA",142.24,2461.06855,91.44,68
"1211.1","AKS117/R12148","AKS117","R12148","19TA",144.78,3272.27775,95.885,72.25
"1257.1","AKS118/R12156","AKS118","R12156","19TA",128.27,3577.83515,107.95,73.25
"1262.1","AKS118/RTx2916","AKS118","RTx2916","19TA",139.7,2790.717,100.33,73.25
"1267.1","AKS118/RTx2935","AKS118","RTx2935","19TA",143.51,3381.15875,100.33,70.5
"1283.1","AKS119/R05386","AKS119","R05386","19TA",133.35,3602.833,99.06,69.5
"1287.1","AKS119/R05512","AKS119","R05512","19TA",146.05,2764.98755,100.965,71
"1305.1","AKS119/RTx2914","AKS119","RTx2914","19TA",156.21,3120.4699,108.585,71
"1309.1","AKS119/RTx2919","AKS119","RTx2919","19TA",157.48,3188.3772,102.235,69.5
"1324.1","AKS120/R04060","AKS120","R04060","19TA",152.4,3607.933,111.76,70
"1332.1","AKS120/R07161","AKS120","R07161","19TA",166.37,3016.22935,114.935,69
"1338.1","AKS120/R08306","AKS120","R08306","19TA",157.48,3433.3428,100.965,68.25
"1343","AKS120/R12148","AKS120","R12148","19TA",158.75,3133.5032,104.14,70.5
"1355.1","AKS120/RTx2935","AKS120","RTx2935","19TA",158.75,3131.83125,100.965,68.5
"1364","AKS120/RTx2944","AKS120","RTx2944","19TA",157.48,2593.8649,100.965,68.25
"1384.1","AN263/R11208","AN263","R11208","19TA",114.3,2570.61665,86.36,71.25
"1399.1","AN263/RTx2935","AN263","RTx2935","19TA",132.08,2760.5483,95.885,71.25
"1402.1","AN263/RTx2938","AN263","RTx2938","19TA",116.84,1376.95295,87.63,74.75
"1431.1","AN268/R12148","AN268","R12148","19TA",130.81,3370.75465,93.98,68.25
"1454.1","AN290/R02107","AN290","R02107","19TA",135.89,2556.2734,96.52,71.75
"1459.1","AN290/R05386","AN290","R05386","19TA",123.19,3923.2342,86.36,69.5
"1476.1","AN290/R12154","AN290","R12154","19TA",133.35,3498.7129,91.44,71.5
"1486.1","AN290/RTx2920","AN290","RTx2920","19TA",139.7,3578.2516,85.09,69.5
"1495.1","AN290/RTx2943","AN290","RTx2943","19TA",140.97,3448.2213,99.695,72.5
"1502.1","ATx2921/R05330","ATx2921","R05330","19TA",165.1,2922.78865,114.935,73.25
"1509.1","ATx2921/R07178","ATx2921","R07178","19TA",149.86,3393.20125,100.33,70.25
"1522.1","ATx2921/R12157","ATx2921","R12157","19TA",154.94,3603.33285,111.76,71.75
"1528.1","ATx2921/RTx2918","ATx2921","RTx2918","19TA",149.86,3482.04945,106.68,70.5
"1543.1","ATx2923/R03248","ATx2923","R03248","19TA",144.78,3612.8601,92.71,70
"1549.1","ATx2923/R05405","ATx2923","R05405","19TA",163.83,3375.1025,90.17,69.5
"1555.1","ATx2923/R08297","ATx2923","R08297","19TA",140.97,3695.3422,97.79,69.5
"1560.1","ATx2923/R11208","ATx2923","R11208","19TA",132.08,3298.17915,88.265,69.75
"1568.1","ATx2923/RTx2913","ATx2923","RTx2913","19TA",156.21,3410.58105,109.22,72.5
"1576.1","ATx2923/RTx2936","ATx2923","RTx2936","19TA",152.4,3150.56015,96.52,71.25
"1591.1","ATx2924/R05386","ATx2924","R05386","19TA",137.16,3788.947,95.25,68.25
"1595.1","ATx2924/R05512","ATx2924","R05512","19TA",149.86,2951.10155,97.155,69.75
"1603.1","ATx2924/R11158","ATx2924","R11158","19TA",158.75,3498.463,103.505,68.25
"1616.1","ATx2924/RTx2918","ATx2924","RTx2918","19TA",149.86,3793.65105,103.505,68.5
"1620.1","ATx2924/RTx2936","ATx2924","RTx2936","19TA",154.94,3216.6209,99.06,70
"1625.1","ATx2924/RTx2941","ATx2924","RTx2941","19TA",152.4,2935.02245,101.6,71.25
"1636.1","ATx2926/R05393","ATx2926","R05393","19TA",139.7,2353.6151,100.33,71.75
"1640.1","ATx2926/R07161","ATx2926","R07161","19TA",160.02,3388.2485,116.205,69.5
"1645.1","ATx2926/R08304","ATx2926","R08304","19TA",160.02,3860.9433,108.585,68.75
"1656.1","ATx2926/RTx2913","ATx2926","RTx2913","19TA",154.94,3426.32065,113.665,71.75
"1661.1","ATx2926/RTx2919","ATx2926","RTx2919","19TA",153.67,3324.17005,100.33,68.75
"1698.1","ATx2927/R12157","ATx2927","R12157","19TA",149.86,4366.55255,113.665,71.75
"1709.1","ATx2927/RTx2937","ATx2927","RTx2937","19TA",135.89,4107.06085,107.315,70.5
"1718.1","ATx2930/R02107","ATx2930","R02107","19TA",154.94,2283.26405,104.14,70.25
"1724.1","ATx2930/R05393","ATx2930","R05393","19TA",143.51,2265.2141,97.155,71
"1729.1","ATx2930/R07178","ATx2930","R07178","19TA",151.13,3566.0807,95.885,68
"1735.1","ATx2930/R11158","ATx2930","R11158","19TA",163.83,3359.74085,102.235,68
"1740.1","ATx2930/R12154","ATx2930","R12154","19TA",146.05,3225.70355,99.06,70
"1756.1","ATx2930/RTx2940","ATx2930","RTx2940","19TA",139.7,3585.34805,97.79,68.25
"1761.1","ATx2931/R01302","ATx2931","R01302","19TA",162.56,2915.11915,97.79,71.25
"1772.1","ATx2931/R07161","ATx2931","R07161","19TA",166.37,3577.60705,109.855,69.75
"1777.1","ATx2931/R08304","ATx2931","R08304","19TA",167.64,4050.30185,102.235,69
"1780.1","ATx2931/R11208","ATx2931","R11208","19TA",111.76,3503.2773,86.36,69.25
"1800.1","ATx2931/RTx2940","ATx2931","RTx2940","19TA",152.4,3863.1076,94.615,69.25
"1811.1","ATx2934/R05386","ATx2934","R05386","19TA",137.16,3905.4097,85.725,68
"1824.1","ATx2934/R11208","ATx2934","R11208","19TA",115.57,3480.7026,81.28,68.25
"1839.1","ATx2934/RTx2935","ATx2934","RTx2935","19TA",125.73,3670.63425,90.805,68.25
"1854.1","ATx3408/R05330","ATx3408","R05330","19TA",162.56,2965.38205,118.11,74
"1883.1","ATx3408/RTx2935","ATx3408","RTx2935","19TA",154.94,3285.16335,106.68,71.25
"1942.1","ATx644/R05330","ATx644","R05330","19TA",146.05,2644.97095,112.395,71.25
"1971.1","ATx644/RTx2935","ATx644","RTx2935","19TA",144.78,2964.75225,100.965,68.5
"1.1","A01021/R01302","A01021","R01302","20CS",144.78,2929.7055,106.045,68
"2.2","A01021/R02107","A01021","R02107","20CS",144.78,2575.60995,109.22,68
"10.1","A01021/R05425","A01021","R05425","20CS",167.64,3221.31215,96.52,66
"13.2","A01021/R07178","A01021","R07178","20CS",143.51,3858.4266,100.965,65.75
"19.1","A01021/R11158","A01021","R11158","20CS",158.75,3652.08675,107.315,65.75
"22.2","A01021/R12145","A01021","R12145","20CS",137.16,3462.1836,107.315,68.75
"31.1","A01021/RTx2917","A01021","RTx2917","20CS",144.78,3815.6914,107.315,65.75
"35.2","A01021/RTx2935","A01021","RTx2935","20CS",153.67,3707.7953,104.14,66
"43.1","A01021/RTx2943","A01021","RTx2943","20CS",156.21,3467.55785,112.395,68.75
"49.1","A01046/R04104","A01046","R04104","20CS",127,3745.70695,102.235,71
"51.2","A01046/R05386","A01046","R05386","20CS",124.46,3505.5339,92.71,71
"55.1","A01046/R05512","A01046","R05512","20CS",137.16,2667.68845,94.615,72.5
"64.2","A01046/R11208","A01046","R11208","20CS",119.38,3080.8268,88.265,71.25
"69.1","A01046/R12156","A01046","R12156","20CS",119.38,3467.43485,105.41,74
"73.2","A01046/RTx2914","A01046","RTx2914","20CS",127,3023.1708,102.235,72.5
"79.1","A01046/RTx2935","A01046","RTx2935","20CS",133.35,3270.75845,97.79,71.25
"92.2","A01362/R04060","A01362","R04060","20CS",125.73,4341.2612,111.125,70.5
"94.1","A01362/R05330","A01362","R05330","20CS",137.16,3545.37815,111.76,71.75
"99.2","A01362/R05512","A01362","R05512","20CS",120.65,3262.08945,97.155,70.25
"101.1","A01362/R07178","A01362","R07178","20CS",128.27,4015.79075,97.155,68.75
"105.2","A01362/R08304","A01362","R08304","20CS",138.43,4222.25235,106.68,68.75
"110.1","A01362/R12145","A01362","R12145","20CS",130.81,3619.54775,103.505,71.75
"115.2","A01362/RTx2912","A01362","RTx2912","20CS",119.38,2520.2426,97.155,71.75
"117.1","A01362/RTx2914","A01362","RTx2914","20CS",133.35,3617.5718,104.775,70.25
"121.2","A01362/RTx2919","A01362","RTx2919","20CS",133.35,3685.4791,98.425,68.75
"125.1","A01362/RTx2937","A01362","RTx2937","20CS",124.46,3966.43065,102.235,69
"131.2","A01362/RTx2943","A01362","RTx2943","20CS",133.35,3624.922,108.585,71.75
"136.1","A03017/R04060","A03017","R04060","20CS",137.16,4422.8579,116.205,69.75
"137.2","A03017/R04104","A03017","R04104","20CS",132.08,4421.70465,109.855,68
"164.2","A03017/RTx2918","A03017","RTx2918","20CS",128.27,4186.23565,108.585,68.25
"166.1","A03017/RTx2920","A03017","RTx2920","20CS",129.54,3836.549,99.06,68
"180.2","A03032/R04060","A03032","R04060","20CS",115.57,4105.79865,105.41,70.5
"191.1","A03032/R08297","A03032","R08297","20CS",113.03,3836.9283,94.615,68.75
"204.2","A03032/RTx2913","A03032","RTx2913","20CS",127,3552.16715,106.045,71.75
"208.1","A03032/RTx2918","A03032","RTx2918","20CS",113.03,3869.1764,97.79,69
"218.2","A03032/RTx2942","A03032","RTx2942","20CS",115.57,3907.99175,100.965,68.25
"219.1","A03032/RTx2943","A03032","RTx2943","20CS",138.43,3389.45945,102.87,71.75
"223.1","A03040/R03248","A03040","R03248","20CS",144.78,3443.44025,93.98,69
"225.2","A03040/R04104","A03040","R04104","20CS",139.7,3793.63945,103.505,68.5
"228.2","A03040/R05393","A03040","R05393","20CS",133.35,2168.45565,97.155,71.5
"233.1","A03040/R07178","A03040","R07178","20CS",142.24,3469.32225,95.885,68.5
"238.2","A03040/R08306","A03040","R08306","20CS",146.05,3620.2025,99.06,68.5
"241.2","A03040/R12071","A03040","R12071","20CS",133.35,3347.37895,99.06,70
"244.2","A03040/R12154","A03040","R12154","20CS",154.94,3128.9451,99.06,70.5
"248.1","A03040/RTx2913","A03040","RTx2913","20CS",156.21,3241.1612,110.49,71.5
"251.2","A03040/RTx2917","A03040","RTx2917","20CS",142.24,3426.58705,102.235,68.5
"260.1","A03040/RTx2940","A03040","RTx2940","20CS",138.43,3488.5896,97.79,68.75
"262.2","A03040/RTx2942","A03040","RTx2942","20CS",147.32,3596.9858,105.41,68
"265.1","A03043/R01302","A03043","R01302","20CS",140.97,2538.8042,100.965,72.5
"269.2","A03043/R04104","A03043","R04104","20CS",130.81,3791.8425,103.505,70.25
"270.1","A03043/R05330","A03043","R05330","20CS",146.05,2997.1127,110.49,73.25
"271.2","A03043/R05386","A03043","R05386","20CS",119.38,3551.66945,93.98,70.25
"274.1","A03043/R05425","A03043","R05425","20CS",137.16,2830.41085,91.44,70.5
"279.2","A03043/R08297","A03043","R08297","20CS",123.19,3524.1254,99.06,70.25
"281.1","A03043/R08304","A03043","R08304","20CS",134.62,3673.9869,105.41,70.25
"287.2","A03043/R12148","A03043","R12148","20CS",127,3318.56595,102.235,72.5
"292.1","A03043/RTx2913","A03043","RTx2913","20CS",138.43,3239.36425,110.49,73.25
"298.2","A03043/RTx2920","A03043","RTx2920","20CS",133.35,3206.68685,92.71,70.25
"304.1","A03043/RTx2940","A03043","RTx2940","20CS",138.43,3486.79265,97.79,70.5
"309.1","A03054/R01302","A03054","R01302","20CS",132.08,2485.5978,92.075,70.5
"317.2","A03054/R05405","A03054","R05405","20CS",134.62,3150.6793,82.55,68.25
"320.1","A03054/R07161","A03054","R07161","20CS",137.16,3148.0857,104.14,69
"333.2","A03054/R12156","A03054","R12156","20CS",123.19,3460.364,97.79,71.25
"340.1","A03054/RTx2918","A03054","RTx2918","20CS",123.19,3503.1671,93.345,68.5
"344.2","A03054/RTx2936","A03054","RTx2936","20CS",125.73,2926.13695,88.9,70
"348.1","A03054/RTx2940","A03054","RTx2940","20CS",113.03,3433.58625,88.9,68.5
"349.2","A03054/RTx2941","A03054","RTx2941","20CS",118.11,2644.5385,91.44,71.25
"357.1","A03055/R04104","A03055","R04104","20CS",130.81,3679.67725,100.33,68.25
"358.2","A03055/R05330","A03055","R05330","20CS",147.32,2884.94745,107.315,71.25
"364.1","A03055/R07161","A03055","R07161","20CS",143.51,3089.12685,109.855,69
"367.2","A03055/R08297","A03055","R08297","20CS",129.54,3411.96015,95.885,68.25
"375.1","A03055/R12148","A03055","R12148","20CS",133.35,3206.4007,99.06,70.5
"384.2","A03055/RTx2918","A03055","RTx2918","20CS",135.89,3444.20825,99.06,68.5
"388.1","A03055/RTx2936","A03055","RTx2936","20CS",138.43,2867.1781,94.615,70
"394.2","A03055/RTx2942","A03055","RTx2942","20CS",130.81,3483.0236,102.235,67.75
"395.1","A03055/RTx2943","A03055","RTx2943","20CS",151.13,2964.4913,104.14,71.25
"396.2","A03055/RTx2944","A03055","RTx2944","20CS",135.89,2666.7624,95.885,68.25
"401.1","A03089/R04104","A03089","R04104","20CS",140.97,2856.44795,97.155,71
"404.2","A03089/R05393","A03089","R05393","20CS",118.11,1231.26415,90.805,74
"410.1","A03089/R08224","A03089","R08224","20CS",182.88,1436.42765,102.235,73.25
"422.2","A03089/R12157","A03089","R12157","20CS",124.46,2742.26235,100.965,72.5
"425.1","A03089/RTx2914","A03089","RTx2914","20CS",147.32,2133.9118,97.155,72.5
"427.2","A03089/RTx2917","A03089","RTx2917","20CS",127,2489.39555,95.885,71
"442.2","A03093/R02107","A03093","R02107","20CS",134.62,2691.6882,107.315,70.25
"447.1","A03093/R05386","A03093","R05386","20CS",124.46,4058.649,97.155,68
"449.2","A03093/R05405","A03093","R05405","20CS",140.97,3710.86525,94.615,68
"453.1","A03093/R07178","A03093","R07178","20CS",135.89,3974.50485,99.06,68
"455.2","A03093/R08297","A03093","R08297","20CS",124.46,4031.10495,102.235,68
"463.1","A03093/R12148","A03093","R12148","20CS",134.62,3825.5455,105.41,70.25
"468.2","A03093/RTx2913","A03093","RTx2913","20CS",140.97,3746.3438,113.665,71
"471.1","A03093/RTx2917","A03093","RTx2917","20CS",134.62,3931.76965,105.41,68
"474.2","A03093/RTx2920","A03093","RTx2920","20CS",120.65,3713.6664,95.885,68
"480.1","A03093/RTx2940","A03093","RTx2940","20CS",130.81,3993.7722,100.965,68.25
"484.2","A03093/RTx2944","A03093","RTx2944","20CS",130.81,3285.9072,102.235,68
"486.1","A03121/R02107","A03121","R02107","20CS",133.35,2463.38875,102.87,72.5
"490.2","A03121/R05330","A03121","R05330","20CS",138.43,3275.7928,109.22,73.25
"494.1","A03121/R05425","A03121","R05425","20CS",147.32,3109.09095,90.17,70.5
"497.2","A03121/R07178","A03121","R07178","20CS",129.54,3746.2054,94.615,70.25
"498.1","A03121/R08224","A03121","R08224","20CS",167.64,2650.5023,107.315,72.5
"500.2","A03121/R08303","A03121","R08303","20CS",125.95917,3641.5074,90.17,70.25
"510.1","A03121/R12157","A03121","R12157","20CS",134.62,3956.337,106.045,71.75
"512.2","A03121/RTx2913","A03121","RTx2913","20CS",138.43,3518.04435,109.22,73.25
"517.1","A03121/RTx2919","A03121","RTx2919","20CS",128.27,3415.89375,95.885,70.25
"519.2","A03121/RTx2935","A03121","RTx2935","20CS",124.46,3595.5741,97.79,70.5
"528.1","A03121/RTx2944","A03121","RTx2944","20CS",135.89,3057.60775,97.79,70.25
"530.2","A05071/R02107","A05071","R02107","20CS",134.62,2427.47835,105.41,70.5
"532.1","A05071/R04060","A05071","R04060","20CS",140.97,4035.76545,111.125,70
"534.2","A05071/R05330","A05071","R05330","20CS",119.38,3239.8824,111.76,71.25
"537.1","A05071/R05405","A05071","R05405","20CS",172.72,3446.6554,92.71,68.25
"538.2","A05071/R05425","A05071","R05425","20CS",153.67,3073.18055,92.71,68.5
"543.1","A05071/R08297","A05071","R08297","20CS",139.7,3766.8951,100.33,68.25
"547.2","A05071/R11158","A05071","R11158","20CS",148.59,3503.95515,103.505,68.25
"552.1","A05071/R12154","A05071","R12154","20CS",142.24,3369.91785,100.33,70.25
"558.1","A05071/RTx2916","A05071","RTx2916","20CS",147.32,2969.22195,100.33,71.25
"560.1","A05071/RTx2918","A05071","RTx2918","20CS",143.51,3799.1432,103.505,68.5
"564.2","A05071/RTx2936","A05071","RTx2936","20CS",134.62,3222.11305,99.06,70
"570.1","A05071/RTx2942","A05071","RTx2942","20CS",142.24,3837.95855,106.68,67.75
"575.2","A05210/R03248","A05210","R03248","20CS",134.62,3726.3973,103.505,69
"578.1","A05210/R05330","A05210","R05330","20CS",157.48,3281.8667,120.015,71.5
"581.2","A05210/R05405","A05210","R05405","20CS",172.72,3488.6397,100.965,68.5
"583.1","A05210/R05512","A05210","R05512","20CS",152.4,2998.578,105.41,70
"586.2","A05210/R08224","A05210","R08224","20CS",167.64,2656.5762,118.11,70.75
"594.1","A05210/R12145","A05210","R12145","20CS",137.16,3356.0363,111.76,71.5
"596.2","A05210/R12154","A05210","R12154","20CS",160.02,3411.90215,108.585,70.5
"598.1","A05210/R12157","A05210","R12157","20CS",146.05,3962.4109,116.84,70
"609.2","A05210/RTx2937","A05210","RTx2937","20CS",134.62,3702.9192,110.49,68.75
"610.1","A05210/RTx2938","A05210","RTx2938","20CS",139.7,2218.05265,100.33,72.25
"615.2","A05210/RTx2943","A05210","RTx2943","20CS",146.05,3361.41055,116.84,71.5
"617.1","A05269/R01302","A05269","R01302","20CS",144.78,3259.5507,107.315,71
"622.2","A05269/R05330","A05269","R05330","20CS",151.13,3717.8592,116.84,71.75
"628.1","A05269/R07161","A05269","R07161","20CS",160.02,3922.0386,119.38,69.5
"632.2","A05269/R08303","A05269","R08303","20CS",133.35,4083.5738,97.79,68.75
"634.1","A05269/R08306","A05269","R08306","20CS",151.13,4339.15205,105.41,68.75
"636.2","A05269/R11208","A05269","R11208","20CS",130.81,3847.70885,95.885,69
"641.1","A05269/R12156","A05269","R12156","20CS",132.08,4234.3169,113.03,71.75
"649.2","A05269/RTx2919","A05269","RTx2919","20CS",133.35,3857.96015,103.505,68.75
"652.1","A05269/RTx2936","A05269","RTx2936","20CS",147.32,3700.08985,104.14,70.5
"659.2","A05269/RTx2943","A05269","RTx2943","20CS",144.78,3797.40305,113.665,71.75
"660.1","A05269/RTx2944","A05269","RTx2944","20CS",148.59,3499.67415,105.41,68.75
"663.2","A06035/R03248","A06035","R03248","20CS",121.92,3688.97485,88.9,68.5
"666.1","A06035/R05330","A06035","R05330","20CS",138.43,3244.44425,105.41,71
"684.2","A06035/R12154","A06035","R12154","20CS",124.46,3374.4797,93.98,70
"688.1","A06035/RTx2913","A06035","RTx2913","20CS",129.54,3486.6958,105.41,71
"691.2","A06035/RTx2917","A06035","RTx2917","20CS",119.38,3672.12165,97.155,68
"694.1","A06035/RTx2920","A06035","RTx2920","20CS",123.19,3454.0184,87.63,68
"696.2","A06035/RTx2936","A06035","RTx2936","20CS",125.73,3226.6749,92.71,69.75
"703.1","A06035/RTx2943","A06035","RTx2943","20CS",138.43,3323.9881,102.235,71
"709.1","A06036/R04104","A06036","R04104","20CS",118.11,3393.9741,100.33,69.25
"722.2","A06036/R08306","A06036","R08306","20CS",124.46,3220.53715,95.885,69.25
"723.1","A06036/R11158","A06036","R11158","20CS",147.32,2863.31705,99.06,69.25
"729.1","A06036/R12156","A06036","R12156","20CS",116.84,3115.702,103.505,72.25
"737.1","A06036/RTx2919","A06036","RTx2919","20CS",129.54,2739.34525,93.98,69.25
"744.2","A06036/RTx2940","A06036","RTx2940","20CS",127,3088.92425,94.615,69.5
"760.1","A07118/R07161","A07118","R07161","20CS",130.81,3707.63225,111.125,68.75
"762.2","A07118/R08224","A07118","R08224","20CS",148.59,2878.16235,106.68,70.25
"765.1","A07118/R08304","A07118","R08304","20CS",148.59,4180.32705,103.505,68
"770.2","A07118/R12145","A07118","R12145","20CS",121.92,3577.62245,100.33,71
"771.1","A07118/R12148","A07118","R12148","20CS",130.81,3824.9061,100.33,70.25
"774.2","A07118/R12157","A07118","R12157","20CS",118.11,4183.99705,105.41,69.5
"781.1","A07118/RTx2919","A07118","RTx2919","20CS",127,3643.5538,95.25,68
"792.2","A07118/RTx2944","A07118","RTx2944","20CS",130.81,3285.2678,97.155,68
"793.1","A07124/R01302","A07124","R01302","20CS",146.05,2954.852,99.06,70.25
"796.2","A07124/R04060","A07124","R04060","20CS",124.46,4209.04355,107.95,69.75
"798.1","A07124/R05330","A07124","R05330","20CS",142.24,3413.1605,108.585,71
"802.2","A07124/R05425","A07124","R05425","20CS",162.56,3246.45865,89.535,68.25
"805.1","A07124/R07178","A07124","R07178","20CS",135.89,3883.5731,93.98,68
"811.2","A07124/R11158","A07124","R11158","20CS",142.24,3677.23325,100.33,68
"812.1","A07124/R11208","A07124","R11208","20CS",127,3543.01015,87.63,68.25
"823.2","A07124/RTx2917","A07124","RTx2917","20CS",123.19,3840.8379,100.33,68
"825.1","A07124/RTx2919","A07124","RTx2919","20CS",143.51,3553.26145,95.25,68
"827.2","A07124/RTx2935","A07124","RTx2935","20CS",129.54,3732.9418,97.155,68.25
"835.1","A07124/RTx2943","A07124","RTx2943","20CS",147.32,3492.70435,105.41,71
"839.2","A08068/R03248","A08068","R03248","20CS",132.08,3740.2071,90.805,70.75
"848.1","A08068/R07161","A08068","R07161","20CS",152.4,3499.8559,109.855,71
"855.2","A08068/R11158","A08068","R11158","20CS",137.16,3559.74925,99.06,70.25
"861.1","A08068/R12156","A08068","R12156","20CS",124.46,3812.1342,103.505,73.25
"869.2","A08068/RTx2919","A08068","RTx2919","20CS",130.81,3435.77745,93.98,70.25
"877.1","A08068/RTx2941","A08068","RTx2941","20CS",137.16,2996.3087,97.155,73.25
"882.1","A08134/R02107","A08134","R02107","20CS",153.67,2253.2277,106.045,70.25
"884.2","A08134/R04060","A08134","R04060","20CS",139.7,3861.5148,111.76,69.75
"889.1","A08134/R05405","A08134","R05405","20CS",184.15,3272.40475,93.345,68
"893.2","A08134/R07178","A08134","R07178","20CS",142.24,3536.04435,97.79,68
"895.1","A08134/R08297","A08134","R08297","20CS",138.43,3592.64445,100.965,68
"899.2","A08134/R11158","A08134","R11158","20CS",165.1,3329.7045,104.14,68
"903.1","A08134/R12148","A08134","R12148","20CS",154.94,3387.085,104.14,70.25
"912.2","A08134/RTx2918","A08134","RTx2918","20CS",139.7,3624.89255,104.14,68.25
"916.1","A08134/RTx2936","A08134","RTx2936","20CS",142.24,3047.8624,99.695,69.75
"920.2","A08134/RTx2940","A08134","RTx2940","20CS",130.81,3555.3117,99.695,68.25
"923.1","A08134/RTx2943","A08134","RTx2943","20CS",161.29,3145.1756,109.22,71
"928.1","A08140/R04060","A08140","R04060","20CS",149.86,3847.78185,103.505,70.25
"929.2","A08140/R04104","A08140","R04104","20CS",143.51,3846.6286,97.155,68.5
"931.2","A08140/R05386","A08140","R05386","20CS",134.62,3606.45555,87.63,68.5
"937.1","A08140/R07178","A08140","R07178","20CS",139.7,3522.3114,89.535,68.5
"940.2","A08140/R08303","A08140","R08303","20CS",120.65,3417.6134,85.09,68.5
"947.1","A08140/R12148","A08140","R12148","20CS",139.7,3373.35205,95.885,70.75
"949.2","A08140/R12156","A08140","R12156","20CS",121.92,3568.3565,100.33,71.5
"966.1","A08140/RTx2942","A08140","RTx2942","20CS",140.97,3649.97495,99.06,68
"969.2","A08158/R01302","A08158","R01302","20CS",127,3008.6253,110.49,71
"971.1","A08158/R03248","A08158","R03248","20CS",154.94,3911.4644,103.505,69.25
"974.2","A08158/R05330","A08158","R05330","20CS",142.24,3466.9338,120.015,71.75
"981.1","A08158/R07178","A08158","R07178","20CS",158.75,3937.3464,105.41,68.75
"982.2","A08158/R08224","A08158","R08224","20CS",162.56,2841.6433,118.11,71
"989.1","A08158/R12071","A08158","R12071","20CS",158.75,3815.4031,108.585,70.25
"990.2","A08158/R12145","A08158","R12145","20CS",124.46,3541.1034,111.76,71.75
"992.1","A08158/R12154","A08158","R12154","20CS",158.75,3596.96925,108.585,70.75
"995.2","A08158/RTx2912","A08158","RTx2912","20CS",143.51,2441.79825,105.41,71.75
"997.1","A08158/RTx2914","A08158","RTx2914","20CS",154.94,3539.12745,113.03,70.25
"999.2","A08158/RTx2917","A08158","RTx2917","20CS",137.16,3894.6112,111.76,68.75
"1007.1","A08158/RTx2939","A08158","RTx2939","20CS",172.72,2751.29575,121.74345,72.8628
"1016.2","A11076/R04060","A11076","R04060","20CS",129.54,4291.62815,108.585,69.25
"1025.1","A11076/R07178","A11076","R07178","20CS",140.97,3966.1577,94.615,67.5
"1027.2","A11076/R08297","A11076","R08297","20CS",123.19,4022.7578,97.79,67.5
"1035.1","A11076/R12148","A11076","R12148","20CS",119.38,3817.19835,100.965,69.75
"1036.2","A11076/R12154","A11076","R12154","20CS",140.97,3625.78055,97.79,69.5
"1044.2","A11076/RTx2918","A11076","RTx2918","20CS",129.54,4055.0059,100.965,67.75
"1050.1","A11076/RTx2938","A11076","RTx2938","20CS",138.43,2431.93105,89.535,71.25
"1052.2","A11076/RTx2940","A11076","RTx2940","20CS",127,3985.42505,96.52,67.75
"1058.1","A11085/R02107","A11085","R02107","20CS",144.78,1828.20165,105.41,70.25
"1059.1","A11085/R03248","A11085","R03248","20CS",135.89,3085.1363,95.25,68.5
"1061.2","A11085/R04104","A11085","R04104","20CS",127,3435.3355,104.775,68
"1069.2","A11085/R07178","A11085","R07178","20CS",130.81,3111.0183,97.155,68
"1079.1","A11085/R12148","A11085","R12148","20CS",133.35,2962.05895,103.505,70.25
"1098.2","A11085/RTx2942","A11085","RTx2942","20CS",130.81,3238.68185,106.68,67.5
"1100.1","A11085/RTx2944","A11085","RTx2944","20CS",146.05,2422.42065,100.33,68
"1112.1","AHF14/R07161","AHF14","R07161","20CS",144.78,3388.92765,116.205,69.75
"1143.1","AHF14/RTx2943","AHF14","RTx2943","20CS",133.35,3264.2921,110.49,72
"1146.2","AKS116/R02107","AKS116","R02107","20CS",146.05,1866.84955,96.52,70.25
"1160.1","AKS116/R08303","AKS116","R08303","20CS",140.97,3044.9682,83.82,68
"1175.1","AKS116/RTx2917","AKS116","RTx2917","20CS",135.89,3106.931,94.615,68
"1178.2","AKS116/RTx2920","AKS116","RTx2920","20CS",121.92,2888.82775,85.09,68
"1180.1","AKS116/RTx2936","AKS116","RTx2936","20CS",147.32,2661.48425,90.17,69.75
"1184.2","AKS116/RTx2940","AKS116","RTx2940","20CS",133.35,3168.93355,90.17,68.25
"1186.1","AKS116/RTx2942","AKS116","RTx2942","20CS",143.51,3277.32975,97.79,67.5
"1188.2","AKS116/RTx2944","AKS116","RTx2944","20CS",135.89,2461.06855,91.44,68
"1189.1","AKS117/R01302","AKS117","R01302","20CS",134.62,2492.516,94.615,72.25
"1211.2","AKS117/R12148","AKS117","R12148","20CS",125.73,3272.27775,95.885,72.25
"1217.1","AKS117/RTx2914","AKS117","RTx2914","20CS",138.43,3023.01815,97.155,71.5
"1230.1","AKS117/RTx2942","AKS117","RTx2942","20CS",133.35,3548.90065,99.06,69.5
"1248.1","AKS118/R08303","AKS118","R08303","20CS",138.43,3427.09205,92.71,70.25
"1257.2","AKS118/R12156","AKS118","R12156","20CS",128.27,3577.83515,107.95,73.25
"1259.1","AKS118/RTx2912","AKS118","RTx2912","20CS",139.7,2036.2419,97.155,73.25
"1262.2","AKS118/RTx2916","AKS118","RTx2916","20CS",146.05,2790.717,100.33,73.25
"1264.1","AKS118/RTx2918","AKS118","RTx2918","20CS",132.08,3620.63825,103.505,70.5
"1267.2","AKS118/RTx2935","AKS118","RTx2935","20CS",134.62,3381.15875,100.33,70.5
"1275.1","AKS118/RTx2943","AKS118","RTx2943","20CS",151.13,3140.9213,108.585,73.25
"1277.1","AKS119/R01302","AKS119","R01302","20CS",135.89,2589.96775,106.045,71.75
"1283.2","AKS119/R05386","AKS119","R05386","20CS",133.35,3602.833,99.06,69.5
"1284.1","AKS119/R05393","AKS119","R05393","20CS",144.78,2217.82225,102.235,72.5
"1287.2","AKS119/R05512","AKS119","R05512","20CS",134.62,2764.98755,100.965,71
"1293.1","AKS119/R08304","AKS119","R08304","20CS",167.64,3725.15045,110.49,69.5
"1305.2","AKS119/RTx2914","AKS119","RTx2914","20CS",143.51,3120.4699,108.585,71
"1308.1","AKS119/RTx2918","AKS119","RTx2918","20CS",154.94,3607.53705,107.315,69.75
"1309.2","AKS119/RTx2919","AKS119","RTx2919","20CS",151.13,3188.3772,102.235,69.5
"1324.2","AKS120/R04060","AKS120","R04060","20CS",156.21,3607.933,111.76,70
"1330.1","AKS120/R05425","AKS120","R05425","20CS",166.37,2645.3481,93.345,68.5
"1332.2","AKS120/R07161","AKS120","R07161","20CS",176.53,3016.22935,114.935,69
"1336.1","AKS120/R08303","AKS120","R08303","20CS",153.67,3177.76455,93.345,68.25
"1338.2","AKS120/R08306","AKS120","R08306","20CS",157.48,3433.3428,100.965,68.25
"1341.1","AKS120/R12071","AKS120","R12071","20CS",143.51,3160.51925,100.965,69.75
"1343.1","AKS120/R12148","AKS120","R12148","20CS",158.75,3133.5032,104.14,70.5
"1352.1","AKS120/RTx2918","AKS120","RTx2918","20CS",149.86,3371.31075,104.14,68.5
"1355.2","AKS120/RTx2935","AKS120","RTx2935","20CS",146.05,3131.83125,100.965,68.5
"1362.1","AKS120/RTx2942","AKS120","RTx2942","20CS",149.86,3410.1261,107.315,67.75
"1364.1","AKS120/RTx2944","AKS120","RTx2944","20CS",151.13,2593.8649,100.965,68.25
"1378.1","AN263/R08224","AN263","R08224","20CS",157.48,1815.4765,105.41,73.25
"1384.2","AN263/R11208","AN263","R11208","20CS",110.49,2570.61665,86.36,71.25
"1387.1","AN263/R12148","AN263","R12148","20CS",132.08,2762.22025,99.06,73.25
"1399.2","AN263/RTx2935","AN263","RTx2935","20CS",119.38,2760.5483,95.885,71.25
"1400.1","AN263/RTx2936","AN263","RTx2936","20CS",129.54,2422.99765,94.615,72.75
"1402.2","AN263/RTx2938","AN263","RTx2938","20CS",110.49,1376.95295,87.63,74.75
"1427.1","AN268/R11158","AN268","R11158","20CS",133.35,3313.37415,93.98,66
"1431.2","AN268/R12148","AN268","R12148","20CS",124.46,3370.75465,93.98,68.25
"1432.1","AN268/R12154","AN268","R12154","20CS",125.73,3179.33685,90.805,68
"1454.2","AN290/R02107","AN290","R02107","20CS",129.54,2556.2734,96.52,71.75
"1455.1","AN290/R03248","AN290","R03248","20CS",143.51,3813.20805,86.36,70
"1459.2","AN290/R05386","AN290","R05386","20CS",116.84,3923.2342,86.36,69.5
"1464.1","AN290/R07161","AN290","R07161","20CS",154.94,3572.85685,105.41,70.25
"1476.2","AN290/R12154","AN290","R12154","20CS",127,3498.7129,91.44,71.5
"1483.1","AN290/RTx2917","AN290","RTx2917","20CS",121.92,3796.35485,94.615,69.5
"1486.2","AN290/RTx2920","AN290","RTx2920","20CS",129.54,3578.2516,85.09,69.5
"1494.1","AN290/RTx2942","AN290","RTx2942","20CS",140.97,3966.7536,97.79,69
"1495.2","AN290/RTx2943","AN290","RTx2943","20CS",128.27,3448.2213,99.695,72.5
"1497.1","ATx2921/R01302","ATx2921","R01302","20CS",158.75,2464.48015,105.41,72.5
"1502.2","ATx2921/R05330","ATx2921","R05330","20CS",158.75,2922.78865,114.935,73.25
"1505.1","ATx2921/R05405","ATx2921","R05405","20CS",170.18,3129.56165,95.885,70.25
"1509.2","ATx2921/R07178","ATx2921","R07178","20CS",140.97,3393.20125,100.33,70.25
"1518.1","ATx2921/R12145","ATx2921","R12145","20CS",138.43,2996.95825,106.68,73.25
"1522.2","ATx2921/R12157","ATx2921","R12157","20CS",142.24,3603.33285,111.76,71.75
"1525.1","ATx2921/RTx2914","ATx2921","RTx2914","20CS",162.56,2994.9823,107.95,71.75
"1528.2","ATx2921/RTx2918","ATx2921","RTx2918","20CS",140.97,3482.04945,106.68,70.5
"1543.2","ATx2923/R03248","ATx2923","R03248","20CS",128.27,3612.8601,92.71,70
"1545.1","ATx2923/R04104","ATx2923","R04104","20CS",149.86,3963.0593,102.235,69.5
"1546.1","ATx2923/R05330","ATx2923","R05330","20CS",153.67,3168.3295,109.22,72.5
"1549.2","ATx2923/R05405","ATx2923","R05405","20CS",167.64,3375.1025,90.17,69.5
"1550.1","ATx2923/R05425","ATx2923","R05425","20CS",162.56,3001.62765,90.17,69.75
"1555.2","ATx2923/R08297","ATx2923","R08297","20CS",135.89,3695.3422,97.79,69.5
"1559.1","ATx2923/R11158","ATx2923","R11158","20CS",165.1,3432.40225,100.965,69.5
"1560.2","ATx2923/R11208","ATx2923","R11208","20CS",120.65,3298.17915,88.265,69.75
"1562.1","ATx2923/R12145","ATx2923","R12145","20CS",129.54,3242.4991,100.965,72.5
"1568.2","ATx2923/RTx2913","ATx2923","RTx2913","20CS",142.24,3410.58105,109.22,72.5
"1571.1","ATx2923/RTx2917","ATx2923","RTx2917","20CS",135.89,3596.0069,100.965,69.5
"1576.2","ATx2923/RTx2936","ATx2923","RTx2936","20CS",144.78,3150.56015,96.52,71.25
"1588.1","ATx2924/R04060","ATx2924","R04060","20CS",140.97,4030.2733,111.125,70
"1591.2","ATx2924/R05386","ATx2924","R05386","20CS",130.81,3788.947,95.25,68.25
"1592.1","ATx2924/R05393","ATx2924","R05393","20CS",130.81,2403.93625,98.425,71.25
"1595.2","ATx2924/R05512","ATx2924","R05512","20CS",133.35,2951.10155,97.155,69.75
"1598.1","ATx2924/R08224","ATx2924","R08224","20CS",176.53,2609.09975,109.855,70.5
"1603.2","ATx2924/R11158","ATx2924","R11158","20CS",163.83,3498.463,103.505,68.25
"1606.1","ATx2924/R12145","ATx2924","R12145","20CS",139.7,3308.55985,103.505,71.25
"1616.2","ATx2924/RTx2918","ATx2924","RTx2918","20CS",147.32,3793.65105,103.505,68.5
"1618.1","ATx2924/RTx2920","ATx2924","RTx2920","20CS",147.32,3443.9644,93.98,68.25
"1620.2","ATx2924/RTx2936","ATx2924","RTx2936","20CS",156.21,3216.6209,99.06,70
"1624.1","ATx2924/RTx2940","ATx2924","RTx2940","20CS",143.51,3724.0702,99.06,68.5
"1625.2","ATx2924/RTx2941","ATx2924","RTx2941","20CS",142.24,2935.02245,101.6,71.25
"1629.1","ATx2926/R01302","ATx2926","R01302","20CS",149.86,2725.7606,104.14,71
"1636.2","ATx2926/R05393","ATx2926","R05393","20CS",128.27,2353.6151,100.33,71.75
"1637.1","ATx2926/R05405","ATx2926","R05405","20CS",163.83,3390.8421,94.615,68.75
"1640.2","ATx2926/R07161","ATx2926","R07161","20CS",160.02,3388.2485,116.205,69.5
"1643.1","ATx2926/R08297","ATx2926","R08297","20CS",152.4,3711.0818,102.235,68.75
"1645.2","ATx2926/R08304","ATx2926","R08304","20CS",147.32,3860.9433,108.585,68.75
"1652.1","ATx2926/R12154","ATx2926","R12154","20CS",128.27,3314.10455,102.235,70.75
"1656.2","ATx2926/RTx2913","ATx2926","RTx2913","20CS",147.32,3426.32065,113.665,71.75
"1659.1","ATx2926/RTx2917","ATx2926","RTx2917","20CS",140.97,3611.7465,105.41,68.75
"1661.2","ATx2926/RTx2919","ATx2926","RTx2919","20CS",138.43,3324.17005,100.33,68.75
"1672.1","ATx2926/RTx2944","ATx2926","RTx2944","20CS",153.67,2965.88405,102.235,68.75
"1698.2","ATx2927/R12157","ATx2927","R12157","20CS",138.43,4366.55255,113.665,71.75
"1708.1","ATx2927/RTx2936","ATx2927","RTx2936","20CS",148.59,3668.239,104.14,72
"1709.2","ATx2927/RTx2937","ATx2927","RTx2937","20CS",123.19,4107.06085,107.315,70.5
"1717.1","ATx2930/R01302","ATx2930","R01302","20CS",144.78,2637.3596,100.965,70.25
"1718.2","ATx2930/R02107","ATx2930","R02107","20CS",135.89,2283.26405,104.14,70.25
"1719.1","ATx2930/R03248","ATx2930","R03248","20CS",146.05,3540.1987,93.98,68.5
"1724.2","ATx2930/R05393","ATx2930","R05393","20CS",132.08,2265.2141,97.155,71
"1726.1","ATx2930/R05425","ATx2930","R05425","20CS",170.18,2928.96625,91.44,68.25
"1729.2","ATx2930/R07178","ATx2930","R07178","20CS",142.24,3566.0807,95.885,68
"1732.1","ATx2930/R08303","ATx2930","R08303","20CS",137.16,3461.3827,91.44,68
"1735.2","ATx2930/R11158","ATx2930","R11158","20CS",161.29,3359.74085,102.235,68
"1740.2","ATx2930/R12154","ATx2930","R12154","20CS",147.32,3225.70355,99.06,70
"1750.1","ATx2930/RTx2920","ATx2930","RTx2920","20CS",132.08,3305.24225,92.71,68
"1756.2","ATx2930/RTx2940","ATx2930","RTx2940","20CS",134.62,3585.34805,97.79,68.25
"1758.1","ATx2930/RTx2942","ATx2930","RTx2942","20CS",143.51,3693.74425,105.41,67.5
"1761.2","ATx2931/R01302","ATx2931","R01302","20CS",160.02,2915.11915,97.79,71.25
"1769.1","ATx2931/R05405","ATx2931","R05405","20CS",127,3580.20065,88.265,69
"1772.2","ATx2931/R07161","ATx2931","R07161","20CS",171.45,3577.60705,109.855,69.75
"1775.1","ATx2931/R08297","ATx2931","R08297","20CS",163.83,3900.44035,95.885,69
"1777.2","ATx2931/R08304","ATx2931","R08304","20CS",167.64,4050.30185,102.235,69
"1778.1","ATx2931/R08306","ATx2931","R08306","20CS",166.37,3994.7205,95.885,69
"1780.2","ATx2931/R11208","ATx2931","R11208","20CS",114.3,3503.2773,86.36,69.25
"1796.1","ATx2931/RTx2936","ATx2931","RTx2936","20CS",163.83,3355.6583,94.615,70.75
"1800.2","ATx2931/RTx2940","ATx2931","RTx2940","20CS",138.43,3863.1076,94.615,69.25
"1803.1","ATx2931/RTx2943","ATx2931","RTx2943","20CS",171.45,3452.9715,104.14,72
"1811.2","ATx2934/R05386","ATx2934","R05386","20CS",121.92,3905.4097,85.725,68
"1819.1","ATx2934/R08297","ATx2934","R08297","20CS",120.65,3877.86565,90.805,68
"1824.2","ATx2934/R11208","ATx2934","R11208","20CS",115.57,3480.7026,81.28,68.25
"1830.1","ATx2934/R12157","ATx2934","R12157","20CS",143.51,4031.39715,99.06,69.5
"1839.2","ATx2934/RTx2935","ATx2934","RTx2935","20CS",118.11,3670.63425,90.805,68.25
"1845.1","ATx2934/RTx2941","ATx2934","RTx2941","20CS",139.7,3051.48515,92.075,71
"1854.2","ATx3408/R05330","ATx3408","R05330","20CS",153.67,2965.38205,118.11,74
"1870.1","ATx3408/R12145","ATx3408","R12145","20CS",151.13,3039.55165,109.855,74
"1883.2","ATx3408/RTx2935","ATx3408","RTx2935","20CS",140.97,3285.16335,106.68,71.25
"1906.1","ATx3409/R08224","ATx3409","R08224","20CS",134.62,2158.98055,108.585,73.25
"1942.2","ATx644/R05330","ATx644","R05330","20CS",133.35,2644.97095,112.395,71.25
"1950.1","ATx644/R08224","ATx644","R08224","20CS",172.72,2019.68045,110.49,70.5
"1971.2","ATx644/RTx2935","ATx644","RTx2935","20CS",130.81,2964.75225,100.965,68.5
"1972.1","ATx644/RTx2936","ATx644","RTx2936","20CS",134.62,2627.2016,99.695,70
"1.2","A01021/R01302","A01021","R01302","20LY",120.65,2929.7055,106.045,68
"10.2","A01021/R05425","A01021","R05425","20LY",139.7,3221.31215,96.52,66
"19.2","A01021/R11158","A01021","R11158","20LY",127,3652.08675,107.315,65.75
"31.2","A01021/RTx2917","A01021","RTx2917","20LY",120.65,3815.6914,107.315,65.75
"43.2","A01021/RTx2943","A01021","RTx2943","20LY",120.65,3467.55785,112.395,68.75
"49.2","A01046/R04104","A01046","R04104","20LY",99.06,3745.70695,102.235,71
"55.2","A01046/R05512","A01046","R05512","20LY",111.76,2667.68845,94.615,72.5
"69.2","A01046/R12156","A01046","R12156","20LY",105.41,3467.43485,105.41,74
"79.2","A01046/RTx2935","A01046","RTx2935","20LY",107.95,3270.75845,97.79,71.25
"94.2","A01362/R05330","A01362","R05330","20LY",111.76,3545.37815,111.76,71.75
"101.2","A01362/R07178","A01362","R07178","20LY",102.87,4015.79075,97.155,68.75
"110.2","A01362/R12145","A01362","R12145","20LY",107.95,3619.54775,103.505,71.75
"117.2","A01362/RTx2914","A01362","RTx2914","20LY",111.76,3617.5718,104.775,70.25
"125.2","A01362/RTx2937","A01362","RTx2937","20LY",99.06,3966.43065,102.235,69
"136.2","A03017/R04060","A03017","R04060","20LY",124.46,4422.8579,116.205,69.75
"166.2","A03017/RTx2920","A03017","RTx2920","20LY",107.95,3836.549,99.06,68
"191.2","A03032/R08297","A03032","R08297","20LY",102.87,3836.9283,94.615,68.75
"208.2","A03032/RTx2918","A03032","RTx2918","20LY",99.06,3869.1764,97.79,69
"219.2","A03032/RTx2943","A03032","RTx2943","20LY",99.06,3389.45945,102.87,71.75
"223.2","A03040/R03248","A03040","R03248","20LY",115.57,3443.44025,93.98,69
"233.2","A03040/R07178","A03040","R07178","20LY",121.92,3469.32225,95.885,68.5
"248.2","A03040/RTx2913","A03040","RTx2913","20LY",137.16,3241.1612,110.49,71.5
"260.2","A03040/RTx2940","A03040","RTx2940","20LY",115.57,3488.5896,97.79,68.75
"265.2","A03043/R01302","A03043","R01302","20LY",121.92,2538.8042,100.965,72.5
"270.2","A03043/R05330","A03043","R05330","20LY",101.6,2997.1127,110.49,73.25
"274.2","A03043/R05425","A03043","R05425","20LY",109.22,2830.41085,91.44,70.5
"281.2","A03043/R08304","A03043","R08304","20LY",107.95,3673.9869,105.41,70.25
"292.2","A03043/RTx2913","A03043","RTx2913","20LY",105.41,3239.36425,110.49,73.25
"304.2","A03043/RTx2940","A03043","RTx2940","20LY",105.41,3486.79265,97.79,70.5
"309.2","A03054/R01302","A03054","R01302","20LY",95.25,2485.5978,92.075,70.5
"320.2","A03054/R07161","A03054","R07161","20LY",109.22,3148.0857,104.14,69
"340.2","A03054/RTx2918","A03054","RTx2918","20LY",99.06,3503.1671,93.345,68.5
"348.2","A03054/RTx2940","A03054","RTx2940","20LY",99.06,3433.58625,88.9,68.5
"357.2","A03055/R04104","A03055","R04104","20LY",92.71,3679.67725,100.33,68.25
"364.2","A03055/R07161","A03055","R07161","20LY",109.22,3089.12685,109.855,69
"375.2","A03055/R12148","A03055","R12148","20LY",107.95,3206.4007,99.06,70.5
"388.2","A03055/RTx2936","A03055","RTx2936","20LY",111.76,2867.1781,94.615,70
"395.2","A03055/RTx2943","A03055","RTx2943","20LY",114.3,2964.4913,104.14,71.25
"401.2","A03089/R04104","A03089","R04104","20LY",109.22,2856.44795,97.155,71
"410.2","A03089/R08224","A03089","R08224","20LY",124.46,1436.42765,102.235,73.25
"425.2","A03089/RTx2914","A03089","RTx2914","20LY",111.76,2133.9118,97.155,72.5
"447.2","A03093/R05386","A03093","R05386","20LY",102.87,4058.649,97.155,68
"453.2","A03093/R07178","A03093","R07178","20LY",111.76,3974.50485,99.06,68
"463.2","A03093/R12148","A03093","R12148","20LY",115.57,3825.5455,105.41,70.25
"471.2","A03093/RTx2917","A03093","RTx2917","20LY",109.22,3931.76965,105.41,68
"480.2","A03093/RTx2940","A03093","RTx2940","20LY",107.95,3993.7722,100.965,68.25
"486.2","A03121/R02107","A03121","R02107","20LY",118.11,2463.38875,102.87,72.5
"494.2","A03121/R05425","A03121","R05425","20LY",121.92,3109.09095,90.17,70.5
"498.2","A03121/R08224","A03121","R08224","20LY",140.97,2650.5023,107.315,72.5
"510.2","A03121/R12157","A03121","R12157","20LY",107.95,3956.337,106.045,71.75
"517.2","A03121/RTx2919","A03121","RTx2919","20LY",102.87,3415.89375,95.885,70.25
"528.2","A03121/RTx2944","A03121","RTx2944","20LY",115.57,3057.60775,97.79,70.25
"532.2","A05071/R04060","A05071","R04060","20LY",111.76,4035.76545,111.125,70
"537.2","A05071/R05405","A05071","R05405","20LY",124.46,3446.6554,92.71,68.25
"543.2","A05071/R08297","A05071","R08297","20LY",105.41,3766.8951,100.33,68.25
"552.2","A05071/R12154","A05071","R12154","20LY",118.11,3369.91785,100.33,70.25
"558.2","A05071/RTx2916","A05071","RTx2916","20LY",115.57,2969.22195,100.33,71.25
"560.2","A05071/RTx2918","A05071","RTx2918","20LY",105.41,3799.1432,103.505,68.5
"570.2","A05071/RTx2942","A05071","RTx2942","20LY",118.11,3837.95855,106.68,67.75
"578.2","A05210/R05330","A05210","R05330","20LY",121.92,3281.8667,120.015,71.5
"583.2","A05210/R05512","A05210","R05512","20LY",114.3,2998.578,105.41,70
"594.2","A05210/R12145","A05210","R12145","20LY",128.27,3356.0363,111.76,71.5
"598.2","A05210/R12157","A05210","R12157","20LY",127,3962.4109,116.84,70
"610.2","A05210/RTx2938","A05210","RTx2938","20LY",107.95,2218.05265,100.33,72.25
"617.2","A05269/R01302","A05269","R01302","20LY",121.92,3259.5507,107.315,71
"628.2","A05269/R07161","A05269","R07161","20LY",137.16,3922.0386,119.38,69.5
"634.2","A05269/R08306","A05269","R08306","20LY",118.11,4339.15205,105.41,68.75
"641.2","A05269/R12156","A05269","R12156","20LY",109.22,4234.3169,113.03,71.75
"652.2","A05269/RTx2936","A05269","RTx2936","20LY",124.46,3700.08985,104.14,70.5
"660.2","A05269/RTx2944","A05269","RTx2944","20LY",118.11,3499.67415,105.41,68.75
"666.2","A06035/R05330","A06035","R05330","20LY",101.6,3244.44425,105.41,71
"688.2","A06035/RTx2913","A06035","RTx2913","20LY",115.57,3486.6958,105.41,71
"694.2","A06035/RTx2920","A06035","RTx2920","20LY",102.87,3454.0184,87.63,68
"703.2","A06035/RTx2943","A06035","RTx2943","20LY",107.95,3323.9881,102.235,71
"709.2","A06036/R04104","A06036","R04104","20LY",99.06,3393.9741,100.33,69.25
"723.2","A06036/R11158","A06036","R11158","20LY",105.41,2863.31705,99.06,69.25
"737.2","A06036/RTx2919","A06036","RTx2919","20LY",111.76,2739.34525,93.98,69.25
"760.2","A07118/R07161","A07118","R07161","20LY",109.22,3707.63225,111.125,68.75
"765.2","A07118/R08304","A07118","R08304","20LY",124.46,4180.32705,103.505,68
"771.2","A07118/R12148","A07118","R12148","20LY",118.11,3824.9061,100.33,70.25
"781.2","A07118/RTx2919","A07118","RTx2919","20LY",114.3,3643.5538,95.25,68
"793.2","A07124/R01302","A07124","R01302","20LY",115.57,2954.852,99.06,70.25
"798.2","A07124/R05330","A07124","R05330","20LY",105.41,3413.1605,108.585,71
"805.2","A07124/R07178","A07124","R07178","20LY",111.76,3883.5731,93.98,68
"812.2","A07124/R11208","A07124","R11208","20LY",107.95,3543.01015,87.63,68.25
"825.2","A07124/RTx2919","A07124","RTx2919","20LY",115.57,3553.26145,95.25,68
"835.2","A07124/RTx2943","A07124","RTx2943","20LY",121.92,3492.70435,105.41,71
"848.2","A08068/R07161","A08068","R07161","20LY",124.46,3499.8559,109.855,71
"861.2","A08068/R12156","A08068","R12156","20LY",115.57,3812.1342,103.505,73.25
"877.2","A08068/RTx2941","A08068","RTx2941","20LY",115.57,2996.3087,97.155,73.25
"882.2","A08134/R02107","A08134","R02107","20LY",120.65,2253.2277,106.045,70.25
"889.2","A08134/R05405","A08134","R05405","20LY",137.16,3272.40475,93.345,68
"895.2","A08134/R08297","A08134","R08297","20LY",109.22,3592.64445,100.965,68
"903.2","A08134/R12148","A08134","R12148","20LY",128.27,3387.085,104.14,70.25
"916.2","A08134/RTx2936","A08134","RTx2936","20LY",124.46,3047.8624,99.695,69.75
"923.2","A08134/RTx2943","A08134","RTx2943","20LY",120.65,3145.1756,109.22,71
"928.2","A08140/R04060","A08140","R04060","20LY",118.11,3847.78185,103.505,70.25
"937.2","A08140/R07178","A08140","R07178","20LY",92.71,3522.3114,89.535,68.5
"947.2","A08140/R12148","A08140","R12148","20LY",114.3,3373.35205,95.885,70.75
"966.2","A08140/RTx2942","A08140","RTx2942","20LY",111.76,3649.97495,99.06,68
"971.2","A08158/R03248","A08158","R03248","20LY",124.46,3911.4644,103.505,69.25
"981.2","A08158/R07178","A08158","R07178","20LY",118.11,3937.3464,105.41,68.75
"989.2","A08158/R12071","A08158","R12071","20LY",133.35,3815.4031,108.585,70.25
"992.2","A08158/R12154","A08158","R12154","20LY",124.46,3596.96925,108.585,70.75
"997.2","A08158/RTx2914","A08158","RTx2914","20LY",121.92,3539.12745,113.03,70.25
"1007.2","A08158/RTx2939","A08158","RTx2939","20LY",139.7,2751.29575,121.74345,72.8628
"1025.2","A11076/R07178","A11076","R07178","20LY",118.11,3966.1577,94.615,67.5
"1035.2","A11076/R12148","A11076","R12148","20LY",109.22,3817.19835,100.965,69.75
"1044.3","A11076/RTx2918","A11076","RTx2918","20LY",118.11,4055.0059,100.965,67.75
"1050.2","A11076/RTx2938","A11076","RTx2938","20LY",107.95,2431.93105,89.535,71.25
"1058.2","A11085/R02107","A11085","R02107","20LY",105.41,1828.20165,105.41,70.25
"1059.2","A11085/R03248","A11085","R03248","20LY",111.76,3085.1363,95.25,68.5
"1079.2","A11085/R12148","A11085","R12148","20LY",120.65,2962.05895,103.505,70.25
"1100.2","A11085/RTx2944","A11085","RTx2944","20LY",118.11,2422.42065,100.33,68
"1112.2","AHF14/R07161","AHF14","R07161","20LY",127,3388.92765,116.205,69.75
"1143.2","AHF14/RTx2943","AHF14","RTx2943","20LY",111.76,3264.2921,110.49,72
"1160.2","AKS116/R08303","AKS116","R08303","20LY",114.3,3044.9682,83.82,68
"1175.2","AKS116/RTx2917","AKS116","RTx2917","20LY",124.46,3106.931,94.615,68
"1180.2","AKS116/RTx2936","AKS116","RTx2936","20LY",118.11,2661.48425,90.17,69.75
"1186.2","AKS116/RTx2942","AKS116","RTx2942","20LY",118.11,3277.32975,97.79,67.5
"1189.2","AKS117/R01302","AKS117","R01302","20LY",111.76,2492.516,94.615,72.25
"1217.2","AKS117/RTx2914","AKS117","RTx2914","20LY",111.76,3023.01815,97.155,71.5
"1230.2","AKS117/RTx2942","AKS117","RTx2942","20LY",118.11,3548.90065,99.06,69.5
"1248.2","AKS118/R08303","AKS118","R08303","20LY",118.11,3427.09205,92.71,70.25
"1259.2","AKS118/RTx2912","AKS118","RTx2912","20LY",121.92,2036.2419,97.155,73.25
"1264.2","AKS118/RTx2918","AKS118","RTx2918","20LY",124.46,3620.63825,103.505,70.5
"1275.2","AKS118/RTx2943","AKS118","RTx2943","20LY",128.27,3140.9213,108.585,73.25
"1277.2","AKS119/R01302","AKS119","R01302","20LY",124.46,2589.96775,106.045,71.75
"1284.2","AKS119/R05393","AKS119","R05393","20LY",109.22,2217.82225,102.235,72.5
"1293.2","AKS119/R08304","AKS119","R08304","20LY",128.27,3725.15045,110.49,69.5
"1308.2","AKS119/RTx2918","AKS119","RTx2918","20LY",118.11,3607.53705,107.315,69.75
"1330.2","AKS120/R05425","AKS120","R05425","20LY",133.35,2645.3481,93.345,68.5
"1336.2","AKS120/R08303","AKS120","R08303","20LY",118.11,3177.76455,93.345,68.25
"1341.2","AKS120/R12071","AKS120","R12071","20LY",118.11,3160.51925,100.965,69.75
"1352.2","AKS120/RTx2918","AKS120","RTx2918","20LY",111.76,3371.31075,104.14,68.5
"1362.2","AKS120/RTx2942","AKS120","RTx2942","20LY",124.46,3410.1261,107.315,67.75
"1378.2","AN263/R08224","AN263","R08224","20LY",115.57,1815.4765,105.41,73.25
"1387.2","AN263/R12148","AN263","R12148","20LY",101.6,2762.22025,99.06,73.25
"1400.2","AN263/RTx2936","AN263","RTx2936","20LY",99.06,2422.99765,94.615,72.75
"1427.2","AN268/R11158","AN268","R11158","20LY",102.87,3313.37415,93.98,66
"1432.2","AN268/R12154","AN268","R12154","20LY",105.41,3179.33685,90.805,68
"1455.2","AN290/R03248","AN290","R03248","20LY",102.87,3813.20805,86.36,70
"1464.2","AN290/R07161","AN290","R07161","20LY",111.76,3572.85685,105.41,70.25
"1483.2","AN290/RTx2917","AN290","RTx2917","20LY",111.76,3796.35485,94.615,69.5
"1494.2","AN290/RTx2942","AN290","RTx2942","20LY",115.57,3966.7536,97.79,69
"1497.2","ATx2921/R01302","ATx2921","R01302","20LY",127,2464.48015,105.41,72.5
"1505.2","ATx2921/R05405","ATx2921","R05405","20LY",137.16,3129.56165,95.885,70.25
"1518.2","ATx2921/R12145","ATx2921","R12145","20LY",118.11,2996.95825,106.68,73.25
"1525.2","ATx2921/RTx2914","ATx2921","RTx2914","20LY",109.22,2994.9823,107.95,71.75
"1545.2","ATx2923/R04104","ATx2923","R04104","20LY",111.76,3963.0593,102.235,69.5
"1546.2","ATx2923/R05330","ATx2923","R05330","20LY",130.81,3168.3295,109.22,72.5
"1550.2","ATx2923/R05425","ATx2923","R05425","20LY",124.46,3001.62765,90.17,69.75
"1559.2","ATx2923/R11158","ATx2923","R11158","20LY",120.65,3432.40225,100.965,69.5
"1562.2","ATx2923/R12145","ATx2923","R12145","20LY",118.11,3242.4991,100.965,72.5
"1571.2","ATx2923/RTx2917","ATx2923","RTx2917","20LY",118.11,3596.0069,100.965,69.5
"1588.2","ATx2924/R04060","ATx2924","R04060","20LY",114.3,4030.2733,111.125,70
"1592.2","ATx2924/R05393","ATx2924","R05393","20LY",105.41,2403.93625,98.425,71.25
"1598.2","ATx2924/R08224","ATx2924","R08224","20LY",124.46,2609.09975,109.855,70.5
"1606.2","ATx2924/R12145","ATx2924","R12145","20LY",118.11,3308.55985,103.505,71.25
"1618.2","ATx2924/RTx2920","ATx2924","RTx2920","20LY",115.57,3443.9644,93.98,68.25
"1624.2","ATx2924/RTx2940","ATx2924","RTx2940","20LY",115.57,3724.0702,99.06,68.5
"1629.2","ATx2926/R01302","ATx2926","R01302","20LY",120.65,2725.7606,104.14,71
"1637.2","ATx2926/R05405","ATx2926","R05405","20LY",139.7,3390.8421,94.615,68.75
"1643.2","ATx2926/R08297","ATx2926","R08297","20LY",109.22,3711.0818,102.235,68.75
"1652.2","ATx2926/R12154","ATx2926","R12154","20LY",105.41,3314.10455,102.235,70.75
"1659.2","ATx2926/RTx2917","ATx2926","RTx2917","20LY",118.11,3611.7465,105.41,68.75
"1672.2","ATx2926/RTx2944","ATx2926","RTx2944","20LY",127,2965.88405,102.235,68.75
"1708.2","ATx2927/RTx2936","ATx2927","RTx2936","20LY",124.46,3668.239,104.14,72
"1717.2","ATx2930/R01302","ATx2930","R01302","20LY",128.27,2637.3596,100.965,70.25
"1719.2","ATx2930/R03248","ATx2930","R03248","20LY",121.92,3540.1987,93.98,68.5
"1726.2","ATx2930/R05425","ATx2930","R05425","20LY",137.16,2928.96625,91.44,68.25
"1732.2","ATx2930/R08303","ATx2930","R08303","20LY",120.65,3461.3827,91.44,68
"1739.1","ATx2930/R12148","ATx2930","R12148","20LY",115.57,3417.12135,102.235,70.25
"1750.2","ATx2930/RTx2920","ATx2930","RTx2920","20LY",107.95,3305.24225,92.71,68
"1758.2","ATx2930/RTx2942","ATx2930","RTx2942","20LY",124.46,3693.74425,105.41,67.5
"1769.2","ATx2931/R05405","ATx2931","R05405","20LY",96.52,3580.20065,88.265,69
"1775.2","ATx2931/R08297","ATx2931","R08297","20LY",124.46,3900.44035,95.885,69
"1778.2","ATx2931/R08306","ATx2931","R08306","20LY",128.27,3994.7205,95.885,69
"1796.2","ATx2931/RTx2936","ATx2931","RTx2936","20LY",133.35,3355.6583,94.615,70.75
"1803.2","ATx2931/RTx2943","ATx2931","RTx2943","20LY",137.16,3452.9715,104.14,72
"1819.2","ATx2934/R08297","ATx2934","R08297","20LY",107.95,3877.86565,90.805,68
"1830.2","ATx2934/R12157","ATx2934","R12157","20LY",118.11,4031.39715,99.06,69.5
"1845.2","ATx2934/RTx2941","ATx2934","RTx2941","20LY",118.11,3051.48515,92.075,71
"1870.2","ATx3408/R12145","ATx3408","R12145","20LY",128.27,3039.55165,109.855,74
"1906.2","ATx3409/R08224","ATx3409","R08224","20LY",105.41,2158.98055,108.585,73.25
"1950.2","ATx644/R08224","ATx644","R08224","20LY",137.16,2019.68045,110.49,70.5
"1972.2","ATx644/RTx2936","ATx644","RTx2936","20LY",118.11,2627.2016,99.695,70
