traits,CV,grain,models,env,cor
ash,CV1,20CS,M1,19CS,0.200489364
ash,CV1,20CS,M1,19TA,0.617465745
ash,CV1,20CS,M1,20CS,0.462625143
ash,CV1,20CS,M1,20LY,0.250928235
ash,CV1,20CS,M1,19CS,0.304482484
ash,CV1,20CS,M1,19TA,0.831979681
ash,CV1,20CS,M1,20CS,0.597859381
ash,CV1,20CS,M1,20LY,0.546049323
ash,CV1,20CS,M1,19CS,0.056915627
ash,CV1,20CS,M1,19TA,0.699819692
ash,CV1,20CS,M1,20CS,0.418602219
ash,CV1,20CS,M1,20LY,0.189229378
ash,CV1,20CS,M1,19CS,0.27131426
ash,CV1,20CS,M1,19TA,0.758792698
ash,CV1,20CS,M1,20CS,0.596591514
ash,CV1,20CS,M1,20LY,0.446572492
ash,CV1,20CS,M1,19CS,0.250593945
ash,CV1,20CS,M1,19TA,0.763985095
ash,CV1,20CS,M1,20CS,0.518849494
ash,CV1,20CS,M1,20LY,0.265257471
ash,CV1,20CS,M2,19CS,0.334159169
ash,CV1,20CS,M2,19TA,0.670006146
ash,CV1,20CS,M2,20CS,0.585227609
ash,CV1,20CS,M2,20LY,0.461167084
ash,CV1,20CS,M2,19CS,0.297424769
ash,CV1,20CS,M2,19TA,0.716060899
ash,CV1,20CS,M2,20CS,0.593352181
ash,CV1,20CS,M2,20LY,0.421355518
ash,CV1,20CS,M2,19CS,0.404999624
ash,CV1,20CS,M2,19TA,0.715008518
ash,CV1,20CS,M2,20CS,0.608820425
ash,CV1,20CS,M2,20LY,0.409042434
ash,CV1,20CS,M2,19CS,0.537435157
ash,CV1,20CS,M2,19TA,0.577640477
ash,CV1,20CS,M2,20CS,0.716707967
ash,CV1,20CS,M2,20LY,0.3078207
ash,CV1,20CS,M2,19CS,0.247482425
ash,CV1,20CS,M2,19TA,0.579760171
ash,CV1,20CS,M2,20CS,0.649333646
ash,CV1,20CS,M2,20LY,0.317910746
ash,CV1,20CS,M3,19CS,0.874173384
ash,CV1,20CS,M3,19TA,0.791812528
ash,CV1,20CS,M3,20CS,0.797253614
ash,CV1,20CS,M3,20LY,0.856442326
ash,CV1,20CS,M3,19CS,0.869587529
ash,CV1,20CS,M3,19TA,0.708464077
ash,CV1,20CS,M3,20CS,0.812189469
ash,CV1,20CS,M3,20LY,0.786898173
ash,CV1,20CS,M3,19CS,0.900692044
ash,CV1,20CS,M3,19TA,0.868081093
ash,CV1,20CS,M3,20CS,0.814078222
ash,CV1,20CS,M3,20LY,0.912701588
ash,CV1,20CS,M3,19CS,0.894970573
ash,CV1,20CS,M3,19TA,0.801646907
ash,CV1,20CS,M3,20CS,0.868986201
ash,CV1,20CS,M3,20LY,0.849074247
ash,CV1,20CS,M3,19CS,0.909393962
ash,CV1,20CS,M3,19TA,0.883603264
ash,CV1,20CS,M3,20CS,0.828223636
ash,CV1,20CS,M3,20LY,0.861855656
ash,CV1,20CS,M4,19CS,0.775590839
ash,CV1,20CS,M4,19TA,0.647995094
ash,CV1,20CS,M4,20CS,0.608192358
ash,CV1,20CS,M4,20LY,0.787873656
ash,CV1,20CS,M4,19CS,0.728242434
ash,CV1,20CS,M4,19TA,0.579199392
ash,CV1,20CS,M4,20CS,0.505882818
ash,CV1,20CS,M4,20LY,0.507063801
ash,CV1,20CS,M4,19CS,0.851456494
ash,CV1,20CS,M4,19TA,0.698095553
ash,CV1,20CS,M4,20CS,0.673801412
ash,CV1,20CS,M4,20LY,0.598173709
ash,CV1,20CS,M4,19CS,0.848037077
ash,CV1,20CS,M4,19TA,0.667504558
ash,CV1,20CS,M4,20CS,0.69078421
ash,CV1,20CS,M4,20LY,0.760388767
ash,CV1,20CS,M4,19CS,0.814758542
ash,CV1,20CS,M4,19TA,0.627589888
ash,CV1,20CS,M4,20CS,0.630103562
ash,CV1,20CS,M4,20LY,0.730011915
ash,CV1,20CS,M5,19CS,0.867123676
ash,CV1,20CS,M5,19TA,0.803279968
ash,CV1,20CS,M5,20CS,0.735052239
ash,CV1,20CS,M5,20LY,0.837147567
ash,CV1,20CS,M5,19CS,0.875218741
ash,CV1,20CS,M5,19TA,0.886543277
ash,CV1,20CS,M5,20CS,0.807922397
ash,CV1,20CS,M5,20LY,0.869983822
ash,CV1,20CS,M5,19CS,0.89018251
ash,CV1,20CS,M5,19TA,0.788051924
ash,CV1,20CS,M5,20CS,0.786661774
ash,CV1,20CS,M5,20LY,0.873818415
ash,CV1,20CS,M5,19CS,0.905073227
ash,CV1,20CS,M5,19TA,0.819197445
ash,CV1,20CS,M5,20CS,0.801843777
ash,CV1,20CS,M5,20LY,0.829203709
ash,CV1,20CS,M5,19CS,0.900332791
ash,CV1,20CS,M5,19TA,0.773266206
ash,CV1,20CS,M5,20CS,0.858975847
ash,CV1,20CS,M5,20LY,0.850531771
ash,CV1,20CS,M6,19CS,0.374884393
ash,CV1,20CS,M6,19TA,0.849466347
ash,CV1,20CS,M6,20CS,0.692395244
ash,CV1,20CS,M6,20LY,0.388656509
ash,CV1,20CS,M6,19CS,0.472224209
ash,CV1,20CS,M6,19TA,0.834326867
ash,CV1,20CS,M6,20CS,0.716288975
ash,CV1,20CS,M6,20LY,0.557703524
ash,CV1,20CS,M6,19CS,0.491625437
ash,CV1,20CS,M6,19TA,0.781549489
ash,CV1,20CS,M6,20CS,0.517939947
ash,CV1,20CS,M6,20LY,0.650119349
ash,CV1,20CS,M6,19CS,0.48049002
ash,CV1,20CS,M6,19TA,0.66239313
ash,CV1,20CS,M6,20CS,0.628144663
ash,CV1,20CS,M6,20LY,0.432387267
ash,CV1,20CS,M6,19CS,0.212554051
ash,CV1,20CS,M6,19TA,0.708260679
ash,CV1,20CS,M6,20CS,0.566431841
ash,CV1,20CS,M6,20LY,0.525023348
ash,CV2,20CS,M1,19CS,0.386935548
ash,CV2,20CS,M1,19TA,0.782944259
ash,CV2,20CS,M1,20CS,0.657942578
ash,CV2,20CS,M1,20LY,0.629430813
ash,CV2,20CS,M1,19CS,0.416509315
ash,CV2,20CS,M1,19TA,0.818994699
ash,CV2,20CS,M1,20CS,0.658684523
ash,CV2,20CS,M1,20LY,0.466290698
ash,CV2,20CS,M1,19CS,0.4130942
ash,CV2,20CS,M1,19TA,0.787049823
ash,CV2,20CS,M1,20CS,0.683709503
ash,CV2,20CS,M1,20LY,0.561560478
ash,CV2,20CS,M1,19CS,0.36959973
ash,CV2,20CS,M1,19TA,0.798424147
ash,CV2,20CS,M1,20CS,0.673679909
ash,CV2,20CS,M1,20LY,0.493210893
ash,CV2,20CS,M1,19CS,0.446937841
ash,CV2,20CS,M1,19TA,0.777009969
ash,CV2,20CS,M1,20CS,0.659739004
ash,CV2,20CS,M1,20LY,0.56156734
ash,CV2,20CS,M2,19CS,0.348323283
ash,CV2,20CS,M2,19TA,0.527106989
ash,CV2,20CS,M2,20CS,0.626149905
ash,CV2,20CS,M2,20LY,0.297121319
ash,CV2,20CS,M2,19CS,0.412914365
ash,CV2,20CS,M2,19TA,0.540597572
ash,CV2,20CS,M2,20CS,0.686507128
ash,CV2,20CS,M2,20LY,0.373468366
ash,CV2,20CS,M2,19CS,0.452849278
ash,CV2,20CS,M2,19TA,0.595029965
ash,CV2,20CS,M2,20CS,0.698894154
ash,CV2,20CS,M2,20LY,0.520629129
ash,CV2,20CS,M2,19CS,0.507556268
ash,CV2,20CS,M2,19TA,0.536549294
ash,CV2,20CS,M2,20CS,0.705052778
ash,CV2,20CS,M2,20LY,0.437870906
ash,CV2,20CS,M2,19CS,0.414222204
ash,CV2,20CS,M2,19TA,0.517420082
ash,CV2,20CS,M2,20CS,0.651769993
ash,CV2,20CS,M2,20LY,0.433672191
ash,CV2,20CS,M3,19CS,0.921633099
ash,CV2,20CS,M3,19TA,0.889343541
ash,CV2,20CS,M3,20CS,0.879790121
ash,CV2,20CS,M3,20LY,0.840153533
ash,CV2,20CS,M3,19CS,0.949617465
ash,CV2,20CS,M3,19TA,0.892991153
ash,CV2,20CS,M3,20CS,0.90259341
ash,CV2,20CS,M3,20LY,0.706693689
ash,CV2,20CS,M3,19CS,0.932516843
ash,CV2,20CS,M3,19TA,0.873458102
ash,CV2,20CS,M3,20CS,0.86439917
ash,CV2,20CS,M3,20LY,0.901389207
ash,CV2,20CS,M3,19CS,0.919876294
ash,CV2,20CS,M3,19TA,0.862945055
ash,CV2,20CS,M3,20CS,0.880170109
ash,CV2,20CS,M3,20LY,0.874829022
ash,CV2,20CS,M3,19CS,0.92834883
ash,CV2,20CS,M3,19TA,0.877411339
ash,CV2,20CS,M3,20CS,0.878299729
ash,CV2,20CS,M3,20LY,0.837741456
ash,CV2,20CS,M4,19CS,0.829102085
ash,CV2,20CS,M4,19TA,0.693774647
ash,CV2,20CS,M4,20CS,0.681745129
ash,CV2,20CS,M4,20LY,0.774436766
ash,CV2,20CS,M4,19CS,0.810409079
ash,CV2,20CS,M4,19TA,0.71410062
ash,CV2,20CS,M4,20CS,0.606888868
ash,CV2,20CS,M4,20LY,0.802229459
ash,CV2,20CS,M4,19CS,0.850376231
ash,CV2,20CS,M4,19TA,0.707286641
ash,CV2,20CS,M4,20CS,0.74258201
ash,CV2,20CS,M4,20LY,0.829404856
ash,CV2,20CS,M4,19CS,0.835480775
ash,CV2,20CS,M4,19TA,0.792922122
ash,CV2,20CS,M4,20CS,0.684353812
ash,CV2,20CS,M4,20LY,0.763615252
ash,CV2,20CS,M4,19CS,0.805432302
ash,CV2,20CS,M4,19TA,0.726505034
ash,CV2,20CS,M4,20CS,0.679178885
ash,CV2,20CS,M4,20LY,0.818595148
ash,CV2,20CS,M5,19CS,0.920138188
ash,CV2,20CS,M5,19TA,0.888362636
ash,CV2,20CS,M5,20CS,0.885894612
ash,CV2,20CS,M5,20LY,0.852689228
ash,CV2,20CS,M5,19CS,0.912770545
ash,CV2,20CS,M5,19TA,0.827091129
ash,CV2,20CS,M5,20CS,0.878466924
ash,CV2,20CS,M5,20LY,0.905052294
ash,CV2,20CS,M5,19CS,0.920893502
ash,CV2,20CS,M5,19TA,0.846559541
ash,CV2,20CS,M5,20CS,0.852601294
ash,CV2,20CS,M5,20LY,0.843875536
ash,CV2,20CS,M5,19CS,0.905530306
ash,CV2,20CS,M5,19TA,0.927806264
ash,CV2,20CS,M5,20CS,0.815850032
ash,CV2,20CS,M5,20LY,0.854266085
ash,CV2,20CS,M5,19CS,0.912742913
ash,CV2,20CS,M5,19TA,0.820649077
ash,CV2,20CS,M5,20CS,0.856277112
ash,CV2,20CS,M5,20LY,0.860719827
ash,CV2,20CS,M6,19CS,0.490863629
ash,CV2,20CS,M6,19TA,0.816683714
ash,CV2,20CS,M6,20CS,0.734499091
ash,CV2,20CS,M6,20LY,0.640656903
ash,CV2,20CS,M6,19CS,0.422215613
ash,CV2,20CS,M6,19TA,0.796309235
ash,CV2,20CS,M6,20CS,0.799638393
ash,CV2,20CS,M6,20LY,0.686331112
ash,CV2,20CS,M6,19CS,0.413994159
ash,CV2,20CS,M6,19TA,0.802709256
ash,CV2,20CS,M6,20CS,0.713008301
ash,CV2,20CS,M6,20LY,0.55001928
ash,CV2,20CS,M6,19CS,0.362604853
ash,CV2,20CS,M6,19TA,0.89672712
ash,CV2,20CS,M6,20CS,0.676007122
ash,CV2,20CS,M6,20LY,0.457329241
ash,CV2,20CS,M6,19CS,0.373417411
ash,CV2,20CS,M6,19TA,0.800153586
ash,CV2,20CS,M6,20CS,0.721869689
ash,CV2,20CS,M6,20LY,0.628295907
da,CV1,20CS,M1,19CS,0.722008644
da,CV1,20CS,M1,19TA,0.730155206
da,CV1,20CS,M1,20CS,0.649046301
da,CV1,20CS,M1,20LY,0.763438411
da,CV1,20CS,M1,19CS,0.689378019
da,CV1,20CS,M1,19TA,0.65653605
da,CV1,20CS,M1,20CS,0.593335405
da,CV1,20CS,M1,20LY,0.772906428
da,CV1,20CS,M1,19CS,0.655283965
da,CV1,20CS,M1,19TA,0.701706869
da,CV1,20CS,M1,20CS,0.461853811
da,CV1,20CS,M1,20LY,0.770310936
da,CV1,20CS,M1,19CS,0.73970885
da,CV1,20CS,M1,19TA,0.684251824
da,CV1,20CS,M1,20CS,0.650197633
da,CV1,20CS,M1,20LY,0.773472084
da,CV1,20CS,M1,19CS,0.667806028
da,CV1,20CS,M1,19TA,0.6335544
da,CV1,20CS,M1,20CS,0.609842982
da,CV1,20CS,M1,20LY,0.726223743
da,CV1,20CS,M2,19CS,0.516397285
da,CV1,20CS,M2,19TA,0.425000024
da,CV1,20CS,M2,20CS,0.30758596
da,CV1,20CS,M2,20LY,0.274493704
da,CV1,20CS,M2,19CS,0.350727143
da,CV1,20CS,M2,19TA,0.219551809
da,CV1,20CS,M2,20CS,0.28990646
da,CV1,20CS,M2,20LY,0.086406038
da,CV1,20CS,M2,19CS,0.60133886
da,CV1,20CS,M2,19TA,0.573721005
da,CV1,20CS,M2,20CS,0.608970568
da,CV1,20CS,M2,20LY,0.551820622
da,CV1,20CS,M2,19CS,0.26457132
da,CV1,20CS,M2,19TA,0.38991947
da,CV1,20CS,M2,20CS,0.473306611
da,CV1,20CS,M2,20LY,0.032713382
da,CV1,20CS,M2,19CS,0.456040279
da,CV1,20CS,M2,19TA,0.42688542
da,CV1,20CS,M2,20CS,0.684143828
da,CV1,20CS,M2,20LY,0.459017273
da,CV1,20CS,M3,19CS,0.3551804
da,CV1,20CS,M3,19TA,0.29449729
da,CV1,20CS,M3,20CS,0.6612331
da,CV1,20CS,M3,20LY,0.550156014
da,CV1,20CS,M3,19CS,0.438792561
da,CV1,20CS,M3,19TA,0.534588258
da,CV1,20CS,M3,20CS,0.742666981
da,CV1,20CS,M3,20LY,0.671136349
da,CV1,20CS,M3,19CS,0.411040151
da,CV1,20CS,M3,19TA,0.478388273
da,CV1,20CS,M3,20CS,0.684312131
da,CV1,20CS,M3,20LY,0.617239892
da,CV1,20CS,M3,19CS,0.542134822
da,CV1,20CS,M3,19TA,0.506177466
da,CV1,20CS,M3,20CS,0.69276733
da,CV1,20CS,M3,20LY,0.650602535
da,CV1,20CS,M3,19CS,0.48090526
da,CV1,20CS,M3,19TA,0.279350624
da,CV1,20CS,M3,20CS,0.706785642
da,CV1,20CS,M3,20LY,0.633188261
da,CV1,20CS,M4,19CS,0.090441239
da,CV1,20CS,M4,19TA,-0.119177923
da,CV1,20CS,M4,20CS,0.443466956
da,CV1,20CS,M4,20LY,0.281470605
da,CV1,20CS,M4,19CS,0.160382042
da,CV1,20CS,M4,19TA,0.206224426
da,CV1,20CS,M4,20CS,0.443552542
da,CV1,20CS,M4,20LY,0.441135105
da,CV1,20CS,M4,19CS,0.305332779
da,CV1,20CS,M4,19TA,0.171401681
da,CV1,20CS,M4,20CS,0.368269535
da,CV1,20CS,M4,20LY,0.429744632
da,CV1,20CS,M4,19CS,0.095406304
da,CV1,20CS,M4,19TA,0.342101823
da,CV1,20CS,M4,20CS,0.501430043
da,CV1,20CS,M4,20LY,0.252145916
da,CV1,20CS,M4,19CS,0.17813958
da,CV1,20CS,M4,19TA,0.108171537
da,CV1,20CS,M4,20CS,0.50237879
da,CV1,20CS,M4,20LY,0.346321944
da,CV1,20CS,M5,19CS,0.475813123
da,CV1,20CS,M5,19TA,0.500938569
da,CV1,20CS,M5,20CS,0.70145238
da,CV1,20CS,M5,20LY,0.593556397
da,CV1,20CS,M5,19CS,0.541867752
da,CV1,20CS,M5,19TA,0.722692972
da,CV1,20CS,M5,20CS,0.70971667
da,CV1,20CS,M5,20LY,0.698067939
da,CV1,20CS,M5,19CS,0.529369294
da,CV1,20CS,M5,19TA,0.436606821
da,CV1,20CS,M5,20CS,0.728566529
da,CV1,20CS,M5,20LY,0.692836767
da,CV1,20CS,M5,19CS,0.420404573
da,CV1,20CS,M5,19TA,0.511252547
da,CV1,20CS,M5,20CS,0.735637739
da,CV1,20CS,M5,20LY,0.66104013
da,CV1,20CS,M5,19CS,0.357897036
da,CV1,20CS,M5,19TA,0.354291409
da,CV1,20CS,M5,20CS,0.743910804
da,CV1,20CS,M5,20LY,0.610928927
da,CV1,20CS,M6,19CS,0.726838498
da,CV1,20CS,M6,19TA,0.692524462
da,CV1,20CS,M6,20CS,0.701690988
da,CV1,20CS,M6,20LY,0.714260079
da,CV1,20CS,M6,19CS,0.776624481
da,CV1,20CS,M6,19TA,0.798279685
da,CV1,20CS,M6,20CS,0.617433195
da,CV1,20CS,M6,20LY,0.773973634
da,CV1,20CS,M6,19CS,0.615423087
da,CV1,20CS,M6,19TA,0.586161504
da,CV1,20CS,M6,20CS,0.654572786
da,CV1,20CS,M6,20LY,0.679831673
da,CV1,20CS,M6,19CS,0.525274024
da,CV1,20CS,M6,19TA,0.653710345
da,CV1,20CS,M6,20CS,0.677944134
da,CV1,20CS,M6,20LY,0.725870007
da,CV1,20CS,M6,19CS,0.653536613
da,CV1,20CS,M6,19TA,0.747958692
da,CV1,20CS,M6,20CS,0.611519032
da,CV1,20CS,M6,20LY,0.711998004
da,CV2,20CS,M1,19CS,0.758929285
da,CV2,20CS,M1,19TA,0.783845709
da,CV2,20CS,M1,20CS,0.712910295
da,CV2,20CS,M1,20LY,0.731530215
da,CV2,20CS,M1,19CS,0.73559856
da,CV2,20CS,M1,19TA,0.821992561
da,CV2,20CS,M1,20CS,0.732861588
da,CV2,20CS,M1,20LY,0.760169469
da,CV2,20CS,M1,19CS,0.719944645
da,CV2,20CS,M1,19TA,0.775695899
da,CV2,20CS,M1,20CS,0.66999601
da,CV2,20CS,M1,20LY,0.708584138
da,CV2,20CS,M1,19CS,0.840932353
da,CV2,20CS,M1,19TA,0.844712283
da,CV2,20CS,M1,20CS,0.686207846
da,CV2,20CS,M1,20LY,0.77434802
da,CV2,20CS,M1,19CS,0.770002976
da,CV2,20CS,M1,19TA,0.799154083
da,CV2,20CS,M1,20CS,0.64794306
da,CV2,20CS,M1,20LY,0.779188783
da,CV2,20CS,M2,19CS,0.742761009
da,CV2,20CS,M2,19TA,0.728263539
da,CV2,20CS,M2,20CS,0.693204744
da,CV2,20CS,M2,20LY,0.691730295
da,CV2,20CS,M2,19CS,0.741753991
da,CV2,20CS,M2,19TA,0.705097778
da,CV2,20CS,M2,20CS,0.714794602
da,CV2,20CS,M2,20LY,0.64685325
da,CV2,20CS,M2,19CS,0.697923819
da,CV2,20CS,M2,19TA,0.622890909
da,CV2,20CS,M2,20CS,0.628393541
da,CV2,20CS,M2,20LY,0.644653148
da,CV2,20CS,M2,19CS,0.714425941
da,CV2,20CS,M2,19TA,0.78734823
da,CV2,20CS,M2,20CS,0.73800989
da,CV2,20CS,M2,20LY,0.722989709
da,CV2,20CS,M2,19CS,0.624667813
da,CV2,20CS,M2,19TA,0.743362616
da,CV2,20CS,M2,20CS,0.616499997
da,CV2,20CS,M2,20LY,0.730952271
da,CV2,20CS,M3,19CS,0.553500748
da,CV2,20CS,M3,19TA,0.573846688
da,CV2,20CS,M3,20CS,0.730031252
da,CV2,20CS,M3,20LY,0.61115652
da,CV2,20CS,M3,19CS,0.539932915
da,CV2,20CS,M3,19TA,0.563459264
da,CV2,20CS,M3,20CS,0.730670837
da,CV2,20CS,M3,20LY,0.666002372
da,CV2,20CS,M3,19CS,0.536915702
da,CV2,20CS,M3,19TA,0.424047354
da,CV2,20CS,M3,20CS,0.796174362
da,CV2,20CS,M3,20LY,0.622630613
da,CV2,20CS,M3,19CS,0.667761087
da,CV2,20CS,M3,19TA,0.542932809
da,CV2,20CS,M3,20CS,0.712391524
da,CV2,20CS,M3,20LY,0.753760383
da,CV2,20CS,M3,19CS,0.668647085
da,CV2,20CS,M3,19TA,0.421687263
da,CV2,20CS,M3,20CS,0.745287608
da,CV2,20CS,M3,20LY,0.689720317
da,CV2,20CS,M4,19CS,0.269764682
da,CV2,20CS,M4,19TA,0.241197103
da,CV2,20CS,M4,20CS,0.526483277
da,CV2,20CS,M4,20LY,0.410276081
da,CV2,20CS,M4,19CS,0.269142286
da,CV2,20CS,M4,19TA,0.299990237
da,CV2,20CS,M4,20CS,0.569426305
da,CV2,20CS,M4,20LY,0.461979443
da,CV2,20CS,M4,19CS,0.244094627
da,CV2,20CS,M4,19TA,0.395586503
da,CV2,20CS,M4,20CS,0.465926346
da,CV2,20CS,M4,20LY,0.455104028
da,CV2,20CS,M4,19CS,0.199310611
da,CV2,20CS,M4,19TA,0.279371121
da,CV2,20CS,M4,20CS,0.494353117
da,CV2,20CS,M4,20LY,0.383947249
da,CV2,20CS,M4,19CS,0.165465588
da,CV2,20CS,M4,19TA,0.329700061
da,CV2,20CS,M4,20CS,0.487004641
da,CV2,20CS,M4,20LY,0.380418277
da,CV2,20CS,M5,19CS,0.56281104
da,CV2,20CS,M5,19TA,0.497427972
da,CV2,20CS,M5,20CS,0.759637631
da,CV2,20CS,M5,20LY,0.745000142
da,CV2,20CS,M5,19CS,0.627724016
da,CV2,20CS,M5,19TA,0.567318754
da,CV2,20CS,M5,20CS,0.802934799
da,CV2,20CS,M5,20LY,0.675127282
da,CV2,20CS,M5,19CS,0.580254765
da,CV2,20CS,M5,19TA,0.609525065
da,CV2,20CS,M5,20CS,0.717775355
da,CV2,20CS,M5,20LY,0.706683609
da,CV2,20CS,M5,19CS,0.624732701
da,CV2,20CS,M5,19TA,0.393265869
da,CV2,20CS,M5,20CS,0.693795348
da,CV2,20CS,M5,20LY,0.758198353
da,CV2,20CS,M5,19CS,0.511464145
da,CV2,20CS,M5,19TA,0.414409591
da,CV2,20CS,M5,20CS,0.732192484
da,CV2,20CS,M5,20LY,0.719855559
da,CV2,20CS,M6,19CS,0.810954353
da,CV2,20CS,M6,19TA,0.77529501
da,CV2,20CS,M6,20CS,0.737914886
da,CV2,20CS,M6,20LY,0.831912803
da,CV2,20CS,M6,19CS,0.728471268
da,CV2,20CS,M6,19TA,0.713260485
da,CV2,20CS,M6,20CS,0.693919384
da,CV2,20CS,M6,20LY,0.774754394
da,CV2,20CS,M6,19CS,0.8039695
da,CV2,20CS,M6,19TA,0.760413701
da,CV2,20CS,M6,20CS,0.668229471
da,CV2,20CS,M6,20LY,0.811041967
da,CV2,20CS,M6,19CS,0.778167446
da,CV2,20CS,M6,19TA,0.822906061
da,CV2,20CS,M6,20CS,0.708879888
da,CV2,20CS,M6,20LY,0.818569259
da,CV2,20CS,M6,19CS,0.799655356
da,CV2,20CS,M6,19TA,0.820007077
da,CV2,20CS,M6,20CS,0.723912459
da,CV2,20CS,M6,20LY,0.798141917
fat,CV1,20CS,M1,19CS,0.47945178
fat,CV1,20CS,M1,19TA,0.187100237
fat,CV1,20CS,M1,20CS,0.472688103
fat,CV1,20CS,M1,20LY,0.465266257
fat,CV1,20CS,M1,19CS,0.578977291
fat,CV1,20CS,M1,19TA,0.625957885
fat,CV1,20CS,M1,20CS,0.698256348
fat,CV1,20CS,M1,20LY,0.512462716
fat,CV1,20CS,M1,19CS,0.265516002
fat,CV1,20CS,M1,19TA,0.209354401
fat,CV1,20CS,M1,20CS,0.398369505
fat,CV1,20CS,M1,20LY,0.065079076
fat,CV1,20CS,M1,19CS,0.576790999
fat,CV1,20CS,M1,19TA,0.417600203
fat,CV1,20CS,M1,20CS,0.537108758
fat,CV1,20CS,M1,20LY,0.705688201
fat,CV1,20CS,M1,19CS,0.395234814
fat,CV1,20CS,M1,19TA,0.194911858
fat,CV1,20CS,M1,20CS,0.415226408
fat,CV1,20CS,M1,20LY,0.303620218
fat,CV1,20CS,M2,19CS,0.494203802
fat,CV1,20CS,M2,19TA,0.60974307
fat,CV1,20CS,M2,20CS,0.636621893
fat,CV1,20CS,M2,20LY,0.514665889
fat,CV1,20CS,M2,19CS,0.573811031
fat,CV1,20CS,M2,19TA,0.553985545
fat,CV1,20CS,M2,20CS,0.572444154
fat,CV1,20CS,M2,20LY,0.425047705
fat,CV1,20CS,M2,19CS,0.532706668
fat,CV1,20CS,M2,19TA,0.579959089
fat,CV1,20CS,M2,20CS,0.655364762
fat,CV1,20CS,M2,20LY,0.210937048
fat,CV1,20CS,M2,19CS,0.485925485
fat,CV1,20CS,M2,19TA,0.419737902
fat,CV1,20CS,M2,20CS,0.59337109
fat,CV1,20CS,M2,20LY,0.252016135
fat,CV1,20CS,M2,19CS,0.521823238
fat,CV1,20CS,M2,19TA,0.691285086
fat,CV1,20CS,M2,20CS,0.570519643
fat,CV1,20CS,M2,20LY,0.09424691
fat,CV1,20CS,M3,19CS,0.631937967
fat,CV1,20CS,M3,19TA,0.508614442
fat,CV1,20CS,M3,20CS,0.77974359
fat,CV1,20CS,M3,20LY,0.560866952
fat,CV1,20CS,M3,19CS,0.814385865
fat,CV1,20CS,M3,19TA,0.559189689
fat,CV1,20CS,M3,20CS,0.911918396
fat,CV1,20CS,M3,20LY,0.825645568
fat,CV1,20CS,M3,19CS,0.848830259
fat,CV1,20CS,M3,19TA,0.799423973
fat,CV1,20CS,M3,20CS,0.851794523
fat,CV1,20CS,M3,20LY,0.672634101
fat,CV1,20CS,M3,19CS,0.826638951
fat,CV1,20CS,M3,19TA,0.782263131
fat,CV1,20CS,M3,20CS,0.906111149
fat,CV1,20CS,M3,20LY,0.729953441
fat,CV1,20CS,M3,19CS,0.785837861
fat,CV1,20CS,M3,19TA,0.676739283
fat,CV1,20CS,M3,20CS,0.851531484
fat,CV1,20CS,M3,20LY,0.652275169
fat,CV1,20CS,M4,19CS,0.636507772
fat,CV1,20CS,M4,19TA,0.55220944
fat,CV1,20CS,M4,20CS,0.671994213
fat,CV1,20CS,M4,20LY,0.534885729
fat,CV1,20CS,M4,19CS,0.513451405
fat,CV1,20CS,M4,19TA,0.615842363
fat,CV1,20CS,M4,20CS,0.639230696
fat,CV1,20CS,M4,20LY,0.511044516
fat,CV1,20CS,M4,19CS,0.735651617
fat,CV1,20CS,M4,19TA,0.555607059
fat,CV1,20CS,M4,20CS,0.768300506
fat,CV1,20CS,M4,20LY,0.536257341
fat,CV1,20CS,M4,19CS,0.690104502
fat,CV1,20CS,M4,19TA,0.559018011
fat,CV1,20CS,M4,20CS,0.737451336
fat,CV1,20CS,M4,20LY,0.652530442
fat,CV1,20CS,M4,19CS,0.665064906
fat,CV1,20CS,M4,19TA,0.360856156
fat,CV1,20CS,M4,20CS,0.699674808
fat,CV1,20CS,M4,20LY,0.751293093
fat,CV1,20CS,M5,19CS,0.878733496
fat,CV1,20CS,M5,19TA,0.878742555
fat,CV1,20CS,M5,20CS,0.907086363
fat,CV1,20CS,M5,20LY,0.799276392
fat,CV1,20CS,M5,19CS,0.760512999
fat,CV1,20CS,M5,19TA,0.666975356
fat,CV1,20CS,M5,20CS,0.747920552
fat,CV1,20CS,M5,20LY,0.664311335
fat,CV1,20CS,M5,19CS,0.715461389
fat,CV1,20CS,M5,19TA,0.677041721
fat,CV1,20CS,M5,20CS,0.849061653
fat,CV1,20CS,M5,20LY,0.72298445
fat,CV1,20CS,M5,19CS,0.838036879
fat,CV1,20CS,M5,19TA,0.683654651
fat,CV1,20CS,M5,20CS,0.894967524
fat,CV1,20CS,M5,20LY,0.76152133
fat,CV1,20CS,M5,19CS,0.723374218
fat,CV1,20CS,M5,19TA,0.798477744
fat,CV1,20CS,M5,20CS,0.795520868
fat,CV1,20CS,M5,20LY,0.573339383
fat,CV1,20CS,M6,19CS,0.457879115
fat,CV1,20CS,M6,19TA,0.499838056
fat,CV1,20CS,M6,20CS,0.521368462
fat,CV1,20CS,M6,20LY,0.446122529
fat,CV1,20CS,M6,19CS,0.568035158
fat,CV1,20CS,M6,19TA,0.546183252
fat,CV1,20CS,M6,20CS,0.670004781
fat,CV1,20CS,M6,20LY,0.536564465
fat,CV1,20CS,M6,19CS,0.454552667
fat,CV1,20CS,M6,19TA,0.58833749
fat,CV1,20CS,M6,20CS,0.515818955
fat,CV1,20CS,M6,20LY,0.524757028
fat,CV1,20CS,M6,19CS,0.452268537
fat,CV1,20CS,M6,19TA,0.646287359
fat,CV1,20CS,M6,20CS,0.438204699
fat,CV1,20CS,M6,20LY,0.514174596
fat,CV1,20CS,M6,19CS,0.450167093
fat,CV1,20CS,M6,19TA,0.529419137
fat,CV1,20CS,M6,20CS,0.526119197
fat,CV1,20CS,M6,20LY,0.320489968
fat,CV2,20CS,M1,19CS,0.591726105
fat,CV2,20CS,M1,19TA,0.339886844
fat,CV2,20CS,M1,20CS,0.651303359
fat,CV2,20CS,M1,20LY,0.67296158
fat,CV2,20CS,M1,19CS,0.617836795
fat,CV2,20CS,M1,19TA,0.593245909
fat,CV2,20CS,M1,20CS,0.674409958
fat,CV2,20CS,M1,20LY,0.618650899
fat,CV2,20CS,M1,19CS,0.61626876
fat,CV2,20CS,M1,19TA,0.492153191
fat,CV2,20CS,M1,20CS,0.63753138
fat,CV2,20CS,M1,20LY,0.606745028
fat,CV2,20CS,M1,19CS,0.55103477
fat,CV2,20CS,M1,19TA,0.401079751
fat,CV2,20CS,M1,20CS,0.606117215
fat,CV2,20CS,M1,20LY,0.646853095
fat,CV2,20CS,M1,19CS,0.530057745
fat,CV2,20CS,M1,19TA,0.379188454
fat,CV2,20CS,M1,20CS,0.573940892
fat,CV2,20CS,M1,20LY,0.469688617
fat,CV2,20CS,M2,19CS,0.607416582
fat,CV2,20CS,M2,19TA,0.583497392
fat,CV2,20CS,M2,20CS,0.636882859
fat,CV2,20CS,M2,20LY,0.459414477
fat,CV2,20CS,M2,19CS,0.643111424
fat,CV2,20CS,M2,19TA,0.684241562
fat,CV2,20CS,M2,20CS,0.663751252
fat,CV2,20CS,M2,20LY,0.401962129
fat,CV2,20CS,M2,19CS,0.651643284
fat,CV2,20CS,M2,19TA,0.652110803
fat,CV2,20CS,M2,20CS,0.699985228
fat,CV2,20CS,M2,20LY,0.562820976
fat,CV2,20CS,M2,19CS,0.651093685
fat,CV2,20CS,M2,19TA,0.634416806
fat,CV2,20CS,M2,20CS,0.645613743
fat,CV2,20CS,M2,20LY,0.417276977
fat,CV2,20CS,M2,19CS,0.625792954
fat,CV2,20CS,M2,19TA,0.754363719
fat,CV2,20CS,M2,20CS,0.694307871
fat,CV2,20CS,M2,20LY,0.335499202
fat,CV2,20CS,M3,19CS,0.810819209
fat,CV2,20CS,M3,19TA,0.819638628
fat,CV2,20CS,M3,20CS,0.872394013
fat,CV2,20CS,M3,20LY,0.663422864
fat,CV2,20CS,M3,19CS,0.86322191
fat,CV2,20CS,M3,19TA,0.768579287
fat,CV2,20CS,M3,20CS,0.89612389
fat,CV2,20CS,M3,20LY,0.684437016
fat,CV2,20CS,M3,19CS,0.824627294
fat,CV2,20CS,M3,19TA,0.668722219
fat,CV2,20CS,M3,20CS,0.897943734
fat,CV2,20CS,M3,20LY,0.709464231
fat,CV2,20CS,M3,19CS,0.824964462
fat,CV2,20CS,M3,19TA,0.797708933
fat,CV2,20CS,M3,20CS,0.893396067
fat,CV2,20CS,M3,20LY,0.642580883
fat,CV2,20CS,M3,19CS,0.868384714
fat,CV2,20CS,M3,19TA,0.74026119
fat,CV2,20CS,M3,20CS,0.915581449
fat,CV2,20CS,M3,20LY,0.824188577
fat,CV2,20CS,M4,19CS,0.723710219
fat,CV2,20CS,M4,19TA,0.331516804
fat,CV2,20CS,M4,20CS,0.755168691
fat,CV2,20CS,M4,20LY,0.739275633
fat,CV2,20CS,M4,19CS,0.668521746
fat,CV2,20CS,M4,19TA,0.492743436
fat,CV2,20CS,M4,20CS,0.685045271
fat,CV2,20CS,M4,20LY,0.750154776
fat,CV2,20CS,M4,19CS,0.723413571
fat,CV2,20CS,M4,19TA,0.562272337
fat,CV2,20CS,M4,20CS,0.795143644
fat,CV2,20CS,M4,20LY,0.684356182
fat,CV2,20CS,M4,19CS,0.656543831
fat,CV2,20CS,M4,19TA,0.543115687
fat,CV2,20CS,M4,20CS,0.687442214
fat,CV2,20CS,M4,20LY,0.511953334
fat,CV2,20CS,M4,19CS,0.700976218
fat,CV2,20CS,M4,19TA,0.47416572
fat,CV2,20CS,M4,20CS,0.682677025
fat,CV2,20CS,M4,20LY,0.696449379
fat,CV2,20CS,M5,19CS,0.841669592
fat,CV2,20CS,M5,19TA,0.88537499
fat,CV2,20CS,M5,20CS,0.882960538
fat,CV2,20CS,M5,20LY,0.648513905
fat,CV2,20CS,M5,19CS,0.853378194
fat,CV2,20CS,M5,19TA,0.761397039
fat,CV2,20CS,M5,20CS,0.892552594
fat,CV2,20CS,M5,20LY,0.778831371
fat,CV2,20CS,M5,19CS,0.809020123
fat,CV2,20CS,M5,19TA,0.639727793
fat,CV2,20CS,M5,20CS,0.800435509
fat,CV2,20CS,M5,20LY,0.820186143
fat,CV2,20CS,M5,19CS,0.772021667
fat,CV2,20CS,M5,19TA,0.784173734
fat,CV2,20CS,M5,20CS,0.856975064
fat,CV2,20CS,M5,20LY,0.63891245
fat,CV2,20CS,M5,19CS,0.80693112
fat,CV2,20CS,M5,19TA,0.711361073
fat,CV2,20CS,M5,20CS,0.869385065
fat,CV2,20CS,M5,20LY,0.7361498
fat,CV2,20CS,M6,19CS,0.585587578
fat,CV2,20CS,M6,19TA,0.54837823
fat,CV2,20CS,M6,20CS,0.624055979
fat,CV2,20CS,M6,20LY,0.597576995
fat,CV2,20CS,M6,19CS,0.655656484
fat,CV2,20CS,M6,19TA,0.401821438
fat,CV2,20CS,M6,20CS,0.685898696
fat,CV2,20CS,M6,20LY,0.470939924
fat,CV2,20CS,M6,19CS,0.600598781
fat,CV2,20CS,M6,19TA,0.68124642
fat,CV2,20CS,M6,20CS,0.720591371
fat,CV2,20CS,M6,20LY,0.696644062
fat,CV2,20CS,M6,19CS,0.570828548
fat,CV2,20CS,M6,19TA,0.489831635
fat,CV2,20CS,M6,20CS,0.695556022
fat,CV2,20CS,M6,20LY,0.54623586
fat,CV2,20CS,M6,19CS,0.689239766
fat,CV2,20CS,M6,19TA,0.490478851
fat,CV2,20CS,M6,20CS,0.706659142
fat,CV2,20CS,M6,20LY,0.613652756
fiber,CV1,20CS,M1,19CS,0.632453164
fiber,CV1,20CS,M1,19TA,0.687924062
fiber,CV1,20CS,M1,20CS,0.75730817
fiber,CV1,20CS,M1,20LY,0.611747115
fiber,CV1,20CS,M1,19CS,0.602486091
fiber,CV1,20CS,M1,19TA,0.601622449
fiber,CV1,20CS,M1,20CS,0.708237849
fiber,CV1,20CS,M1,20LY,0.674320619
fiber,CV1,20CS,M1,19CS,0.721105807
fiber,CV1,20CS,M1,19TA,0.774442198
fiber,CV1,20CS,M1,20CS,0.798181271
fiber,CV1,20CS,M1,20LY,0.600534317
fiber,CV1,20CS,M1,19CS,0.698394212
fiber,CV1,20CS,M1,19TA,0.736090469
fiber,CV1,20CS,M1,20CS,0.763977252
fiber,CV1,20CS,M1,20LY,0.704150435
fiber,CV1,20CS,M1,19CS,0.750672266
fiber,CV1,20CS,M1,19TA,0.815404799
fiber,CV1,20CS,M1,20CS,0.849394605
fiber,CV1,20CS,M1,20LY,0.699948833
fiber,CV1,20CS,M2,19CS,0.73702539
fiber,CV1,20CS,M2,19TA,0.772705328
fiber,CV1,20CS,M2,20CS,0.762011655
fiber,CV1,20CS,M2,20LY,0.830363697
fiber,CV1,20CS,M2,19CS,0.726850738
fiber,CV1,20CS,M2,19TA,0.781327776
fiber,CV1,20CS,M2,20CS,0.835819863
fiber,CV1,20CS,M2,20LY,0.654190062
fiber,CV1,20CS,M2,19CS,0.788241684
fiber,CV1,20CS,M2,19TA,0.789104519
fiber,CV1,20CS,M2,20CS,0.755997394
fiber,CV1,20CS,M2,20LY,0.733835601
fiber,CV1,20CS,M2,19CS,0.670277594
fiber,CV1,20CS,M2,19TA,0.679625313
fiber,CV1,20CS,M2,20CS,0.745502327
fiber,CV1,20CS,M2,20LY,0.487856519
fiber,CV1,20CS,M2,19CS,0.780786398
fiber,CV1,20CS,M2,19TA,0.811509683
fiber,CV1,20CS,M2,20CS,0.775622985
fiber,CV1,20CS,M2,20LY,0.568911288
fiber,CV1,20CS,M3,19CS,0.687463961
fiber,CV1,20CS,M3,19TA,0.735440667
fiber,CV1,20CS,M3,20CS,0.733267118
fiber,CV1,20CS,M3,20LY,0.751924283
fiber,CV1,20CS,M3,19CS,0.709415187
fiber,CV1,20CS,M3,19TA,0.607200905
fiber,CV1,20CS,M3,20CS,0.780672652
fiber,CV1,20CS,M3,20LY,0.706543522
fiber,CV1,20CS,M3,19CS,0.553138058
fiber,CV1,20CS,M3,19TA,0.485040506
fiber,CV1,20CS,M3,20CS,0.575316989
fiber,CV1,20CS,M3,20LY,0.648397337
fiber,CV1,20CS,M3,19CS,0.611574502
fiber,CV1,20CS,M3,19TA,0.746909252
fiber,CV1,20CS,M3,20CS,0.791525576
fiber,CV1,20CS,M3,20LY,0.766893256
fiber,CV1,20CS,M3,19CS,0.701460942
fiber,CV1,20CS,M3,19TA,0.540814818
fiber,CV1,20CS,M3,20CS,0.751363633
fiber,CV1,20CS,M3,20LY,0.81343623
fiber,CV1,20CS,M4,19CS,0.484663034
fiber,CV1,20CS,M4,19TA,0.417928122
fiber,CV1,20CS,M4,20CS,0.475358357
fiber,CV1,20CS,M4,20LY,0.39077742
fiber,CV1,20CS,M4,19CS,0.263658766
fiber,CV1,20CS,M4,19TA,0.453725998
fiber,CV1,20CS,M4,20CS,0.342526408
fiber,CV1,20CS,M4,20LY,0.446228673
fiber,CV1,20CS,M4,19CS,0.430721058
fiber,CV1,20CS,M4,19TA,0.125848571
fiber,CV1,20CS,M4,20CS,0.445489331
fiber,CV1,20CS,M4,20LY,0.457383177
fiber,CV1,20CS,M4,19CS,0.250825821
fiber,CV1,20CS,M4,19TA,0.246001333
fiber,CV1,20CS,M4,20CS,0.308438637
fiber,CV1,20CS,M4,20LY,0.209619548
fiber,CV1,20CS,M4,19CS,0.520360953
fiber,CV1,20CS,M4,19TA,0.4929107
fiber,CV1,20CS,M4,20CS,0.563244906
fiber,CV1,20CS,M4,20LY,0.600116301
fiber,CV1,20CS,M5,19CS,0.57444636
fiber,CV1,20CS,M5,19TA,0.551864089
fiber,CV1,20CS,M5,20CS,0.749469975
fiber,CV1,20CS,M5,20LY,0.558421405
fiber,CV1,20CS,M5,19CS,0.644027676
fiber,CV1,20CS,M5,19TA,0.644528175
fiber,CV1,20CS,M5,20CS,0.694410489
fiber,CV1,20CS,M5,20LY,0.739369561
fiber,CV1,20CS,M5,19CS,0.568160138
fiber,CV1,20CS,M5,19TA,0.53431079
fiber,CV1,20CS,M5,20CS,0.705127435
fiber,CV1,20CS,M5,20LY,0.703804746
fiber,CV1,20CS,M5,19CS,0.549508602
fiber,CV1,20CS,M5,19TA,0.49455943
fiber,CV1,20CS,M5,20CS,0.749331996
fiber,CV1,20CS,M5,20LY,0.671962756
fiber,CV1,20CS,M5,19CS,0.637615255
fiber,CV1,20CS,M5,19TA,0.555243241
fiber,CV1,20CS,M5,20CS,0.722543039
fiber,CV1,20CS,M5,20LY,0.792207547
fiber,CV1,20CS,M6,19CS,0.633827125
fiber,CV1,20CS,M6,19TA,0.739092933
fiber,CV1,20CS,M6,20CS,0.767288534
fiber,CV1,20CS,M6,20LY,0.866484301
fiber,CV1,20CS,M6,19CS,0.773296573
fiber,CV1,20CS,M6,19TA,0.848469355
fiber,CV1,20CS,M6,20CS,0.761396311
fiber,CV1,20CS,M6,20LY,0.732154534
fiber,CV1,20CS,M6,19CS,0.778889199
fiber,CV1,20CS,M6,19TA,0.789745561
fiber,CV1,20CS,M6,20CS,0.787236999
fiber,CV1,20CS,M6,20LY,0.683064995
fiber,CV1,20CS,M6,19CS,0.793946748
fiber,CV1,20CS,M6,19TA,0.806719753
fiber,CV1,20CS,M6,20CS,0.829397172
fiber,CV1,20CS,M6,20LY,0.688272592
fiber,CV1,20CS,M6,19CS,0.829288813
fiber,CV1,20CS,M6,19TA,0.839292536
fiber,CV1,20CS,M6,20CS,0.790016802
fiber,CV1,20CS,M6,20LY,0.803097178
fiber,CV2,20CS,M1,19CS,0.82959966
fiber,CV2,20CS,M1,19TA,0.80655259
fiber,CV2,20CS,M1,20CS,0.829725272
fiber,CV2,20CS,M1,20LY,0.743911416
fiber,CV2,20CS,M1,19CS,0.797441132
fiber,CV2,20CS,M1,19TA,0.751957113
fiber,CV2,20CS,M1,20CS,0.814846045
fiber,CV2,20CS,M1,20LY,0.80167724
fiber,CV2,20CS,M1,19CS,0.778834514
fiber,CV2,20CS,M1,19TA,0.663352814
fiber,CV2,20CS,M1,20CS,0.819506428
fiber,CV2,20CS,M1,20LY,0.771152418
fiber,CV2,20CS,M1,19CS,0.82314979
fiber,CV2,20CS,M1,19TA,0.787623585
fiber,CV2,20CS,M1,20CS,0.82878453
fiber,CV2,20CS,M1,20LY,0.710772255
fiber,CV2,20CS,M1,19CS,0.798687389
fiber,CV2,20CS,M1,19TA,0.82419429
fiber,CV2,20CS,M1,20CS,0.846185124
fiber,CV2,20CS,M1,20LY,0.630561237
fiber,CV2,20CS,M2,19CS,0.810747357
fiber,CV2,20CS,M2,19TA,0.854924925
fiber,CV2,20CS,M2,20CS,0.800439874
fiber,CV2,20CS,M2,20LY,0.728205647
fiber,CV2,20CS,M2,19CS,0.807638267
fiber,CV2,20CS,M2,19TA,0.796578562
fiber,CV2,20CS,M2,20CS,0.788967001
fiber,CV2,20CS,M2,20LY,0.696864015
fiber,CV2,20CS,M2,19CS,0.821739904
fiber,CV2,20CS,M2,19TA,0.881675868
fiber,CV2,20CS,M2,20CS,0.789444677
fiber,CV2,20CS,M2,20LY,0.744920817
fiber,CV2,20CS,M2,19CS,0.782838125
fiber,CV2,20CS,M2,19TA,0.842309269
fiber,CV2,20CS,M2,20CS,0.800243178
fiber,CV2,20CS,M2,20LY,0.687531391
fiber,CV2,20CS,M2,19CS,0.792000081
fiber,CV2,20CS,M2,19TA,0.821527246
fiber,CV2,20CS,M2,20CS,0.829415666
fiber,CV2,20CS,M2,20LY,0.734692118
fiber,CV2,20CS,M3,19CS,0.825009355
fiber,CV2,20CS,M3,19TA,0.823250698
fiber,CV2,20CS,M3,20CS,0.844168158
fiber,CV2,20CS,M3,20LY,0.81966236
fiber,CV2,20CS,M3,19CS,0.766325522
fiber,CV2,20CS,M3,19TA,0.730981623
fiber,CV2,20CS,M3,20CS,0.863235818
fiber,CV2,20CS,M3,20LY,0.863760163
fiber,CV2,20CS,M3,19CS,0.788258323
fiber,CV2,20CS,M3,19TA,0.814617544
fiber,CV2,20CS,M3,20CS,0.857640814
fiber,CV2,20CS,M3,20LY,0.778210138
fiber,CV2,20CS,M3,19CS,0.773629909
fiber,CV2,20CS,M3,19TA,0.754703606
fiber,CV2,20CS,M3,20CS,0.848939743
fiber,CV2,20CS,M3,20LY,0.83483306
fiber,CV2,20CS,M3,19CS,0.719428115
fiber,CV2,20CS,M3,19TA,0.584829943
fiber,CV2,20CS,M3,20CS,0.828933899
fiber,CV2,20CS,M3,20LY,0.755192369
fiber,CV2,20CS,M4,19CS,0.638115234
fiber,CV2,20CS,M4,19TA,0.595232673
fiber,CV2,20CS,M4,20CS,0.651554124
fiber,CV2,20CS,M4,20LY,0.651896118
fiber,CV2,20CS,M4,19CS,0.549938122
fiber,CV2,20CS,M4,19TA,0.559714178
fiber,CV2,20CS,M4,20CS,0.698126472
fiber,CV2,20CS,M4,20LY,0.712228083
fiber,CV2,20CS,M4,19CS,0.426007248
fiber,CV2,20CS,M4,19TA,0.513027252
fiber,CV2,20CS,M4,20CS,0.551121019
fiber,CV2,20CS,M4,20LY,0.650096942
fiber,CV2,20CS,M4,19CS,0.553322959
fiber,CV2,20CS,M4,19TA,0.485542286
fiber,CV2,20CS,M4,20CS,0.701971555
fiber,CV2,20CS,M4,20LY,0.666278174
fiber,CV2,20CS,M4,19CS,0.471567583
fiber,CV2,20CS,M4,19TA,0.534865423
fiber,CV2,20CS,M4,20CS,0.545356001
fiber,CV2,20CS,M4,20LY,0.554648033
fiber,CV2,20CS,M5,19CS,0.74647355
fiber,CV2,20CS,M5,19TA,0.739481828
fiber,CV2,20CS,M5,20CS,0.746681862
fiber,CV2,20CS,M5,20LY,0.769634756
fiber,CV2,20CS,M5,19CS,0.777935821
fiber,CV2,20CS,M5,19TA,0.84017221
fiber,CV2,20CS,M5,20CS,0.759629977
fiber,CV2,20CS,M5,20LY,0.816137281
fiber,CV2,20CS,M5,19CS,0.637928707
fiber,CV2,20CS,M5,19TA,0.653926029
fiber,CV2,20CS,M5,20CS,0.716125624
fiber,CV2,20CS,M5,20LY,0.690543354
fiber,CV2,20CS,M5,19CS,0.677112938
fiber,CV2,20CS,M5,19TA,0.718472018
fiber,CV2,20CS,M5,20CS,0.737138805
fiber,CV2,20CS,M5,20LY,0.652535304
fiber,CV2,20CS,M5,19CS,0.547711741
fiber,CV2,20CS,M5,19TA,0.678369143
fiber,CV2,20CS,M5,20CS,0.674799762
fiber,CV2,20CS,M5,20LY,0.554402455
fiber,CV2,20CS,M6,19CS,0.77931178
fiber,CV2,20CS,M6,19TA,0.853788258
fiber,CV2,20CS,M6,20CS,0.842282069
fiber,CV2,20CS,M6,20LY,0.753119958
fiber,CV2,20CS,M6,19CS,0.829151422
fiber,CV2,20CS,M6,19TA,0.827629665
fiber,CV2,20CS,M6,20CS,0.853937295
fiber,CV2,20CS,M6,20LY,0.834568264
fiber,CV2,20CS,M6,19CS,0.808335703
fiber,CV2,20CS,M6,19TA,0.859764147
fiber,CV2,20CS,M6,20CS,0.811670598
fiber,CV2,20CS,M6,20LY,0.72395288
fiber,CV2,20CS,M6,19CS,0.800040401
fiber,CV2,20CS,M6,19TA,0.778771876
fiber,CV2,20CS,M6,20CS,0.808623562
fiber,CV2,20CS,M6,20LY,0.78530864
fiber,CV2,20CS,M6,19CS,0.790408714
fiber,CV2,20CS,M6,19TA,0.795055951
fiber,CV2,20CS,M6,20CS,0.805761846
fiber,CV2,20CS,M6,20LY,0.681637387
ph,CV1,20CS,M1,19CS,0.56223433
ph,CV1,20CS,M1,19TA,0.622943365
ph,CV1,20CS,M1,20CS,0.558550023
ph,CV1,20CS,M1,20LY,0.469234985
ph,CV1,20CS,M1,19CS,0.580787511
ph,CV1,20CS,M1,19TA,0.518038809
ph,CV1,20CS,M1,20CS,0.516234581
ph,CV1,20CS,M1,20LY,0.415958897
ph,CV1,20CS,M1,19CS,0.520850207
ph,CV1,20CS,M1,19TA,0.601585694
ph,CV1,20CS,M1,20CS,0.58281499
ph,CV1,20CS,M1,20LY,0.479536544
ph,CV1,20CS,M1,19CS,0.647641319
ph,CV1,20CS,M1,19TA,0.66174107
ph,CV1,20CS,M1,20CS,0.547118898
ph,CV1,20CS,M1,20LY,0.428690173
ph,CV1,20CS,M1,19CS,0.545707839
ph,CV1,20CS,M1,19TA,0.590039494
ph,CV1,20CS,M1,20CS,0.498681073
ph,CV1,20CS,M1,20LY,0.386142254
ph,CV1,20CS,M2,19CS,0.443694819
ph,CV1,20CS,M2,19TA,0.521886082
ph,CV1,20CS,M2,20CS,0.405363459
ph,CV1,20CS,M2,20LY,0.183498598
ph,CV1,20CS,M2,19CS,0.55755847
ph,CV1,20CS,M2,19TA,0.616840855
ph,CV1,20CS,M2,20CS,0.528135754
ph,CV1,20CS,M2,20LY,0.117126916
ph,CV1,20CS,M2,19CS,0.397324775
ph,CV1,20CS,M2,19TA,0.517971903
ph,CV1,20CS,M2,20CS,0.383645128
ph,CV1,20CS,M2,20LY,0.092527731
ph,CV1,20CS,M2,19CS,0.439434851
ph,CV1,20CS,M2,19TA,0.491425653
ph,CV1,20CS,M2,20CS,0.484558037
ph,CV1,20CS,M2,20LY,0.329510998
ph,CV1,20CS,M2,19CS,0.426683085
ph,CV1,20CS,M2,19TA,0.386094272
ph,CV1,20CS,M2,20CS,0.540615999
ph,CV1,20CS,M2,20LY,0.265968993
ph,CV1,20CS,M3,19CS,0.400094005
ph,CV1,20CS,M3,19TA,0.413719389
ph,CV1,20CS,M3,20CS,0.612415142
ph,CV1,20CS,M3,20LY,0.268837633
ph,CV1,20CS,M3,19CS,0.415925123
ph,CV1,20CS,M3,19TA,0.317101061
ph,CV1,20CS,M3,20CS,0.455326573
ph,CV1,20CS,M3,20LY,0.49806535
ph,CV1,20CS,M3,19CS,0.241164592
ph,CV1,20CS,M3,19TA,0.277813878
ph,CV1,20CS,M3,20CS,0.503921559
ph,CV1,20CS,M3,20LY,0.058205475
ph,CV1,20CS,M3,19CS,0.372807456
ph,CV1,20CS,M3,19TA,0.167614624
ph,CV1,20CS,M3,20CS,0.375177203
ph,CV1,20CS,M3,20LY,0.138390329
ph,CV1,20CS,M3,19CS,0.403231242
ph,CV1,20CS,M3,19TA,0.307554527
ph,CV1,20CS,M3,20CS,0.606996523
ph,CV1,20CS,M3,20LY,0.185180398
ph,CV1,20CS,M4,19CS,0.100500698
ph,CV1,20CS,M4,19TA,0.0344846
ph,CV1,20CS,M4,20CS,0.115936025
ph,CV1,20CS,M4,20LY,0.132009734
ph,CV1,20CS,M4,19CS,0.301610585
ph,CV1,20CS,M4,19TA,0.082946096
ph,CV1,20CS,M4,20CS,0.093732788
ph,CV1,20CS,M4,20LY,0.006618832
ph,CV1,20CS,M4,19CS,0.091082897
ph,CV1,20CS,M4,19TA,0.11915287
ph,CV1,20CS,M4,20CS,-0.011756188
ph,CV1,20CS,M4,20LY,0.10037534
ph,CV1,20CS,M4,19CS,0.417492284
ph,CV1,20CS,M4,19TA,0.166602781
ph,CV1,20CS,M4,20CS,0.409210016
ph,CV1,20CS,M4,20LY,0.497486883
ph,CV1,20CS,M4,19CS,0.201276805
ph,CV1,20CS,M4,19TA,0.040513048
ph,CV1,20CS,M4,20CS,0.126793617
ph,CV1,20CS,M4,20LY,-0.094063693
ph,CV1,20CS,M5,19CS,0.251840538
ph,CV1,20CS,M5,19TA,0.176574368
ph,CV1,20CS,M5,20CS,0.467514352
ph,CV1,20CS,M5,20LY,0.432097672
ph,CV1,20CS,M5,19CS,0.382385075
ph,CV1,20CS,M5,19TA,0.208005158
ph,CV1,20CS,M5,20CS,0.41095178
ph,CV1,20CS,M5,20LY,0.377147643
ph,CV1,20CS,M5,19CS,0.417210437
ph,CV1,20CS,M5,19TA,0.343257878
ph,CV1,20CS,M5,20CS,0.489423208
ph,CV1,20CS,M5,20LY,0.211433968
ph,CV1,20CS,M5,19CS,0.285175217
ph,CV1,20CS,M5,19TA,0.283004979
ph,CV1,20CS,M5,20CS,0.372608472
ph,CV1,20CS,M5,20LY,0.171677154
ph,CV1,20CS,M5,19CS,0.420496945
ph,CV1,20CS,M5,19TA,0.432399561
ph,CV1,20CS,M5,20CS,0.529330926
ph,CV1,20CS,M5,20LY,0.145692184
ph,CV1,20CS,M6,19CS,0.529688333
ph,CV1,20CS,M6,19TA,0.556222692
ph,CV1,20CS,M6,20CS,0.58789773
ph,CV1,20CS,M6,20LY,0.484290161
ph,CV1,20CS,M6,19CS,0.507852953
ph,CV1,20CS,M6,19TA,0.6169245
ph,CV1,20CS,M6,20CS,0.562673759
ph,CV1,20CS,M6,20LY,0.32620714
ph,CV1,20CS,M6,19CS,0.685612671
ph,CV1,20CS,M6,19TA,0.688899632
ph,CV1,20CS,M6,20CS,0.663328836
ph,CV1,20CS,M6,20LY,0.684662284
ph,CV1,20CS,M6,19CS,0.64095555
ph,CV1,20CS,M6,19TA,0.633168274
ph,CV1,20CS,M6,20CS,0.570883964
ph,CV1,20CS,M6,20LY,0.589691196
ph,CV1,20CS,M6,19CS,0.603414214
ph,CV1,20CS,M6,19TA,0.677144215
ph,CV1,20CS,M6,20CS,0.586587382
ph,CV1,20CS,M6,20LY,0.498001266
ph,CV2,20CS,M1,19CS,0.775386338
ph,CV2,20CS,M1,19TA,0.7832336
ph,CV2,20CS,M1,20CS,0.733215285
ph,CV2,20CS,M1,20LY,0.620386473
ph,CV2,20CS,M1,19CS,0.807412684
ph,CV2,20CS,M1,19TA,0.843301908
ph,CV2,20CS,M1,20CS,0.777214326
ph,CV2,20CS,M1,20LY,0.710373859
ph,CV2,20CS,M1,19CS,0.787640135
ph,CV2,20CS,M1,19TA,0.809681905
ph,CV2,20CS,M1,20CS,0.751253805
ph,CV2,20CS,M1,20LY,0.731019939
ph,CV2,20CS,M1,19CS,0.769334309
ph,CV2,20CS,M1,19TA,0.823027962
ph,CV2,20CS,M1,20CS,0.716413415
ph,CV2,20CS,M1,20LY,0.553783081
ph,CV2,20CS,M1,19CS,0.779545662
ph,CV2,20CS,M1,19TA,0.761464477
ph,CV2,20CS,M1,20CS,0.711198906
ph,CV2,20CS,M1,20LY,0.59723964
ph,CV2,20CS,M2,19CS,0.773387064
ph,CV2,20CS,M2,19TA,0.824262771
ph,CV2,20CS,M2,20CS,0.740337361
ph,CV2,20CS,M2,20LY,0.476629478
ph,CV2,20CS,M2,19CS,0.753031841
ph,CV2,20CS,M2,19TA,0.84013408
ph,CV2,20CS,M2,20CS,0.696128976
ph,CV2,20CS,M2,20LY,0.439380166
ph,CV2,20CS,M2,19CS,0.697255292
ph,CV2,20CS,M2,19TA,0.768187732
ph,CV2,20CS,M2,20CS,0.745431013
ph,CV2,20CS,M2,20LY,0.668699736
ph,CV2,20CS,M2,19CS,0.818387295
ph,CV2,20CS,M2,19TA,0.788604837
ph,CV2,20CS,M2,20CS,0.777571004
ph,CV2,20CS,M2,20LY,0.698486719
ph,CV2,20CS,M2,19CS,0.760160995
ph,CV2,20CS,M2,19TA,0.849467207
ph,CV2,20CS,M2,20CS,0.803306577
ph,CV2,20CS,M2,20LY,0.613978004
ph,CV2,20CS,M3,19CS,0.430433889
ph,CV2,20CS,M3,19TA,0.320021777
ph,CV2,20CS,M3,20CS,0.553810079
ph,CV2,20CS,M3,20LY,0.313092746
ph,CV2,20CS,M3,19CS,0.509996005
ph,CV2,20CS,M3,19TA,0.319917246
ph,CV2,20CS,M3,20CS,0.651419996
ph,CV2,20CS,M3,20LY,0.500061188
ph,CV2,20CS,M3,19CS,0.551173962
ph,CV2,20CS,M3,19TA,0.613681342
ph,CV2,20CS,M3,20CS,0.521261186
ph,CV2,20CS,M3,20LY,0.385323048
ph,CV2,20CS,M3,19CS,0.50737132
ph,CV2,20CS,M3,19TA,0.432720347
ph,CV2,20CS,M3,20CS,0.633313314
ph,CV2,20CS,M3,20LY,0.378624914
ph,CV2,20CS,M3,19CS,0.549017019
ph,CV2,20CS,M3,19TA,0.451798865
ph,CV2,20CS,M3,20CS,0.536620181
ph,CV2,20CS,M3,20LY,0.43155554
ph,CV2,20CS,M4,19CS,0.370873002
ph,CV2,20CS,M4,19TA,0.357531701
ph,CV2,20CS,M4,20CS,0.340789808
ph,CV2,20CS,M4,20LY,0.19738392
ph,CV2,20CS,M4,19CS,0.388484488
ph,CV2,20CS,M4,19TA,0.378540395
ph,CV2,20CS,M4,20CS,0.403330199
ph,CV2,20CS,M4,20LY,0.253132119
ph,CV2,20CS,M4,19CS,0.282542011
ph,CV2,20CS,M4,19TA,0.21943302
ph,CV2,20CS,M4,20CS,0.458501515
ph,CV2,20CS,M4,20LY,0.307023743
ph,CV2,20CS,M4,19CS,0.410866912
ph,CV2,20CS,M4,19TA,0.214609896
ph,CV2,20CS,M4,20CS,0.390396784
ph,CV2,20CS,M4,20LY,0.239390632
ph,CV2,20CS,M4,19CS,0.372628702
ph,CV2,20CS,M4,19TA,0.239308161
ph,CV2,20CS,M4,20CS,0.385430087
ph,CV2,20CS,M4,20LY,0.240855119
ph,CV2,20CS,M5,19CS,0.501830167
ph,CV2,20CS,M5,19TA,0.608571663
ph,CV2,20CS,M5,20CS,0.558644205
ph,CV2,20CS,M5,20LY,0.325100582
ph,CV2,20CS,M5,19CS,0.320554033
ph,CV2,20CS,M5,19TA,0.31852147
ph,CV2,20CS,M5,20CS,0.377236887
ph,CV2,20CS,M5,20LY,0.37443367
ph,CV2,20CS,M5,19CS,0.474580148
ph,CV2,20CS,M5,19TA,0.567622706
ph,CV2,20CS,M5,20CS,0.593102293
ph,CV2,20CS,M5,20LY,0.406935089
ph,CV2,20CS,M5,19CS,0.590247067
ph,CV2,20CS,M5,19TA,0.568774148
ph,CV2,20CS,M5,20CS,0.66366856
ph,CV2,20CS,M5,20LY,0.244655369
ph,CV2,20CS,M5,19CS,0.538739093
ph,CV2,20CS,M5,19TA,0.446672567
ph,CV2,20CS,M5,20CS,0.506465761
ph,CV2,20CS,M5,20LY,0.509411784
ph,CV2,20CS,M6,19CS,0.795567981
ph,CV2,20CS,M6,19TA,0.837637436
ph,CV2,20CS,M6,20CS,0.793461662
ph,CV2,20CS,M6,20LY,0.658036601
ph,CV2,20CS,M6,19CS,0.773190176
ph,CV2,20CS,M6,19TA,0.864918161
ph,CV2,20CS,M6,20CS,0.758826182
ph,CV2,20CS,M6,20LY,0.56017527
ph,CV2,20CS,M6,19CS,0.76958518
ph,CV2,20CS,M6,19TA,0.759395311
ph,CV2,20CS,M6,20CS,0.764320615
ph,CV2,20CS,M6,20LY,0.690803941
ph,CV2,20CS,M6,19CS,0.652797139
ph,CV2,20CS,M6,19TA,0.806925697
ph,CV2,20CS,M6,20CS,0.625110004
ph,CV2,20CS,M6,20LY,0.330572562
ph,CV2,20CS,M6,19CS,0.733629465
ph,CV2,20CS,M6,19TA,0.629036172
ph,CV2,20CS,M6,20CS,0.733829871
ph,CV2,20CS,M6,20LY,0.591943172
protein,CV1,20CS,M1,19CS,0.519820668
protein,CV1,20CS,M1,19TA,0.319011639
protein,CV1,20CS,M1,20CS,0.48331655
protein,CV1,20CS,M1,20LY,0.259721265
protein,CV1,20CS,M1,19CS,0.272108046
protein,CV1,20CS,M1,19TA,0.192924231
protein,CV1,20CS,M1,20CS,0.591705643
protein,CV1,20CS,M1,20LY,0.499196419
protein,CV1,20CS,M1,19CS,0.239760679
protein,CV1,20CS,M1,19TA,0.038841188
protein,CV1,20CS,M1,20CS,0.422615936
protein,CV1,20CS,M1,20LY,0.200773869
protein,CV1,20CS,M1,19CS,0.415766278
protein,CV1,20CS,M1,19TA,0.339365635
protein,CV1,20CS,M1,20CS,0.432364544
protein,CV1,20CS,M1,20LY,0.534902913
protein,CV1,20CS,M1,19CS,0.390468737
protein,CV1,20CS,M1,19TA,0.219345444
protein,CV1,20CS,M1,20CS,0.448212028
protein,CV1,20CS,M1,20LY,0.14144928
protein,CV1,20CS,M2,19CS,0.534123051
protein,CV1,20CS,M2,19TA,0.342916768
protein,CV1,20CS,M2,20CS,0.510100865
protein,CV1,20CS,M2,20LY,0.621445983
protein,CV1,20CS,M2,19CS,0.475783557
protein,CV1,20CS,M2,19TA,0.46637106
protein,CV1,20CS,M2,20CS,0.596569848
protein,CV1,20CS,M2,20LY,0.600173098
protein,CV1,20CS,M2,19CS,0.437854423
protein,CV1,20CS,M2,19TA,0.381491943
protein,CV1,20CS,M2,20CS,0.539154872
protein,CV1,20CS,M2,20LY,0.188461741
protein,CV1,20CS,M2,19CS,0.403303302
protein,CV1,20CS,M2,19TA,0.441593951
protein,CV1,20CS,M2,20CS,0.533253495
protein,CV1,20CS,M2,20LY,0.170445057
protein,CV1,20CS,M2,19CS,0.59461851
protein,CV1,20CS,M2,19TA,0.473505853
protein,CV1,20CS,M2,20CS,0.518063476
protein,CV1,20CS,M2,20LY,0.453683908
protein,CV1,20CS,M3,19CS,0.806739274
protein,CV1,20CS,M3,19TA,0.801572779
protein,CV1,20CS,M3,20CS,0.784284643
protein,CV1,20CS,M3,20LY,0.744559924
protein,CV1,20CS,M3,19CS,0.535611674
protein,CV1,20CS,M3,19TA,0.6343583
protein,CV1,20CS,M3,20CS,0.593549009
protein,CV1,20CS,M3,20LY,0.68561198
protein,CV1,20CS,M3,19CS,0.6725858
protein,CV1,20CS,M3,19TA,0.71379977
protein,CV1,20CS,M3,20CS,0.72042728
protein,CV1,20CS,M3,20LY,0.835339206
protein,CV1,20CS,M3,19CS,0.789272982
protein,CV1,20CS,M3,19TA,0.730621107
protein,CV1,20CS,M3,20CS,0.703385689
protein,CV1,20CS,M3,20LY,0.711632671
protein,CV1,20CS,M3,19CS,0.600482032
protein,CV1,20CS,M3,19TA,0.668278273
protein,CV1,20CS,M3,20CS,0.603780858
protein,CV1,20CS,M3,20LY,0.781053297
protein,CV1,20CS,M4,19CS,0.543885807
protein,CV1,20CS,M4,19TA,0.615343292
protein,CV1,20CS,M4,20CS,0.676097186
protein,CV1,20CS,M4,20LY,0.462335832
protein,CV1,20CS,M4,19CS,0.326386732
protein,CV1,20CS,M4,19TA,0.557077384
protein,CV1,20CS,M4,20CS,0.413939711
protein,CV1,20CS,M4,20LY,0.426010935
protein,CV1,20CS,M4,19CS,0.485577929
protein,CV1,20CS,M4,19TA,0.49013041
protein,CV1,20CS,M4,20CS,0.56294668
protein,CV1,20CS,M4,20LY,0.502429694
protein,CV1,20CS,M4,19CS,0.610736388
protein,CV1,20CS,M4,19TA,0.514011092
protein,CV1,20CS,M4,20CS,0.714828907
protein,CV1,20CS,M4,20LY,0.682740802
protein,CV1,20CS,M4,19CS,0.569767265
protein,CV1,20CS,M4,19TA,0.593564321
protein,CV1,20CS,M4,20CS,0.671288975
protein,CV1,20CS,M4,20LY,0.680996215
protein,CV1,20CS,M5,19CS,0.647346884
protein,CV1,20CS,M5,19TA,0.728808801
protein,CV1,20CS,M5,20CS,0.709052603
protein,CV1,20CS,M5,20LY,0.739680453
protein,CV1,20CS,M5,19CS,0.635856133
protein,CV1,20CS,M5,19TA,0.67130852
protein,CV1,20CS,M5,20CS,0.509411308
protein,CV1,20CS,M5,20LY,0.759919806
protein,CV1,20CS,M5,19CS,0.594202689
protein,CV1,20CS,M5,19TA,0.599038408
protein,CV1,20CS,M5,20CS,0.551952475
protein,CV1,20CS,M5,20LY,0.689015723
protein,CV1,20CS,M5,19CS,0.730449395
protein,CV1,20CS,M5,19TA,0.74653179
protein,CV1,20CS,M5,20CS,0.64656811
protein,CV1,20CS,M5,20LY,0.813502252
protein,CV1,20CS,M5,19CS,0.572314924
protein,CV1,20CS,M5,19TA,0.711219881
protein,CV1,20CS,M5,20CS,0.500018584
protein,CV1,20CS,M5,20LY,0.538911904
protein,CV1,20CS,M6,19CS,0.563492744
protein,CV1,20CS,M6,19TA,0.417119262
protein,CV1,20CS,M6,20CS,0.65149001
protein,CV1,20CS,M6,20LY,0.426375557
protein,CV1,20CS,M6,19CS,0.478897948
protein,CV1,20CS,M6,19TA,0.546034394
protein,CV1,20CS,M6,20CS,0.60072071
protein,CV1,20CS,M6,20LY,0.334981483
protein,CV1,20CS,M6,19CS,0.542898141
protein,CV1,20CS,M6,19TA,0.394339453
protein,CV1,20CS,M6,20CS,0.581722453
protein,CV1,20CS,M6,20LY,0.581846633
protein,CV1,20CS,M6,19CS,0.467333781
protein,CV1,20CS,M6,19TA,0.402887338
protein,CV1,20CS,M6,20CS,0.485002355
protein,CV1,20CS,M6,20LY,0.528805192
protein,CV1,20CS,M6,19CS,0.393418017
protein,CV1,20CS,M6,19TA,0.312437586
protein,CV1,20CS,M6,20CS,0.487588808
protein,CV1,20CS,M6,20LY,0.468925014
protein,CV2,20CS,M1,19CS,0.549047433
protein,CV2,20CS,M1,19TA,0.5207192
protein,CV2,20CS,M1,20CS,0.65549772
protein,CV2,20CS,M1,20LY,0.634074675
protein,CV2,20CS,M1,19CS,0.589935352
protein,CV2,20CS,M1,19TA,0.57061307
protein,CV2,20CS,M1,20CS,0.682335331
protein,CV2,20CS,M1,20LY,0.484044761
protein,CV2,20CS,M1,19CS,0.584368994
protein,CV2,20CS,M1,19TA,0.500374743
protein,CV2,20CS,M1,20CS,0.566450772
protein,CV2,20CS,M1,20LY,0.645258969
protein,CV2,20CS,M1,19CS,0.541344812
protein,CV2,20CS,M1,19TA,0.622572594
protein,CV2,20CS,M1,20CS,0.567562203
protein,CV2,20CS,M1,20LY,0.533354266
protein,CV2,20CS,M1,19CS,0.601277337
protein,CV2,20CS,M1,19TA,0.522228526
protein,CV2,20CS,M1,20CS,0.654787767
protein,CV2,20CS,M1,20LY,0.496699434
protein,CV2,20CS,M2,19CS,0.6612974
protein,CV2,20CS,M2,19TA,0.599594968
protein,CV2,20CS,M2,20CS,0.624597864
protein,CV2,20CS,M2,20LY,0.498424515
protein,CV2,20CS,M2,19CS,0.641894524
protein,CV2,20CS,M2,19TA,0.63916487
protein,CV2,20CS,M2,20CS,0.667740286
protein,CV2,20CS,M2,20LY,0.534970962
protein,CV2,20CS,M2,19CS,0.627338496
protein,CV2,20CS,M2,19TA,0.627996583
protein,CV2,20CS,M2,20CS,0.687046093
protein,CV2,20CS,M2,20LY,0.642632176
protein,CV2,20CS,M2,19CS,0.580989614
protein,CV2,20CS,M2,19TA,0.578806926
protein,CV2,20CS,M2,20CS,0.582348264
protein,CV2,20CS,M2,20LY,0.328983185
protein,CV2,20CS,M2,19CS,0.584847656
protein,CV2,20CS,M2,19TA,0.641509147
protein,CV2,20CS,M2,20CS,0.580048375
protein,CV2,20CS,M2,20LY,0.447141717
protein,CV2,20CS,M3,19CS,0.734482946
protein,CV2,20CS,M3,19TA,0.790486343
protein,CV2,20CS,M3,20CS,0.796101262
protein,CV2,20CS,M3,20LY,0.735033749
protein,CV2,20CS,M3,19CS,0.82874777
protein,CV2,20CS,M3,19TA,0.830926694
protein,CV2,20CS,M3,20CS,0.816414881
protein,CV2,20CS,M3,20LY,0.640667352
protein,CV2,20CS,M3,19CS,0.799492404
protein,CV2,20CS,M3,19TA,0.818695549
protein,CV2,20CS,M3,20CS,0.861234486
protein,CV2,20CS,M3,20LY,0.757708805
protein,CV2,20CS,M3,19CS,0.790673629
protein,CV2,20CS,M3,19TA,0.819213754
protein,CV2,20CS,M3,20CS,0.795481415
protein,CV2,20CS,M3,20LY,0.731252712
protein,CV2,20CS,M3,19CS,0.83430249
protein,CV2,20CS,M3,19TA,0.842228531
protein,CV2,20CS,M3,20CS,0.808233182
protein,CV2,20CS,M3,20LY,0.74606549
protein,CV2,20CS,M4,19CS,0.65003588
protein,CV2,20CS,M4,19TA,0.762068099
protein,CV2,20CS,M4,20CS,0.600612994
protein,CV2,20CS,M4,20LY,0.585089125
protein,CV2,20CS,M4,19CS,0.677861417
protein,CV2,20CS,M4,19TA,0.730001262
protein,CV2,20CS,M4,20CS,0.590830384
protein,CV2,20CS,M4,20LY,0.676224617
protein,CV2,20CS,M4,19CS,0.621444149
protein,CV2,20CS,M4,19TA,0.70896567
protein,CV2,20CS,M4,20CS,0.681251366
protein,CV2,20CS,M4,20LY,0.663348795
protein,CV2,20CS,M4,19CS,0.536693636
protein,CV2,20CS,M4,19TA,0.5599151
protein,CV2,20CS,M4,20CS,0.564183957
protein,CV2,20CS,M4,20LY,0.582510698
protein,CV2,20CS,M4,19CS,0.653210765
protein,CV2,20CS,M4,19TA,0.699152813
protein,CV2,20CS,M4,20CS,0.58498775
protein,CV2,20CS,M4,20LY,0.594039983
protein,CV2,20CS,M5,19CS,0.774401042
protein,CV2,20CS,M5,19TA,0.83140763
protein,CV2,20CS,M5,20CS,0.757543516
protein,CV2,20CS,M5,20LY,0.665376303
protein,CV2,20CS,M5,19CS,0.806591659
protein,CV2,20CS,M5,19TA,0.833011791
protein,CV2,20CS,M5,20CS,0.75857914
protein,CV2,20CS,M5,20LY,0.812181642
protein,CV2,20CS,M5,19CS,0.735113358
protein,CV2,20CS,M5,19TA,0.778818429
protein,CV2,20CS,M5,20CS,0.744091301
protein,CV2,20CS,M5,20LY,0.803311088
protein,CV2,20CS,M5,19CS,0.683013044
protein,CV2,20CS,M5,19TA,0.840950638
protein,CV2,20CS,M5,20CS,0.723740136
protein,CV2,20CS,M5,20LY,0.679303923
protein,CV2,20CS,M5,19CS,0.743529202
protein,CV2,20CS,M5,19TA,0.806301965
protein,CV2,20CS,M5,20CS,0.749753991
protein,CV2,20CS,M5,20LY,0.771781011
protein,CV2,20CS,M6,19CS,0.678381609
protein,CV2,20CS,M6,19TA,0.546175123
protein,CV2,20CS,M6,20CS,0.628048622
protein,CV2,20CS,M6,20LY,0.608880815
protein,CV2,20CS,M6,19CS,0.722001339
protein,CV2,20CS,M6,19TA,0.623161689
protein,CV2,20CS,M6,20CS,0.706547381
protein,CV2,20CS,M6,20LY,0.596342381
protein,CV2,20CS,M6,19CS,0.603982631
protein,CV2,20CS,M6,19TA,0.469856061
protein,CV2,20CS,M6,20CS,0.700614708
protein,CV2,20CS,M6,20LY,0.557833847
protein,CV2,20CS,M6,19CS,0.571437345
protein,CV2,20CS,M6,19TA,0.580137124
protein,CV2,20CS,M6,20CS,0.628431066
protein,CV2,20CS,M6,20LY,0.561702549
protein,CV2,20CS,M6,19CS,0.673071797
protein,CV2,20CS,M6,19TA,0.541828725
protein,CV2,20CS,M6,20CS,0.676757086
protein,CV2,20CS,M6,20LY,0.601863974
starch,CV1,20CS,M1,19CS,0.608513436
starch,CV1,20CS,M1,19TA,0.600663565
starch,CV1,20CS,M1,20CS,0.631665612
starch,CV1,20CS,M1,20LY,0.250595533
starch,CV1,20CS,M1,19CS,0.551367148
starch,CV1,20CS,M1,19TA,0.608106489
starch,CV1,20CS,M1,20CS,0.757789306
starch,CV1,20CS,M1,20LY,0.427429655
starch,CV1,20CS,M1,19CS,0.572961074
starch,CV1,20CS,M1,19TA,0.448227883
starch,CV1,20CS,M1,20CS,0.695582859
starch,CV1,20CS,M1,20LY,0.294390023
starch,CV1,20CS,M1,19CS,0.468082652
starch,CV1,20CS,M1,19TA,0.456356184
starch,CV1,20CS,M1,20CS,0.59563245
starch,CV1,20CS,M1,20LY,0.394349003
starch,CV1,20CS,M1,19CS,0.515789161
starch,CV1,20CS,M1,19TA,0.558772832
starch,CV1,20CS,M1,20CS,0.63208587
starch,CV1,20CS,M1,20LY,0.178204034
starch,CV1,20CS,M2,19CS,0.641418209
starch,CV1,20CS,M2,19TA,0.50696602
starch,CV1,20CS,M2,20CS,0.592662758
starch,CV1,20CS,M2,20LY,0.616588804
starch,CV1,20CS,M2,19CS,0.521034663
starch,CV1,20CS,M2,19TA,0.521442674
starch,CV1,20CS,M2,20CS,0.624582161
starch,CV1,20CS,M2,20LY,0.458905459
starch,CV1,20CS,M2,19CS,0.454527195
starch,CV1,20CS,M2,19TA,0.580831178
starch,CV1,20CS,M2,20CS,0.60210939
starch,CV1,20CS,M2,20LY,0.244316128
starch,CV1,20CS,M2,19CS,0.467177494
starch,CV1,20CS,M2,19TA,0.597290335
starch,CV1,20CS,M2,20CS,0.68351002
starch,CV1,20CS,M2,20LY,0.029257999
starch,CV1,20CS,M2,19CS,0.634149878
starch,CV1,20CS,M2,19TA,0.541923053
starch,CV1,20CS,M2,20CS,0.637951557
starch,CV1,20CS,M2,20LY,0.43464431
starch,CV1,20CS,M3,19CS,0.777003311
starch,CV1,20CS,M3,19TA,0.816125609
starch,CV1,20CS,M3,20CS,0.772732594
starch,CV1,20CS,M3,20LY,0.719033987
starch,CV1,20CS,M3,19CS,0.704725302
starch,CV1,20CS,M3,19TA,0.723818524
starch,CV1,20CS,M3,20CS,0.764886249
starch,CV1,20CS,M3,20LY,0.704722138
starch,CV1,20CS,M3,19CS,0.736681321
starch,CV1,20CS,M3,19TA,0.767604132
starch,CV1,20CS,M3,20CS,0.807110604
starch,CV1,20CS,M3,20LY,0.800499163
starch,CV1,20CS,M3,19CS,0.671147941
starch,CV1,20CS,M3,19TA,0.801092914
starch,CV1,20CS,M3,20CS,0.652145099
starch,CV1,20CS,M3,20LY,0.602378756
starch,CV1,20CS,M3,19CS,0.606230573
starch,CV1,20CS,M3,19TA,0.68481706
starch,CV1,20CS,M3,20CS,0.68850115
starch,CV1,20CS,M3,20LY,0.714180667
starch,CV1,20CS,M4,19CS,0.461639164
starch,CV1,20CS,M4,19TA,0.423449181
starch,CV1,20CS,M4,20CS,0.585561776
starch,CV1,20CS,M4,20LY,0.437607047
starch,CV1,20CS,M4,19CS,0.403090727
starch,CV1,20CS,M4,19TA,0.41959311
starch,CV1,20CS,M4,20CS,0.499306478
starch,CV1,20CS,M4,20LY,0.479415454
starch,CV1,20CS,M4,19CS,0.468931298
starch,CV1,20CS,M4,19TA,0.359503299
starch,CV1,20CS,M4,20CS,0.518522989
starch,CV1,20CS,M4,20LY,0.213861462
starch,CV1,20CS,M4,19CS,0.588027997
starch,CV1,20CS,M4,19TA,0.43515428
starch,CV1,20CS,M4,20CS,0.62015249
starch,CV1,20CS,M4,20LY,0.520503015
starch,CV1,20CS,M4,19CS,0.634861091
starch,CV1,20CS,M4,19TA,0.526872846
starch,CV1,20CS,M4,20CS,0.68031052
starch,CV1,20CS,M4,20LY,0.71908905
starch,CV1,20CS,M5,19CS,0.589354625
starch,CV1,20CS,M5,19TA,0.719378204
starch,CV1,20CS,M5,20CS,0.735662106
starch,CV1,20CS,M5,20LY,0.710520809
starch,CV1,20CS,M5,19CS,0.580475935
starch,CV1,20CS,M5,19TA,0.619026211
starch,CV1,20CS,M5,20CS,0.524977179
starch,CV1,20CS,M5,20LY,0.692111796
starch,CV1,20CS,M5,19CS,0.619458229
starch,CV1,20CS,M5,19TA,0.685610259
starch,CV1,20CS,M5,20CS,0.613443254
starch,CV1,20CS,M5,20LY,0.730364148
starch,CV1,20CS,M5,19CS,0.786091611
starch,CV1,20CS,M5,19TA,0.826160837
starch,CV1,20CS,M5,20CS,0.72025617
starch,CV1,20CS,M5,20LY,0.761847514
starch,CV1,20CS,M5,19CS,0.582177972
starch,CV1,20CS,M5,19TA,0.675306301
starch,CV1,20CS,M5,20CS,0.588393535
starch,CV1,20CS,M5,20LY,0.699806683
starch,CV1,20CS,M6,19CS,0.746960137
starch,CV1,20CS,M6,19TA,0.752029732
starch,CV1,20CS,M6,20CS,0.846507032
starch,CV1,20CS,M6,20LY,0.431871304
starch,CV1,20CS,M6,19CS,0.665923851
starch,CV1,20CS,M6,19TA,0.696684248
starch,CV1,20CS,M6,20CS,0.702212702
starch,CV1,20CS,M6,20LY,0.24273108
starch,CV1,20CS,M6,19CS,0.507202452
starch,CV1,20CS,M6,19TA,0.414685076
starch,CV1,20CS,M6,20CS,0.539469721
starch,CV1,20CS,M6,20LY,0.545835107
starch,CV1,20CS,M6,19CS,0.520926116
starch,CV1,20CS,M6,19TA,0.385616749
starch,CV1,20CS,M6,20CS,0.571140356
starch,CV1,20CS,M6,20LY,0.444842397
starch,CV1,20CS,M6,19CS,0.4988951
starch,CV1,20CS,M6,19TA,0.403588325
starch,CV1,20CS,M6,20CS,0.680312756
starch,CV1,20CS,M6,20LY,0.316316647
starch,CV2,20CS,M1,19CS,0.660309099
starch,CV2,20CS,M1,19TA,0.681109631
starch,CV2,20CS,M1,20CS,0.701637909
starch,CV2,20CS,M1,20LY,0.669818603
starch,CV2,20CS,M1,19CS,0.739056021
starch,CV2,20CS,M1,19TA,0.72681239
starch,CV2,20CS,M1,20CS,0.798131121
starch,CV2,20CS,M1,20LY,0.452451632
starch,CV2,20CS,M1,19CS,0.71142169
starch,CV2,20CS,M1,19TA,0.631712139
starch,CV2,20CS,M1,20CS,0.721809406
starch,CV2,20CS,M1,20LY,0.71510526
starch,CV2,20CS,M1,19CS,0.606880605
starch,CV2,20CS,M1,19TA,0.685047015
starch,CV2,20CS,M1,20CS,0.685635462
starch,CV2,20CS,M1,20LY,0.51698208
starch,CV2,20CS,M1,19CS,0.704814227
starch,CV2,20CS,M1,19TA,0.684875092
starch,CV2,20CS,M1,20CS,0.784318209
starch,CV2,20CS,M1,20LY,0.631361121
starch,CV2,20CS,M2,19CS,0.702494257
starch,CV2,20CS,M2,19TA,0.703560689
starch,CV2,20CS,M2,20CS,0.706497707
starch,CV2,20CS,M2,20LY,0.495356551
starch,CV2,20CS,M2,19CS,0.710932665
starch,CV2,20CS,M2,19TA,0.784390116
starch,CV2,20CS,M2,20CS,0.811358067
starch,CV2,20CS,M2,20LY,0.431044978
starch,CV2,20CS,M2,19CS,0.691972733
starch,CV2,20CS,M2,19TA,0.699825455
starch,CV2,20CS,M2,20CS,0.74997
starch,CV2,20CS,M2,20LY,0.577171055
starch,CV2,20CS,M2,19CS,0.711453726
starch,CV2,20CS,M2,19TA,0.602739495
starch,CV2,20CS,M2,20CS,0.705245549
starch,CV2,20CS,M2,20LY,0.448527318
starch,CV2,20CS,M2,19CS,0.664478102
starch,CV2,20CS,M2,19TA,0.686744394
starch,CV2,20CS,M2,20CS,0.68318669
starch,CV2,20CS,M2,20LY,0.469212563
starch,CV2,20CS,M3,19CS,0.810279752
starch,CV2,20CS,M3,19TA,0.85562452
starch,CV2,20CS,M3,20CS,0.852343655
starch,CV2,20CS,M3,20LY,0.779687454
starch,CV2,20CS,M3,19CS,0.840673341
starch,CV2,20CS,M3,19TA,0.855034224
starch,CV2,20CS,M3,20CS,0.875142494
starch,CV2,20CS,M3,20LY,0.755412822
starch,CV2,20CS,M3,19CS,0.84421809
starch,CV2,20CS,M3,19TA,0.838788157
starch,CV2,20CS,M3,20CS,0.898915501
starch,CV2,20CS,M3,20LY,0.758766426
starch,CV2,20CS,M3,19CS,0.801880964
starch,CV2,20CS,M3,19TA,0.844759815
starch,CV2,20CS,M3,20CS,0.862195881
starch,CV2,20CS,M3,20LY,0.761668292
starch,CV2,20CS,M3,19CS,0.854870245
starch,CV2,20CS,M3,19TA,0.809376779
starch,CV2,20CS,M3,20CS,0.860044569
starch,CV2,20CS,M3,20LY,0.794987913
starch,CV2,20CS,M4,19CS,0.673413931
starch,CV2,20CS,M4,19TA,0.746337812
starch,CV2,20CS,M4,20CS,0.660250236
starch,CV2,20CS,M4,20LY,0.528533435
starch,CV2,20CS,M4,19CS,0.604494533
starch,CV2,20CS,M4,19TA,0.731789268
starch,CV2,20CS,M4,20CS,0.55330718
starch,CV2,20CS,M4,20LY,0.546791459
starch,CV2,20CS,M4,19CS,0.626377629
starch,CV2,20CS,M4,19TA,0.592835516
starch,CV2,20CS,M4,20CS,0.683218531
starch,CV2,20CS,M4,20LY,0.603136492
starch,CV2,20CS,M4,19CS,0.567363984
starch,CV2,20CS,M4,19TA,0.667448446
starch,CV2,20CS,M4,20CS,0.611083493
starch,CV2,20CS,M4,20LY,0.539685648
starch,CV2,20CS,M4,19CS,0.563779324
starch,CV2,20CS,M4,19TA,0.42725534
starch,CV2,20CS,M4,20CS,0.517782915
starch,CV2,20CS,M4,20LY,0.590618337
starch,CV2,20CS,M5,19CS,0.759576683
starch,CV2,20CS,M5,19TA,0.786012107
starch,CV2,20CS,M5,20CS,0.764614791
starch,CV2,20CS,M5,20LY,0.740790698
starch,CV2,20CS,M5,19CS,0.761997949
starch,CV2,20CS,M5,19TA,0.727546673
starch,CV2,20CS,M5,20CS,0.751688802
starch,CV2,20CS,M5,20LY,0.802079339
starch,CV2,20CS,M5,19CS,0.829427482
starch,CV2,20CS,M5,19TA,0.883745663
starch,CV2,20CS,M5,20CS,0.834699661
starch,CV2,20CS,M5,20LY,0.751286057
starch,CV2,20CS,M5,19CS,0.806168093
starch,CV2,20CS,M5,19TA,0.902763408
starch,CV2,20CS,M5,20CS,0.829181584
starch,CV2,20CS,M5,20LY,0.769790472
starch,CV2,20CS,M5,19CS,0.713678474
starch,CV2,20CS,M5,19TA,0.760838068
starch,CV2,20CS,M5,20CS,0.759279068
starch,CV2,20CS,M5,20LY,0.735765152
starch,CV2,20CS,M6,19CS,0.763313752
starch,CV2,20CS,M6,19TA,0.67310543
starch,CV2,20CS,M6,20CS,0.78102023
starch,CV2,20CS,M6,20LY,0.631414162
starch,CV2,20CS,M6,19CS,0.76324295
starch,CV2,20CS,M6,19TA,0.728655843
starch,CV2,20CS,M6,20CS,0.785368872
starch,CV2,20CS,M6,20LY,0.616994648
starch,CV2,20CS,M6,19CS,0.714848294
starch,CV2,20CS,M6,19TA,0.542203914
starch,CV2,20CS,M6,20CS,0.767787658
starch,CV2,20CS,M6,20LY,0.513136463
starch,CV2,20CS,M6,19CS,0.647438935
starch,CV2,20CS,M6,19TA,0.672126316
starch,CV2,20CS,M6,20CS,0.73759557
starch,CV2,20CS,M6,20LY,0.454552389
starch,CV2,20CS,M6,19CS,0.717634147
starch,CV2,20CS,M6,19TA,0.573540435
starch,CV2,20CS,M6,20CS,0.745629803
starch,CV2,20CS,M6,20LY,0.593580415
yield,CV1,20CS,M1,19CS,0.295742943
yield,CV1,20CS,M1,19TA,0.44173191
yield,CV1,20CS,M1,20CS,0.368318631
yield,CV1,20CS,M1,20LY,0.128296027
yield,CV1,20CS,M1,19CS,0.195485744
yield,CV1,20CS,M1,19TA,0.573696844
yield,CV1,20CS,M1,20CS,0.190429714
yield,CV1,20CS,M1,20LY,-0.122915796
yield,CV1,20CS,M1,19CS,0.238607642
yield,CV1,20CS,M1,19TA,0.366349861
yield,CV1,20CS,M1,20CS,0.413188021
yield,CV1,20CS,M1,20LY,0.377749025
yield,CV1,20CS,M1,19CS,0.298366119
yield,CV1,20CS,M1,19TA,0.47624619
yield,CV1,20CS,M1,20CS,0.370127755
yield,CV1,20CS,M1,20LY,0.180427473
yield,CV1,20CS,M1,19CS,0.230734143
yield,CV1,20CS,M1,19TA,0.130893701
yield,CV1,20CS,M1,20CS,0.263427355
yield,CV1,20CS,M1,20LY,0.125728084
yield,CV1,20CS,M2,19CS,-0.013670069
yield,CV1,20CS,M2,19TA,0.364412576
yield,CV1,20CS,M2,20CS,0.175879216
yield,CV1,20CS,M2,20LY,-0.124170422
yield,CV1,20CS,M2,19CS,0.198779756
yield,CV1,20CS,M2,19TA,0.268157894
yield,CV1,20CS,M2,20CS,0.267006502
yield,CV1,20CS,M2,20LY,0.077697529
yield,CV1,20CS,M2,19CS,0.104397426
yield,CV1,20CS,M2,19TA,0.380341721
yield,CV1,20CS,M2,20CS,0.419264475
yield,CV1,20CS,M2,20LY,0.14218174
yield,CV1,20CS,M2,19CS,0.284954375
yield,CV1,20CS,M2,19TA,0.149817898
yield,CV1,20CS,M2,20CS,0.394144441
yield,CV1,20CS,M2,20LY,0.27538286
yield,CV1,20CS,M2,19CS,0.216842464
yield,CV1,20CS,M2,19TA,0.02936201
yield,CV1,20CS,M2,20CS,0.411927409
yield,CV1,20CS,M2,20LY,0.178314629
yield,CV1,20CS,M3,19CS,0.27685771
yield,CV1,20CS,M3,19TA,0.295184699
yield,CV1,20CS,M3,20CS,0.400774412
yield,CV1,20CS,M3,20LY,0.226203856
yield,CV1,20CS,M3,19CS,0.308028882
yield,CV1,20CS,M3,19TA,0.59997491
yield,CV1,20CS,M3,20CS,0.493074894
yield,CV1,20CS,M3,20LY,0.698734222
yield,CV1,20CS,M3,19CS,0.281515732
yield,CV1,20CS,M3,19TA,0.296601882
yield,CV1,20CS,M3,20CS,0.26861003
yield,CV1,20CS,M3,20LY,0.40786569
yield,CV1,20CS,M3,19CS,0.238699003
yield,CV1,20CS,M3,19TA,0.475343227
yield,CV1,20CS,M3,20CS,0.25419311
yield,CV1,20CS,M3,20LY,0.355622727
yield,CV1,20CS,M3,19CS,0.291600773
yield,CV1,20CS,M3,19TA,0.588846921
yield,CV1,20CS,M3,20CS,0.470020622
yield,CV1,20CS,M3,20LY,0.259537063
yield,CV1,20CS,M4,19CS,0.339788896
yield,CV1,20CS,M4,19TA,0.250670119
yield,CV1,20CS,M4,20CS,0.175012521
yield,CV1,20CS,M4,20LY,0.226195119
yield,CV1,20CS,M4,19CS,0.118466191
yield,CV1,20CS,M4,19TA,0.410739881
yield,CV1,20CS,M4,20CS,0.269745756
yield,CV1,20CS,M4,20LY,0.211653204
yield,CV1,20CS,M4,19CS,0.301102394
yield,CV1,20CS,M4,19TA,0.547520014
yield,CV1,20CS,M4,20CS,0.347687933
yield,CV1,20CS,M4,20LY,0.235481442
yield,CV1,20CS,M4,19CS,0.438508412
yield,CV1,20CS,M4,19TA,0.451456698
yield,CV1,20CS,M4,20CS,0.288843957
yield,CV1,20CS,M4,20LY,0.030860175
yield,CV1,20CS,M4,19CS,0.140574979
yield,CV1,20CS,M4,19TA,0.454012088
yield,CV1,20CS,M4,20CS,0.230451761
yield,CV1,20CS,M4,20LY,0.233134547
yield,CV1,20CS,M5,19CS,0.11820826
yield,CV1,20CS,M5,19TA,0.416790678
yield,CV1,20CS,M5,20CS,0.188109744
yield,CV1,20CS,M5,20LY,0.411266156
yield,CV1,20CS,M5,19CS,0.402580722
yield,CV1,20CS,M5,19TA,0.525108086
yield,CV1,20CS,M5,20CS,0.427422952
yield,CV1,20CS,M5,20LY,0.59769166
yield,CV1,20CS,M5,19CS,0.15029101
yield,CV1,20CS,M5,19TA,0.577463294
yield,CV1,20CS,M5,20CS,0.356818062
yield,CV1,20CS,M5,20LY,0.248852229
yield,CV1,20CS,M5,19CS,0.282845685
yield,CV1,20CS,M5,19TA,0.495455226
yield,CV1,20CS,M5,20CS,0.412294426
yield,CV1,20CS,M5,20LY,0.309687239
yield,CV1,20CS,M5,19CS,0.213188541
yield,CV1,20CS,M5,19TA,0.347660657
yield,CV1,20CS,M5,20CS,0.487730843
yield,CV1,20CS,M5,20LY,0.264708255
yield,CV1,20CS,M6,19CS,0.050799693
yield,CV1,20CS,M6,19TA,0.241887273
yield,CV1,20CS,M6,20CS,0.357421122
yield,CV1,20CS,M6,20LY,0.115080208
yield,CV1,20CS,M6,19CS,0.185705337
yield,CV1,20CS,M6,19TA,0.503631031
yield,CV1,20CS,M6,20CS,0.443296119
yield,CV1,20CS,M6,20LY,0.310767477
yield,CV1,20CS,M6,19CS,0.34750454
yield,CV1,20CS,M6,19TA,0.491209795
yield,CV1,20CS,M6,20CS,0.304313741
yield,CV1,20CS,M6,20LY,0.351166479
yield,CV1,20CS,M6,19CS,0.288300061
yield,CV1,20CS,M6,19TA,0.216338264
yield,CV1,20CS,M6,20CS,0.150020285
yield,CV1,20CS,M6,20LY,0.188365816
yield,CV1,20CS,M6,19CS,0.303689955
yield,CV1,20CS,M6,19TA,0.602342794
yield,CV1,20CS,M6,20CS,0.377201586
yield,CV1,20CS,M6,20LY,0.321221768
yield,CV2,20CS,M1,19CS,0.272096301
yield,CV2,20CS,M1,19TA,0.429014747
yield,CV2,20CS,M1,20CS,0.469946506
yield,CV2,20CS,M1,20LY,0.421345054
yield,CV2,20CS,M1,19CS,0.379404866
yield,CV2,20CS,M1,19TA,0.524873723
yield,CV2,20CS,M1,20CS,0.564570438
yield,CV2,20CS,M1,20LY,0.49767668
yield,CV2,20CS,M1,19CS,0.297137313
yield,CV2,20CS,M1,19TA,0.433447801
yield,CV2,20CS,M1,20CS,0.481687548
yield,CV2,20CS,M1,20LY,0.460263684
yield,CV2,20CS,M1,19CS,0.322863095
yield,CV2,20CS,M1,19TA,0.608220989
yield,CV2,20CS,M1,20CS,0.522711459
yield,CV2,20CS,M1,20LY,0.486985751
yield,CV2,20CS,M1,19CS,0.469340525
yield,CV2,20CS,M1,19TA,0.451367944
yield,CV2,20CS,M1,20CS,0.575529789
yield,CV2,20CS,M1,20LY,0.495593886
yield,CV2,20CS,M2,19CS,0.309551274
yield,CV2,20CS,M2,19TA,0.396399706
yield,CV2,20CS,M2,20CS,0.327527868
yield,CV2,20CS,M2,20LY,0.414862172
yield,CV2,20CS,M2,19CS,0.404014182
yield,CV2,20CS,M2,19TA,0.417253584
yield,CV2,20CS,M2,20CS,0.462074388
yield,CV2,20CS,M2,20LY,0.270010027
yield,CV2,20CS,M2,19CS,0.339423843
yield,CV2,20CS,M2,19TA,0.32079095
yield,CV2,20CS,M2,20CS,0.569102449
yield,CV2,20CS,M2,20LY,0.310237916
yield,CV2,20CS,M2,19CS,0.149310013
yield,CV2,20CS,M2,19TA,0.57147063
yield,CV2,20CS,M2,20CS,0.378356571
yield,CV2,20CS,M2,20LY,0.248033862
yield,CV2,20CS,M2,19CS,0.299201137
yield,CV2,20CS,M2,19TA,0.251505261
yield,CV2,20CS,M2,20CS,0.456668641
yield,CV2,20CS,M2,20LY,0.184792953
yield,CV2,20CS,M3,19CS,0.40411393
yield,CV2,20CS,M3,19TA,0.559477151
yield,CV2,20CS,M3,20CS,0.458892599
yield,CV2,20CS,M3,20LY,0.146680334
yield,CV2,20CS,M3,19CS,0.269851385
yield,CV2,20CS,M3,19TA,0.63742247
yield,CV2,20CS,M3,20CS,0.370804111
yield,CV2,20CS,M3,20LY,0.284216825
yield,CV2,20CS,M3,19CS,0.429375468
yield,CV2,20CS,M3,19TA,0.529909174
yield,CV2,20CS,M3,20CS,0.392628217
yield,CV2,20CS,M3,20LY,0.232308266
yield,CV2,20CS,M3,19CS,0.404596172
yield,CV2,20CS,M3,19TA,0.638008912
yield,CV2,20CS,M3,20CS,0.459860787
yield,CV2,20CS,M3,20LY,0.579309028
yield,CV2,20CS,M3,19CS,0.362051524
yield,CV2,20CS,M3,19TA,0.44133384
yield,CV2,20CS,M3,20CS,0.372578153
yield,CV2,20CS,M3,20LY,0.309333198
yield,CV2,20CS,M4,19CS,0.319557746
yield,CV2,20CS,M4,19TA,0.466148635
yield,CV2,20CS,M4,20CS,0.245733251
yield,CV2,20CS,M4,20LY,0.2193861
yield,CV2,20CS,M4,19CS,0.280664875
yield,CV2,20CS,M4,19TA,0.62326566
yield,CV2,20CS,M4,20CS,0.255874573
yield,CV2,20CS,M4,20LY,0.297924299
yield,CV2,20CS,M4,19CS,0.282348359
yield,CV2,20CS,M4,19TA,0.486629502
yield,CV2,20CS,M4,20CS,0.171617859
yield,CV2,20CS,M4,20LY,0.179331847
yield,CV2,20CS,M4,19CS,0.28074178
yield,CV2,20CS,M4,19TA,0.430043739
yield,CV2,20CS,M4,20CS,0.285373464
yield,CV2,20CS,M4,20LY,0.305190691
yield,CV2,20CS,M4,19CS,0.326230587
yield,CV2,20CS,M4,19TA,0.429882773
yield,CV2,20CS,M4,20CS,0.389453788
yield,CV2,20CS,M4,20LY,0.264058281
yield,CV2,20CS,M5,19CS,0.268225991
yield,CV2,20CS,M5,19TA,0.490984731
yield,CV2,20CS,M5,20CS,0.424083178
yield,CV2,20CS,M5,20LY,0.264713957
yield,CV2,20CS,M5,19CS,0.261530105
yield,CV2,20CS,M5,19TA,0.595594701
yield,CV2,20CS,M5,20CS,0.317497333
yield,CV2,20CS,M5,20LY,0.490938939
yield,CV2,20CS,M5,19CS,0.152426645
yield,CV2,20CS,M5,19TA,0.619034502
yield,CV2,20CS,M5,20CS,0.363975316
yield,CV2,20CS,M5,20LY,0.480854728
yield,CV2,20CS,M5,19CS,0.257216957
yield,CV2,20CS,M5,19TA,0.551374713
yield,CV2,20CS,M5,20CS,0.335682269
yield,CV2,20CS,M5,20LY,0.630749621
yield,CV2,20CS,M5,19CS,0.33568809
yield,CV2,20CS,M5,19TA,0.394360852
yield,CV2,20CS,M5,20CS,0.401966382
yield,CV2,20CS,M5,20LY,0.558889954
yield,CV2,20CS,M6,19CS,0.28801302
yield,CV2,20CS,M6,19TA,0.481460987
yield,CV2,20CS,M6,20CS,0.580616552
yield,CV2,20CS,M6,20LY,0.570765842
yield,CV2,20CS,M6,19CS,0.263532535
yield,CV2,20CS,M6,19TA,0.336655886
yield,CV2,20CS,M6,20CS,0.472866816
yield,CV2,20CS,M6,20LY,0.46608048
yield,CV2,20CS,M6,19CS,0.355781567
yield,CV2,20CS,M6,19TA,0.410639238
yield,CV2,20CS,M6,20CS,0.577572151
yield,CV2,20CS,M6,20LY,0.479394326
yield,CV2,20CS,M6,19CS,0.367361178
yield,CV2,20CS,M6,19TA,0.30522698
yield,CV2,20CS,M6,20CS,0.559976074
yield,CV2,20CS,M6,20LY,0.365595979
yield,CV2,20CS,M6,19CS,0.469008075
yield,CV2,20CS,M6,19TA,0.695924627
yield,CV2,20CS,M6,20CS,0.489666428
yield,CV2,20CS,M6,20LY,0.405752394
